date,open,high,low,close,adjusted_close,volume
2002-07-30,81.12000274658203,81.12999725341797,81.0,81.01000213623047,51.180049896240234,95300
2002-07-31,81.16999816894531,81.30999755859375,81.1500015258789,81.26000213623047,51.33797836303711,38800
2002-08-01,81.33000183105469,81.44999694824219,81.33000183105469,81.41999816894531,51.439090728759766,86800
2002-08-02,81.45999908447266,81.63999938964844,81.4000015258789,81.58000183105469,51.54018020629883,83400
2002-08-05,81.62999725341797,81.7300033569336,81.56999969482422,81.70999908447266,51.62230682373047,93100
2002-08-06,81.61000061035156,81.61000061035156,81.44999694824219,81.51000213623047,51.495948791503906,58200
2002-08-07,81.58999633789062,81.69000244140625,81.54000091552734,81.62999725341797,51.5717658996582,127000
2002-08-08,81.61000061035156,81.62000274658203,81.47000122070312,81.51000213623047,51.495948791503906,111800
2002-08-09,81.4800033569336,81.55999755859375,81.45999908447266,81.52999877929688,51.50857162475586,50900
2002-08-12,81.51000213623047,81.56999969482422,81.47000122070312,81.5199966430664,51.502296447753906,52300
2002-08-13,81.58999633789062,81.68000030517578,81.4800033569336,81.66000366210938,51.59076690673828,36200
2002-08-14,81.69000244140625,81.70999908447266,81.45999908447266,81.4800033569336,51.47700500488281,108700
2002-08-15,81.37999725341797,81.54000091552734,81.30000305175781,81.41000366210938,51.43275833129883,87700
2002-08-16,81.54000091552734,81.55000305175781,81.30999755859375,81.36000061035156,51.40117645263672,274500
2002-08-19,81.41000366210938,81.43000030517578,81.30999755859375,81.37000274658203,51.40751266479492,36000
2002-08-20,81.51000213623047,81.56999969482422,81.45999908447266,81.55999755859375,51.527557373046875,51400
2002-08-21,81.45999908447266,81.54000091552734,81.41999816894531,81.48999786376953,51.48331832885742,43100
2002-08-22,81.5,81.5,81.37999725341797,81.4000015258789,51.426422119140625,47700
2002-08-23,81.4800033569336,81.5199966430664,81.44000244140625,81.5,51.48959732055664,60900
2002-08-26,81.48999786376953,81.55000305175781,81.44999694824219,81.48999786376953,51.48331832885742,49700
2002-08-27,81.4000015258789,81.44999694824219,81.3499984741211,81.43000030517578,51.44542694091797,54700
2002-08-28,81.51000213623047,81.52999877929688,81.45999908447266,81.48999786376953,51.48331832885742,50600
2002-08-29,81.63999938964844,81.63999938964844,81.55000305175781,81.58000183105469,51.54018020629883,53700
2002-08-30,81.62999725341797,81.62999725341797,81.5199966430664,81.61000061035156,51.55909729003906,143800
2002-09-03,81.62000274658203,81.77999877929688,81.61000061035156,81.66999816894531,51.68122482299805,83000
2002-09-04,81.66999816894531,81.7300033569336,81.5999984741211,81.63999938964844,51.66230392456055,49500
2002-09-05,81.69000244140625,81.7300033569336,81.63999938964844,81.7300033569336,51.71925735473633,49000
2002-09-06,81.55000305175781,81.61000061035156,81.52999877929688,81.56999969482422,51.618011474609375,33700
2002-09-09,81.5199966430664,81.56999969482422,81.44999694824219,81.45999908447266,51.548362731933594,65200
2002-09-10,81.44000244140625,81.54000091552734,81.41999816894531,81.51000213623047,51.58000183105469,51000
2002-09-11,81.4000015258789,81.45999908447266,81.36000061035156,81.45999908447266,51.548362731933594,24700
2002-09-12,81.4800033569336,81.55000305175781,81.45999908447266,81.5199966430664,51.586360931396484,50100
2002-09-13,81.55000305175781,81.58999633789062,81.5199966430664,81.58000183105469,51.62431716918945,95100
2002-09-16,81.61000061035156,81.61000061035156,81.54000091552734,81.55000305175781,51.605342864990234,39000
2002-09-17,81.5199966430664,81.62000274658203,81.4800033569336,81.61000061035156,51.64326858520508,28800
2002-09-18,81.63999938964844,81.69999694824219,81.5999984741211,81.5999984741211,51.63695526123047,173700
2002-09-19,81.76000213623047,81.7699966430664,81.66000366210938,81.7699966430664,51.74452209472656,191100
2002-09-20,81.73999786376953,81.79000091552734,81.69999694824219,81.77999877929688,51.750831604003906,360800
2002-09-23,81.81999969482422,81.8499984741211,81.75,81.80000305175781,51.76357650756836,263600
2002-09-24,81.87000274658203,81.94000244140625,81.77999877929688,81.83999633789062,51.7888069152832,659400
2002-09-25,81.79000091552734,81.83000183105469,81.69999694824219,81.76000213623047,51.73820495605469,240400
2002-09-26,81.76000213623047,81.81999969482422,81.69000244140625,81.79000091552734,51.75721740722656,81100
2002-09-27,81.8499984741211,81.95999908447266,81.80999755859375,81.95999908447266,51.864723205566406,136200
2002-09-30,82.02999877929688,82.12999725341797,82.0,82.08000183105469,51.94071578979492,216900
2002-10-01,81.91000366210938,82.0,81.83999633789062,81.86000061035156,51.87733459472656,94100
2002-10-02,81.88999938964844,81.94999694824219,81.83000183105469,81.93000030517578,51.921695709228516,79400
2002-10-03,81.9000015258789,81.97000122070312,81.80000305175781,81.94000244140625,51.92801284790039,196500
2002-10-04,81.7699966430664,81.93000030517578,81.76000213623047,81.87000274658203,51.88365173339844,205600
2002-10-07,81.97000122070312,81.97000122070312,81.87999725341797,81.97000122070312,51.947044372558594,171600
2002-10-08,81.8499984741211,82.0,81.8499984741211,81.88999938964844,51.896385192871094,167100
2002-10-09,81.98999786376953,82.05999755859375,81.91999816894531,82.05999755859375,52.00404357910156,332800
2002-10-10,82.02999877929688,82.08000183105469,81.93000030517578,81.9800033569336,51.95335006713867,166200
2002-10-11,81.94999694824219,81.94999694824219,81.80000305175781,81.8499984741211,51.87101364135742,407000
2002-10-14,81.81999969482422,81.87999725341797,81.81999969482422,81.87000274658203,51.88365173339844,54500
2002-10-15,81.66999816894531,81.69999694824219,81.54000091552734,81.55999755859375,51.687225341796875,100800
2002-10-16,81.6500015258789,81.66999816894531,81.55000305175781,81.58999633789062,51.70623016357422,51300
2002-10-17,81.5199966430664,81.56999969482422,81.4800033569336,81.5199966430664,51.66187286376953,239200
2002-10-18,81.48999786376953,81.58999633789062,81.41000366210938,81.58999633789062,51.70623016357422,100600
2002-10-21,81.55999755859375,81.56999969482422,81.37000274658203,81.41000366210938,51.5921745300293,595800
2002-10-22,81.47000122070312,81.4800033569336,81.37000274658203,81.4000015258789,51.585845947265625,325800
2002-10-23,81.5,81.58000183105469,81.43000030517578,81.45999908447266,51.62378692626953,126700
2002-10-24,81.51000213623047,81.63999938964844,81.5,81.5999984741211,51.71261215209961,69400
2002-10-25,81.70999908447266,81.77999877929688,81.66000366210938,81.73999786376953,51.80127716064453,56000
2002-10-28,81.88999938964844,81.9000015258789,81.83000183105469,81.8499984741211,51.87101364135742,31100
2002-10-29,81.94000244140625,82.08999633789062,81.93000030517578,82.02999877929688,51.985042572021484,25000
2002-10-30,82.01000213623047,82.0999984741211,81.97000122070312,82.0199966430664,51.97871780395508,28800
2002-10-31,82.02999877929688,82.16999816894531,81.98999786376953,82.16000366210938,52.06747817993164,153700
2002-11-01,81.97000122070312,82.0199966430664,81.86000061035156,81.94000244140625,52.0122184753418,50300
2002-11-04,81.8499984741211,81.9000015258789,81.83000183105469,81.86000061035156,51.961463928222656,255200
2002-11-05,81.88999938964844,81.88999938964844,81.77999877929688,81.8499984741211,51.95512008666992,342100
2002-11-06,81.83999633789062,81.98999786376953,81.80000305175781,81.87999725341797,51.974143981933594,176100
2002-11-07,81.9000015258789,81.91999816894531,81.83999633789062,81.91999816894531,51.99951934814453,39900
2002-11-08,81.86000061035156,81.91000366210938,81.83000183105469,81.88999938964844,51.980525970458984,27800
2002-11-11,81.87000274658203,81.97000122070312,81.86000061035156,81.97000122070312,52.031272888183594,83800
2002-11-12,81.94000244140625,82.0,81.93000030517578,81.98999786376953,52.044010162353516,50300
2002-11-13,81.94000244140625,82.04000091552734,81.94000244140625,82.0,52.05030059814453,46400
2002-11-14,81.94000244140625,81.94000244140625,81.80000305175781,81.80000305175781,51.92338943481445,30900
2002-11-15,81.80000305175781,81.83999633789062,81.75,81.83999633789062,51.94871139526367,27500
2002-11-18,81.80000305175781,81.86000061035156,81.7699966430664,81.83999633789062,51.94871139526367,27300
2002-11-19,81.8499984741211,81.86000061035156,81.77999877929688,81.81999969482422,51.936058044433594,22400
2002-11-20,81.87999725341797,81.87999725341797,81.69999694824219,81.75,51.89161682128906,19400
2002-11-21,81.68000030517578,81.72000122070312,81.62999725341797,81.63999938964844,51.821815490722656,72500
2002-11-22,81.66000366210938,81.68000030517578,81.61000061035156,81.61000061035156,51.802791595458984,43400
2002-11-25,81.62000274658203,81.70999908447266,81.61000061035156,81.66000366210938,51.834476470947266,49100
2002-11-26,81.72000122070312,81.81999969482422,81.69000244140625,81.80999755859375,51.92973327636719,28500
2002-11-27,81.7300033569336,81.7300033569336,81.61000061035156,81.66999816894531,51.840850830078125,542100
2002-11-29,81.72000122070312,81.72000122070312,81.66999816894531,81.70999908447266,51.86626434326172,69100
2002-12-02,81.5,81.63999938964844,81.41999816894531,81.62000274658203,51.885292053222656,74100
2002-12-03,81.66000366210938,81.66000366210938,81.58000183105469,81.6500015258789,51.904415130615234,88900
2002-12-04,81.70999908447266,81.75,81.62000274658203,81.69999694824219,51.93613815307617,220000
2002-12-05,81.66999816894531,81.79000091552734,81.62999725341797,81.7699966430664,51.980674743652344,122300
2002-12-06,81.91000366210938,81.91000366210938,81.77999877929688,81.8499984741211,52.031578063964844,470600
2002-12-09,81.9000015258789,81.91999816894531,81.83999633789062,81.87000274658203,52.044246673583984,83500
2002-12-10,81.9000015258789,81.91000366210938,81.81999969482422,81.86000061035156,52.037811279296875,32500
2002-12-11,81.88999938964844,81.95999908447266,81.87999725341797,81.93000030517578,52.08237075805664,108700
2002-12-12,81.87999725341797,82.0,81.87000274658203,81.95999908447266,52.10145568847656,41200
2002-12-13,81.91999816894531,81.95999908447266,81.87999725341797,81.9000015258789,52.06330490112305,91600
2002-12-16,81.93000030517578,81.93000030517578,81.83000183105469,81.86000061035156,52.037811279296875,36500
2002-12-17,81.91999816894531,81.94000244140625,81.87000274658203,81.94000244140625,52.08871078491211,47200
2002-12-18,82.02999877929688,82.06999969482422,81.98999786376953,82.06999969482422,52.17133712768555,275400
2002-12-19,82.05999755859375,82.16000366210938,82.04000091552734,82.16000366210938,52.228607177734375,419200
2002-12-20,82.12000274658203,82.1500015258789,82.06999969482422,82.12000274658203,52.20317077636719,46800
2002-12-23,82.11000061035156,82.12999725341797,82.06999969482422,82.12999725341797,52.20952224731445,49100
2002-12-24,82.23999786376953,82.25,82.19999694824219,82.22000122070312,52.266700744628906,73300
2002-12-26,82.2300033569336,82.27999877929688,82.19000244140625,82.27999877929688,52.304893493652344,24800
2002-12-27,82.3499984741211,82.38999938964844,82.30000305175781,82.37999725341797,52.368465423583984,45600
2002-12-30,82.36000061035156,82.41999816894531,82.33999633789062,82.38999938964844,52.37479782104492,101400
2002-12-31,82.26000213623047,82.31999969482422,82.23999786376953,82.30999755859375,52.41236877441406,207600
2003-01-02,82.16000366210938,82.18000030517578,81.95999908447266,82.0,52.21498489379883,323800
2003-01-03,81.94000244140625,82.01000213623047,81.91000366210938,82.01000213623047,52.22133255004883,55100
2003-01-06,81.94999694824219,81.9800033569336,81.87000274658203,81.95999908447266,52.18950653076172,133000
2003-01-07,81.94000244140625,82.05999755859375,81.93000030517578,82.0199966430664,52.227684020996094,99900
2003-01-08,82.0999984741211,82.13999938964844,82.06999969482422,82.08999633789062,52.27225112915039,85000
2003-01-09,82.04000091552734,82.04000091552734,81.91000366210938,81.94000244140625,52.1767578125,120500
2003-01-10,82.05999755859375,82.05999755859375,81.94000244140625,82.05000305175781,52.24674987792969,43700
2003-01-13,82.0199966430664,82.05999755859375,81.97000122070312,82.02999877929688,52.23401641845703,71500
2003-01-14,82.0999984741211,82.11000061035156,82.04000091552734,82.05999755859375,52.25321960449219,40700
2003-01-15,82.0999984741211,82.16999816894531,82.08999633789062,82.08999633789062,52.27225112915039,199300
2003-01-16,82.08999633789062,82.13999938964844,82.0199966430664,82.13999938964844,52.304115295410156,31300
2003-01-17,82.20999908447266,82.22000122070312,82.12000274658203,82.12000274658203,52.29140853881836,40300
2003-01-21,82.16000366210938,82.2300033569336,82.12999725341797,82.22000122070312,52.35504913330078,92800
2003-01-22,82.19999694824219,82.27999877929688,82.19999694824219,82.27999877929688,52.39326477050781,48100
2003-01-23,82.19999694824219,82.2699966430664,82.19999694824219,82.2300033569336,52.36143493652344,49700
2003-01-24,82.26000213623047,82.30000305175781,82.22000122070312,82.22000122070312,52.35504913330078,134500
2003-01-27,82.25,82.2699966430664,82.19000244140625,82.22000122070312,52.35504913330078,333200
2003-01-28,82.2300033569336,82.25,82.16999816894531,82.23999786376953,52.36779022216797,1039400
2003-01-29,82.26000213623047,82.2699966430664,82.13999938964844,82.16999816894531,52.32324981689453,27400
2003-01-30,82.16000366210938,82.2699966430664,82.1500015258789,82.2699966430664,52.38689041137695,138300
2003-01-31,82.27999877929688,82.27999877929688,82.19999694824219,82.25,52.374141693115234,136600
2003-02-03,82.08999633789062,82.11000061035156,82.05000305175781,82.08000183105469,52.34354019165039,94800
2003-02-04,82.16999816894531,82.18000030517578,82.12000274658203,82.16999816894531,52.400970458984375,85700
2003-02-05,82.16999816894531,82.19999694824219,82.0999984741211,82.13999938964844,52.38181686401367,27300
2003-02-06,82.19999694824219,82.20999908447266,82.1500015258789,82.18000030517578,52.407283782958984,66400
2003-02-07,82.16000366210938,82.26000213623047,82.12000274658203,82.25,52.45195007324219,70100
2003-02-10,82.23999786376953,82.25,82.1500015258789,82.19000244140625,52.413726806640625,60900
2003-02-11,82.12999725341797,82.2300033569336,82.12999725341797,82.22000122070312,52.43281173706055,59000
2003-02-12,82.23999786376953,82.30000305175781,82.2300033569336,82.29000091552734,52.47746658325195,77900
2003-02-13,82.30000305175781,82.37999725341797,82.2699966430664,82.36000061035156,52.52208709716797,63500
2003-02-14,82.29000091552734,82.33000183105469,82.25,82.29000091552734,52.47746658325195,152100
2003-02-18,82.23999786376953,82.2699966430664,82.19000244140625,82.26000213623047,52.45835876464844,155900
2003-02-19,82.27999877929688,82.33000183105469,82.25,82.30000305175781,52.48384475708008,76800
2003-02-20,82.27999877929688,82.36000061035156,82.27999877929688,82.3499984741211,52.51572036743164,50000
2003-02-21,82.30999755859375,82.36000061035156,82.2699966430664,82.27999877929688,52.471099853515625,76400
2003-02-24,82.33999633789062,82.3499984741211,82.29000091552734,82.31999969482422,52.49661636352539,103100
2003-02-25,82.37999725341797,82.41999816894531,82.33999633789062,82.37000274658203,52.52846908569336,84200
2003-02-26,82.4000015258789,82.41000366210938,82.36000061035156,82.41000366210938,52.55398178100586,151800
2003-02-27,82.4000015258789,82.41000366210938,82.33999633789062,82.41000366210938,52.55398178100586,57400
2003-02-28,82.37000274658203,82.44999694824219,82.33000183105469,82.44999694824219,52.57950973510742,57100
2003-03-03,82.2699966430664,82.37000274658203,82.2699966430664,82.37000274658203,52.596744537353516,47900
2003-03-04,82.33000183105469,82.41000366210938,82.33000183105469,82.36000061035156,52.590309143066406,51400
2003-03-05,82.44000244140625,82.4800033569336,82.4000015258789,82.43000030517578,52.63507080078125,60200
2003-03-06,82.47000122070312,82.47000122070312,82.37999725341797,82.45999908447266,52.654232025146484,69100
2003-03-07,82.58000183105469,82.58000183105469,82.4800033569336,82.54000091552734,52.7053337097168,149300
2003-03-10,82.55000305175781,82.62999725341797,82.55000305175781,82.62000274658203,52.756378173828125,64900
2003-03-11,82.58999633789062,82.5999984741211,82.52999877929688,82.55000305175781,52.7116813659668,75400
2003-03-12,82.4800033569336,82.54000091552734,82.45999908447266,82.48999786376953,52.6733283996582,59800
2003-03-13,82.36000061035156,82.38999938964844,82.23999786376953,82.23999786376953,52.51377487182617,68100
2003-03-14,82.30999755859375,82.37999725341797,82.29000091552734,82.31999969482422,52.564842224121094,338700
2003-03-17,82.44999694824219,82.44999694824219,82.19000244140625,82.22000122070312,52.50094223022461,133700
2003-03-18,82.22000122070312,82.29000091552734,82.12999725341797,82.1500015258789,52.45624542236328,126800
2003-03-19,82.19999694824219,82.19999694824219,82.12000274658203,82.12999725341797,52.4434814453125,62700
2003-03-20,82.18000030517578,82.25,82.12000274658203,82.2300033569336,52.507347106933594,93200
2003-03-21,82.13999938964844,82.1500015258789,82.0199966430664,82.0199966430664,52.37322998046875,131400
2003-03-24,82.18000030517578,82.2300033569336,82.16999816894531,82.19999694824219,52.4881591796875,54800
2003-03-25,82.2699966430664,82.2699966430664,82.12000274658203,82.19999694824219,52.4881591796875,31000
2003-03-26,82.19000244140625,82.30000305175781,82.19000244140625,82.30000305175781,52.55205535888672,62600
2003-03-27,82.33999633789062,82.37000274658203,82.27999877929688,82.31999969482422,52.564842224121094,47700
2003-03-28,82.41999816894531,82.43000030517578,82.36000061035156,82.43000030517578,52.63507080078125,88700
2003-03-31,82.5,82.52999877929688,82.44999694824219,82.48999786376953,52.6733283996582,86900
2003-04-01,82.33000183105469,82.4000015258789,82.29000091552734,82.36000061035156,52.66179656982422,41300
2003-04-02,82.27999877929688,82.30000305175781,82.20999908447266,82.2699966430664,52.604270935058594,171700
2003-04-03,82.23999786376953,82.3499984741211,82.23999786376953,82.31999969482422,52.63629150390625,298000
2003-04-04,82.3499984741211,82.37999725341797,82.29000091552734,82.30000305175781,52.623512268066406,71700
2003-04-07,82.16999816894531,82.25,82.13999938964844,82.25,52.59151840209961,83600
2003-04-08,82.23999786376953,82.33000183105469,82.23999786376953,82.33000183105469,52.6426887512207,116800
2003-04-09,82.29000091552734,82.37999725341797,82.27999877929688,82.37999725341797,52.67464828491211,164800
2003-04-10,82.33000183105469,82.37000274658203,82.2699966430664,82.2699966430664,52.604270935058594,32100
2003-04-11,82.19999694824219,82.2699966430664,82.1500015258789,82.2300033569336,52.57872772216797,270100
2003-04-14,82.1500015258789,82.18000030517578,82.0999984741211,82.16000366210938,52.53401184082031,261700
2003-04-15,82.19000244140625,82.25,82.1500015258789,82.22000122070312,52.572330474853516,91500
2003-04-16,82.16000366210938,82.25,82.16000366210938,82.2300033569336,52.57872772216797,101300
2003-04-17,82.2699966430664,82.27999877929688,82.1500015258789,82.16000366210938,52.53401184082031,106800
2003-04-21,82.16000366210938,82.20999908447266,82.11000061035156,82.20999908447266,52.56591796875,37800
2003-04-22,82.25,82.2699966430664,82.18000030517578,82.19999694824219,52.559513092041016,225400
2003-04-23,82.26000213623047,82.2699966430664,82.19999694824219,82.26000213623047,52.59793472290039,145700
2003-04-24,82.30999755859375,82.37000274658203,82.30000305175781,82.33999633789062,52.6490478515625,45300
2003-04-25,82.37000274658203,82.43000030517578,82.33999633789062,82.41999816894531,52.700225830078125,346200
2003-04-28,82.41999816894531,82.44000244140625,82.3499984741211,82.4000015258789,52.68746566772461,164700
2003-04-29,82.36000061035156,82.37999725341797,82.30999755859375,82.33999633789062,52.6490478515625,68200
2003-04-30,82.38999938964844,82.5199966430664,82.37000274658203,82.51000213623047,52.757781982421875,81600
2003-05-01,82.41999816894531,82.45999908447266,82.36000061035156,82.37999725341797,52.757774353027344,90700
2003-05-02,82.41000366210938,82.41000366210938,82.29000091552734,82.29000091552734,52.700157165527344,68400
2003-05-05,82.29000091552734,82.36000061035156,82.26000213623047,82.3499984741211,52.738525390625,120700
2003-05-06,82.30000305175781,82.47000122070312,82.2300033569336,82.47000122070312,52.81539535522461,107400
2003-05-07,82.47000122070312,82.48999786376953,82.41999816894531,82.48999786376953,52.82819366455078,48200
2003-05-08,82.5,82.5,82.4000015258789,82.44999694824219,52.80261993408203,81900
2003-05-09,82.41000366210938,82.47000122070312,82.38999938964844,82.43000030517578,52.78980255126953,213900
2003-05-12,82.47000122070312,82.5199966430664,82.43000030517578,82.48999786376953,52.82819366455078,94800
2003-05-13,82.47000122070312,82.47000122070312,82.41000366210938,82.47000122070312,52.81539535522461,62600
2003-05-14,82.5,82.55999755859375,82.47000122070312,82.5199966430664,52.84746170043945,50500
2003-05-15,82.44000244140625,82.5199966430664,82.44000244140625,82.48999786376953,52.82819366455078,107600
2003-05-16,82.52999877929688,82.5999984741211,82.48999786376953,82.58000183105469,52.8858757019043,50000
2003-05-19,82.66999816894531,82.66999816894531,82.5999984741211,82.5999984741211,52.898712158203125,68700
2003-05-20,82.56999969482422,82.70999908447266,82.56999969482422,82.70999908447266,52.96914291381836,104800
2003-05-21,82.56999969482422,82.69000244140625,82.56999969482422,82.5999984741211,52.898712158203125,40400
2003-05-22,82.66999816894531,82.66999816894531,82.5999984741211,82.62999725341797,52.91786575317383,45500
2003-05-23,82.6500015258789,82.66999816894531,82.5999984741211,82.66000366210938,52.93707275390625,48400
2003-05-27,82.66000366210938,82.68000030517578,82.58999633789062,82.62999725341797,52.91786575317383,79100
2003-05-28,82.61000061035156,82.69000244140625,82.5999984741211,82.68000030517578,52.94988250732422,51200
2003-05-29,82.69000244140625,82.7300033569336,82.6500015258789,82.70999908447266,52.96914291381836,57400
2003-05-30,82.68000030517578,82.69000244140625,82.62000274658203,82.68000030517578,52.94988250732422,191900
2003-06-02,82.54000091552734,82.56999969482422,82.5,82.52999877929688,52.922367095947266,100300
2003-06-03,82.5999984741211,82.7300033569336,82.56999969482422,82.69000244140625,53.0248908996582,52700
2003-06-04,82.77999877929688,82.77999877929688,82.70999908447266,82.76000213623047,53.0698356628418,104100
2003-06-05,82.75,82.80000305175781,82.66999816894531,82.70999908447266,53.03777313232422,96100
2003-06-06,82.62000274658203,82.69999694824219,82.5999984741211,82.69000244140625,53.0248908996582,156100
2003-06-09,82.7699966430664,82.80000305175781,82.72000122070312,82.80000305175781,53.09548568725586,105900
2003-06-10,82.8499984741211,82.88999938964844,82.80000305175781,82.88999938964844,53.153194427490234,49100
2003-06-11,82.87999725341797,82.87999725341797,82.80999755859375,82.83000183105469,53.11466979980469,147300
2003-06-12,82.8499984741211,82.91999816894531,82.80999755859375,82.87999725341797,53.146759033203125,208400
2003-06-13,82.91999816894531,82.9800033569336,82.87000274658203,82.94999694824219,53.19167709350586,115700
2003-06-16,82.93000030517578,82.94000244140625,82.81999969482422,82.8499984741211,53.12751007080078,141300
2003-06-17,82.80000305175781,82.80000305175781,82.70999908447266,82.7300033569336,53.050575256347656,163700
2003-06-18,82.7300033569336,82.80000305175781,82.70999908447266,82.73999786376953,53.05698013305664,106600
2003-06-19,82.80999755859375,82.87000274658203,82.76000213623047,82.81999969482422,53.1082878112793,145300
2003-06-20,82.80000305175781,82.83999633789062,82.7699966430664,82.80000305175781,53.09548568725586,87900
2003-06-23,82.8499984741211,82.87999725341797,82.80999755859375,82.87999725341797,53.146759033203125,84900
2003-06-24,82.91999816894531,82.94999694824219,82.87000274658203,82.94000244140625,53.18519592285156,211300
2003-06-25,83.02999877929688,83.04000091552734,82.72000122070312,82.7699966430664,53.07625961303711,818400
2003-06-26,82.76000213623047,82.76000213623047,82.55999755859375,82.62000274658203,52.98003005981445,177200
2003-06-27,82.6500015258789,82.6500015258789,82.5199966430664,82.63999938964844,52.99287414550781,137300
2003-06-30,82.58999633789062,82.72000122070312,82.58999633789062,82.70999908447266,53.03777313232422,225300
2003-07-01,82.56999969482422,82.69000244140625,82.55000305175781,82.61000061035156,53.03903579711914,105900
2003-07-02,82.55000305175781,82.66000366210938,82.51000213623047,82.6500015258789,53.06473159790039,72100
2003-07-03,82.68000030517578,82.68000030517578,82.55999755859375,82.55999755859375,53.00695037841797,160900
2003-07-07,82.55999755859375,82.55999755859375,82.5,82.54000091552734,52.99409103393555,109500
2003-07-08,82.5199966430664,82.56999969482422,82.47000122070312,82.51000213623047,52.9748649597168,108700
2003-07-09,82.51000213623047,82.58000183105469,82.51000213623047,82.52999877929688,52.987693786621094,66600
2003-07-10,82.54000091552734,82.61000061035156,82.54000091552734,82.5999984741211,53.032630920410156,282900
2003-07-11,82.54000091552734,82.66000366210938,82.54000091552734,82.62999725341797,53.051841735839844,47700
2003-07-14,82.62999725341797,82.6500015258789,82.55000305175781,82.55999755859375,53.00695037841797,134100
2003-07-15,82.55000305175781,82.58000183105469,82.41000366210938,82.45999908447266,52.94272232055664,136700
2003-07-16,82.37999725341797,82.48999786376953,82.37000274658203,82.47000122070312,52.949161529541016,104100
2003-07-17,82.44000244140625,82.47000122070312,82.38999938964844,82.41999816894531,52.9169921875,84900
2003-07-18,82.44999694824219,82.47000122070312,82.37999725341797,82.41000366210938,52.91061782836914,116000
2003-07-21,82.36000061035156,82.4000015258789,82.25,82.2699966430664,52.82072830200195,96000
2003-07-22,82.31999969482422,82.36000061035156,82.27999877929688,82.3499984741211,52.872074127197266,146900
2003-07-23,82.43000030517578,82.47000122070312,82.38999938964844,82.38999938964844,52.897796630859375,221600
2003-07-24,82.33999633789062,82.41999816894531,82.33999633789062,82.37999725341797,52.89136505126953,111900
2003-07-25,82.37999725341797,82.47000122070312,82.37999725341797,82.41999816894531,52.9169921875,86500
2003-07-28,82.30999755859375,82.37000274658203,82.30000305175781,82.30999755859375,52.84645080566406,86400
2003-07-29,82.30000305175781,82.44000244140625,82.20999908447266,82.23999786376953,52.8015022277832,120500
2003-07-30,82.29000091552734,82.37999725341797,82.2699966430664,82.27999877929688,52.827125549316406,59000
2003-07-31,82.23999786376953,82.2699966430664,82.02999877929688,82.19000244140625,52.769386291503906,130700
2003-08-01,81.9000015258789,82.0999984741211,81.87999725341797,82.0,52.712833404541016,276500
2003-08-04,81.9800033569336,82.16999816894531,81.9800033569336,82.12999725341797,52.79636001586914,127300
2003-08-05,82.16000366210938,82.16000366210938,81.9000015258789,81.9800033569336,52.69997787475586,124500
2003-08-06,81.94000244140625,82.0999984741211,81.94000244140625,82.05999755859375,52.75136184692383,80000
2003-08-07,82.12000274658203,82.1500015258789,82.0199966430664,82.1500015258789,52.809207916259766,99100
2003-08-08,82.19999694824219,82.26000213623047,82.13999938964844,82.16999816894531,52.82209777832031,187100
2003-08-11,82.13999938964844,82.13999938964844,82.02999877929688,82.05999755859375,52.75136184692383,84800
2003-08-12,82.0999984741211,82.20999908447266,82.05000305175781,82.19999694824219,52.84136199951172,46100
2003-08-13,82.08999633789062,82.11000061035156,82.0,82.04000091552734,52.7385368347168,83200
2003-08-14,81.97000122070312,82.04000091552734,81.94000244140625,82.0199966430664,52.72566604614258,134600
2003-08-15,82.0999984741211,82.19999694824219,82.05000305175781,82.08000183105469,52.76421356201172,21100
2003-08-18,82.12000274658203,82.12000274658203,82.01000213623047,82.06999969482422,52.757747650146484,134100
2003-08-19,82.04000091552734,82.16999816894531,81.9800033569336,82.16999816894531,52.82209777832031,88900
2003-08-20,82.13999938964844,82.18000030517578,82.05999755859375,82.11000061035156,52.78353500366211,81200
2003-08-21,82.08000183105469,82.0999984741211,81.87999725341797,81.98999786376953,52.706382751464844,99200
2003-08-22,81.87999725341797,82.0199966430664,81.87999725341797,81.97000122070312,52.693538665771484,174500
2003-08-25,82.0,82.01000213623047,81.91000366210938,81.93000030517578,52.667789459228516,77100
2003-08-26,81.91999816894531,82.0199966430664,81.87999725341797,82.0199966430664,52.72566604614258,350400
2003-08-27,82.02999877929688,82.02999877929688,81.9000015258789,81.94000244140625,52.674198150634766,43300
2003-08-28,82.0199966430664,82.11000061035156,81.98999786376953,82.05999755859375,52.75136184692383,91000
2003-08-29,82.06999969482422,82.06999969482422,81.98999786376953,82.05000305175781,52.74496078491211,156800
2003-09-02,81.86000061035156,81.91000366210938,81.81999969482422,81.83999633789062,52.67607498168945,378800
2003-09-03,81.8499984741211,81.9000015258789,81.83000183105469,81.9000015258789,52.7147102355957,117700
2003-09-04,81.94000244140625,82.05000305175781,81.91999816894531,82.01000213623047,52.78548812866211,79900
2003-09-05,82.22000122070312,82.30000305175781,82.1500015258789,82.29000091552734,52.96570587158203,66800
2003-09-08,82.2300033569336,82.4000015258789,82.19000244140625,82.19000244140625,52.901363372802734,194400
2003-09-09,82.27999877929688,82.33000183105469,82.19999694824219,82.33000183105469,52.991424560546875,102100
2003-09-10,82.3499984741211,82.41999816894531,82.30999755859375,82.37999725341797,53.0236701965332,91000
2003-09-11,82.31999969482422,82.36000061035156,82.30000305175781,82.31999969482422,52.98499298095703,75800
2003-09-12,82.44999694824219,82.48999786376953,82.37000274658203,82.38999938964844,53.030067443847656,222200
2003-09-15,82.4000015258789,82.4800033569336,82.3499984741211,82.47000122070312,53.08156967163086,66200
2003-09-16,82.5,82.5,82.38999938964844,82.4800033569336,53.0880126953125,102200
2003-09-17,82.47000122070312,82.52999877929688,82.41999816894531,82.47000122070312,53.08156967163086,86400
2003-09-18,82.44999694824219,82.44999694824219,82.3499984741211,82.38999938964844,53.030067443847656,192800
2003-09-19,82.37999725341797,82.41000366210938,82.31999969482422,82.38999938964844,53.030067443847656,59500
2003-09-22,82.37000274658203,82.43000030517578,82.29000091552734,82.41999816894531,53.04937744140625,86700
2003-09-23,82.38999938964844,82.44000244140625,82.33999633789062,82.44000244140625,53.06227111816406,265000
2003-09-24,82.41000366210938,82.51000213623047,82.37000274658203,82.48999786376953,53.09443664550781,62400
2003-09-25,82.48999786376953,82.52999877929688,82.44999694824219,82.5,53.10090255737305,103100
2003-09-26,82.5199966430664,82.5999984741211,82.4800033569336,82.5999984741211,53.165279388427734,76100
2003-09-29,82.58999633789062,82.61000061035156,82.52999877929688,82.55999755859375,53.13950729370117,159300
2003-09-30,82.62000274658203,82.7300033569336,82.58000183105469,82.7300033569336,53.248985290527344,92900
2003-10-01,82.62000274658203,82.68000030517578,82.5999984741211,82.6500015258789,53.25731658935547,115000
2003-10-02,82.55000305175781,82.66000366210938,82.52999877929688,82.6500015258789,53.25731658935547,93500
2003-10-03,82.44000244140625,82.47000122070312,82.37999725341797,82.44000244140625,53.12200164794922,134300
2003-10-06,82.37999725341797,82.51000213623047,82.37999725341797,82.5,53.1606330871582,98900
2003-10-07,82.5,82.5,82.4000015258789,82.41999816894531,53.109107971191406,171400
2003-10-08,82.4000015258789,82.48999786376953,82.4000015258789,82.41999816894531,53.109107971191406,71900
2003-10-09,82.36000061035156,82.41000366210938,82.3499984741211,82.41000366210938,53.102657318115234,143600
2003-10-10,82.4800033569336,82.48999786376953,82.41000366210938,82.45999908447266,53.134857177734375,212200
2003-10-13,82.44999694824219,82.47000122070312,82.4000015258789,82.47000122070312,53.141300201416016,165500
2003-10-14,82.37000274658203,82.41999816894531,82.33999633789062,82.38999938964844,53.089759826660156,59900
2003-10-15,82.30000305175781,82.31999969482422,82.26000213623047,82.29000091552734,53.02532196044922,82300
2003-10-16,82.33000183105469,82.33999633789062,82.06999969482422,82.0999984741211,52.90290832519531,121800
2003-10-17,82.12000274658203,82.19999694824219,82.08000183105469,82.19999694824219,52.96734619140625,118200
2003-10-20,82.13999938964844,82.25,82.0999984741211,82.20999908447266,52.97379684448242,185700
2003-10-21,82.26000213623047,82.27999877929688,82.19000244140625,82.2300033569336,52.98668670654297,126400
2003-10-22,82.26000213623047,82.36000061035156,82.22000122070312,82.31999969482422,53.044639587402344,95300
2003-10-23,82.30999755859375,82.33999633789062,82.2300033569336,82.30000305175781,53.03178024291992,102000
2003-10-24,82.3499984741211,82.41000366210938,82.30000305175781,82.4000015258789,53.09622573852539,70700
2003-10-27,82.3499984741211,82.36000061035156,82.30000305175781,82.30999755859375,53.038272857666016,120100
2003-10-28,82.25,82.47000122070312,82.22000122070312,82.44999694824219,53.128440856933594,97600
2003-10-29,82.37999725341797,82.5,82.33999633789062,82.36000061035156,53.070430755615234,216500
2003-10-30,82.27999877929688,82.31999969482422,82.23999786376953,82.29000091552734,53.02532196044922,117500
2003-10-31,82.31999969482422,82.3499984741211,82.27999877929688,82.30000305175781,53.03178024291992,73900
2003-11-03,82.12999725341797,82.16999816894531,82.06999969482422,82.13999938964844,53.00017547607422,378300
2003-11-04,82.1500015258789,82.20999908447266,82.1500015258789,82.19999694824219,53.03888702392578,89900
2003-11-05,82.19999694824219,82.20999908447266,82.08000183105469,82.12000274658203,52.98727035522461,309100
2003-11-06,82.0199966430664,82.05999755859375,82.0,82.02999877929688,52.92917251586914,120900
2003-11-07,81.91999816894531,81.9800033569336,81.88999938964844,81.95999908447266,52.883968353271484,81900
2003-11-10,82.0,82.02999877929688,81.91000366210938,81.9800033569336,52.89695358276367,180300
2003-11-11,81.9000015258789,81.98999786376953,81.88999938964844,81.9800033569336,52.89695358276367,167300
2003-11-12,82.01000213623047,82.02999877929688,81.9800033569336,82.02999877929688,52.92917251586914,66200
2003-11-13,82.1500015258789,82.20999908447266,82.0999984741211,82.20999908447266,53.04533767700195,83800
2003-11-14,82.25,82.30999755859375,82.19999694824219,82.30999755859375,53.10988998413086,110200
2003-11-17,82.33999633789062,82.4000015258789,82.31999969482422,82.36000061035156,53.14213180541992,93000
2003-11-18,82.27999877929688,82.37000274658203,82.25,82.37000274658203,53.148555755615234,102300
2003-11-19,82.38999938964844,82.4000015258789,82.22000122070312,82.22000122070312,53.051761627197266,125300
2003-11-20,82.37999725341797,82.37999725341797,82.26000213623047,82.37999725341797,53.1550407409668,102200
2003-11-21,82.3499984741211,82.43000030517578,82.33000183105469,82.3499984741211,53.135643005371094,111100
2003-11-24,82.30000305175781,82.30999755859375,82.20999908447266,82.23999786376953,53.064697265625,99300
2003-11-25,82.2699966430664,82.3499984741211,82.2300033569336,82.33000183105469,53.1226921081543,165400
2003-11-26,82.2699966430664,82.30000305175781,82.19999694824219,82.23999786376953,53.064697265625,150100
2003-11-28,82.16000366210938,82.16000366210938,82.11000061035156,82.13999938964844,53.00017547607422,57800
2003-12-01,81.94000244140625,81.94999694824219,81.86000061035156,81.91999816894531,52.927825927734375,158100
2003-12-02,81.97000122070312,82.01000213623047,81.87000274658203,82.01000213623047,52.98593521118164,220300
2003-12-03,82.01000213623047,82.05000305175781,81.91000366210938,81.94000244140625,52.940673828125,254000
2003-12-04,81.9800033569336,82.04000091552734,81.94000244140625,82.0199966430664,52.992393493652344,76600
2003-12-05,82.23999786376953,82.30999755859375,82.18000030517578,82.27999877929688,53.16042709350586,105300
2003-12-08,82.27999877929688,82.27999877929688,82.18000030517578,82.19000244140625,53.10224914550781,110300
2003-12-09,82.26000213623047,82.30000305175781,82.04000091552734,82.13999938964844,53.06996154785156,92300
2003-12-10,82.22000122070312,82.25,82.1500015258789,82.23999786376953,53.134552001953125,489600
2003-12-11,82.20999908447266,82.43000030517578,82.16999816894531,82.41000366210938,53.244380950927734,214900
2003-12-12,82.44999694824219,82.48999786376953,82.3499984741211,82.38999938964844,53.231441497802734,113700
2003-12-15,82.37000274658203,82.41999816894531,82.30000305175781,82.37000274658203,53.21853256225586,139300
2003-12-16,82.38999938964844,82.41999816894531,82.31999969482422,82.41999816894531,53.46827697753906,107800
2003-12-17,82.4800033569336,82.48999786376953,82.38999938964844,82.43000030517578,53.47476577758789,130900
2003-12-18,82.41000366210938,82.44999694824219,82.33000183105469,82.44999694824219,53.48775863647461,134000
2003-12-19,82.41000366210938,82.5,82.37000274658203,82.47000122070312,53.500736236572266,97400
2003-12-22,82.5,82.51000213623047,82.37000274658203,82.41999816894531,53.46827697753906,81700
2003-12-23,82.4000015258789,82.4000015258789,82.2699966430664,82.29000091552734,53.383934020996094,121500
2003-12-24,82.41999816894531,82.4800033569336,82.4000015258789,82.4800033569336,53.50724411010742,97600
2003-12-26,82.52999877929688,82.55000305175781,82.5,82.55000305175781,53.55262756347656,151300
2003-12-29,82.5199966430664,82.5199966430664,82.43000030517578,82.44000244140625,53.48128128051758,101300
2003-12-30,82.44000244140625,82.52999877929688,82.41000366210938,82.4800033569336,53.50724411010742,97000
2003-12-31,82.38999938964844,82.4800033569336,82.3499984741211,82.47000122070312,53.57608413696289,191000
2004-01-02,82.37000274658203,82.37000274658203,82.19999694824219,82.2699966430664,53.446128845214844,142700
2004-01-05,82.25,82.27999877929688,82.19999694824219,82.27999877929688,53.452693939208984,272400
2004-01-06,82.29000091552734,82.43000030517578,82.29000091552734,82.37999725341797,53.51762771606445,243500
2004-01-07,82.4000015258789,82.47000122070312,82.37000274658203,82.44000244140625,53.55660629272461,115400
2004-01-08,82.41999816894531,82.45999908447266,82.4000015258789,82.44999694824219,53.56309127807617,104200
2004-01-09,82.62999725341797,82.69999694824219,82.5999984741211,82.6500015258789,53.693031311035156,196600
2004-01-12,82.66999816894531,82.7699966430664,82.63999938964844,82.69999694824219,53.72551345825195,116900
2004-01-13,82.69999694824219,82.80000305175781,82.66000366210938,82.80000305175781,53.790489196777344,160000
2004-01-14,82.75,82.80999755859375,82.70999908447266,82.72000122070312,53.738521575927734,252400
2004-01-15,82.69999694824219,82.7300033569336,82.66000366210938,82.70999908447266,53.731998443603516,279800
2004-01-16,82.72000122070312,82.76000213623047,82.6500015258789,82.6500015258789,53.693031311035156,111700
2004-01-20,82.66999816894531,82.72000122070312,82.62000274658203,82.69000244140625,53.7189826965332,288600
2004-01-21,82.69000244140625,82.73999786376953,82.66999816894531,82.73999786376953,53.75149917602539,267700
2004-01-22,82.73999786376953,82.80000305175781,82.69999694824219,82.80000305175781,53.790489196777344,237500
2004-01-23,82.80000305175781,82.83000183105469,82.66000366210938,82.68000030517578,53.71245574951172,113100
2004-01-26,82.69999694824219,82.69999694824219,82.62000274658203,82.62000274658203,53.673465728759766,421700
2004-01-27,82.62999725341797,82.73999786376953,82.62999725341797,82.72000122070312,53.738521575927734,137100
2004-01-28,82.73999786376953,82.80000305175781,82.30999755859375,82.51000213623047,53.60210037231445,221000
2004-01-29,82.52999877929688,82.52999877929688,82.41999816894531,82.52999877929688,53.61509704589844,353000
2004-01-30,82.58000183105469,82.58999633789062,82.51000213623047,82.56999969482422,53.641075134277344,108400
2004-02-02,82.45999908447266,82.51000213623047,82.41999816894531,82.4800033569336,53.65994644165039,240100
2004-02-03,82.4800033569336,82.55999755859375,82.4800033569336,82.55999755859375,53.71196746826172,148600
2004-02-04,82.52999877929688,82.55000305175781,82.5,82.51000213623047,53.6794548034668,94100
2004-02-05,82.52999877929688,82.55000305175781,82.41000366210938,82.44999694824219,53.64039611816406,256600
2004-02-06,82.58999633789062,82.58999633789062,82.54000091552734,82.58000183105469,53.72502136230469,177600
2004-02-09,82.5,82.61000061035156,82.5,82.61000061035156,53.74446105957031,96000
2004-02-10,82.56999969482422,82.56999969482422,82.5,82.5,53.67290496826172,236500
2004-02-11,82.47000122070312,82.69999694824219,82.47000122070312,82.62999725341797,53.75750732421875,510900
2004-02-12,82.66000366210938,82.68000030517578,82.62000274658203,82.66000366210938,53.77701187133789,167400
2004-02-13,82.72000122070312,82.77999877929688,82.69000244140625,82.77999877929688,53.855072021484375,133900
2004-02-17,82.73999786376953,82.75,82.69000244140625,82.70999908447266,53.80954360961914,129700
2004-02-18,82.77999877929688,82.77999877929688,82.69000244140625,82.72000122070312,53.81606674194336,122100
2004-02-19,82.69999694824219,82.76000213623047,82.68000030517578,82.76000213623047,53.84206771850586,153200
2004-02-20,82.72000122070312,82.72000122070312,82.63999938964844,82.66999816894531,53.783512115478516,124900
2004-02-23,82.69999694824219,82.76000213623047,82.68000030517578,82.75,53.83555603027344,133500
2004-02-24,82.76000213623047,82.80000305175781,82.72000122070312,82.76000213623047,53.84206771850586,156300
2004-02-25,82.80000305175781,82.81999969482422,82.76000213623047,82.81999969482422,53.8810920715332,119900
2004-02-26,82.80000305175781,82.81999969482422,82.76000213623047,82.79000091552734,53.86161422729492,227000
2004-02-27,82.80000305175781,82.8499984741211,82.79000091552734,82.8499984741211,53.900611877441406,148600
2004-03-01,82.73999786376953,82.73999786376953,82.6500015258789,82.70999908447266,53.88304901123047,175900
2004-03-02,82.69000244140625,82.69000244140625,82.56999969482422,82.62999725341797,53.8309211730957,218800
2004-03-03,82.55000305175781,82.61000061035156,82.51000213623047,82.56999969482422,53.7918701171875,188400
2004-03-04,82.58999633789062,82.6500015258789,82.54000091552734,82.63999938964844,53.837432861328125,191500
2004-03-05,82.87999725341797,82.88999938964844,82.81999969482422,82.81999969482422,53.954673767089844,451000
2004-03-08,82.94000244140625,82.95999908447266,82.88999938964844,82.94999694824219,54.0394172668457,152600
2004-03-09,82.94999694824219,83.0,82.91000366210938,83.0,54.07196044921875,114500
2004-03-10,82.93000030517578,82.98999786376953,82.91999816894531,82.94999694824219,54.0394172668457,251200
2004-03-11,83.0199966430664,83.02999877929688,82.9000015258789,83.0199966430664,54.084964752197266,162900
2004-03-12,83.0,83.0199966430664,82.93000030517578,82.95999908447266,54.0459098815918,133200
2004-03-15,82.94999694824219,82.97000122070312,82.88999938964844,82.91999816894531,54.01985549926758,141700
2004-03-16,82.91999816894531,83.02999877929688,82.87000274658203,82.9800033569336,54.05889892578125,165600
2004-03-17,83.04000091552734,83.04000091552734,82.97000122070312,82.9800033569336,54.05889892578125,147100
2004-03-18,82.9800033569336,83.0199966430664,82.91000366210938,82.94999694824219,54.0394172668457,455600
2004-03-19,82.9800033569336,83.0,82.93000030517578,82.9800033569336,54.05889892578125,127500
2004-03-22,82.98999786376953,83.02999877929688,82.97000122070312,83.02999877929688,54.09153747558594,233300
2004-03-23,83.0199966430664,83.05000305175781,83.0,83.05000305175781,54.10450744628906,208200
2004-03-24,83.05999755859375,83.06999969482422,83.0199966430664,83.06999969482422,54.11758041381836,245900
2004-03-25,83.05000305175781,83.06999969482422,83.0,83.05999755859375,54.11104202270508,181500
2004-03-26,83.08000183105469,83.08000183105469,82.94000244140625,82.9800033569336,54.05889892578125,344100
2004-03-29,82.87000274658203,82.91999816894531,82.86000061035156,82.91999816894531,54.01985549926758,174200
2004-03-30,82.94999694824219,82.95999908447266,82.87999725341797,82.91000366210938,54.0133056640625,190300
2004-03-31,82.91999816894531,82.98999786376953,82.91999816894531,82.97000122070312,54.05243682861328,179400
2004-04-01,82.83000183105469,82.83000183105469,82.73999786376953,82.75,53.98713302612305,270900
2004-04-02,82.45999908447266,82.63999938964844,82.41999816894531,82.45999908447266,53.7979621887207,412100
2004-04-05,82.41999816894531,82.43000030517578,82.37999725341797,82.37999725341797,53.745784759521484,291000
2004-04-06,82.44000244140625,82.51000213623047,82.43000030517578,82.4800033569336,53.81103515625,125900
2004-04-07,82.48999786376953,82.54000091552734,82.45999908447266,82.5,53.82408142089844,134300
2004-04-08,82.43000030517578,82.51000213623047,82.41999816894531,82.5,53.82408142089844,146500
2004-04-12,82.41999816894531,82.45999908447266,82.37999725341797,82.41999816894531,53.77190017700195,233600
2004-04-13,82.33999633789062,82.36000061035156,82.2699966430664,82.30999755859375,53.70017623901367,181500
2004-04-14,82.19000244140625,82.20999908447266,82.12000274658203,82.16999816894531,53.608787536621094,291200
2004-04-15,82.22000122070312,82.2300033569336,82.12999725341797,82.22000122070312,53.641387939453125,209300
2004-04-16,82.3499984741211,82.3499984741211,82.27999877929688,82.33000183105469,53.713111877441406,133100
2004-04-19,82.3499984741211,82.3499984741211,82.2300033569336,82.2300033569336,53.64791488647461,438900
2004-04-20,82.25,82.27999877929688,82.04000091552734,82.04000091552734,53.523990631103516,185400
2004-04-21,82.04000091552734,82.18000030517578,82.04000091552734,82.05000305175781,53.53047180175781,145200
2004-04-22,82.1500015258789,82.16999816894531,82.0999984741211,82.16999816894531,53.608787536621094,334000
2004-04-23,82.08999633789062,82.08999633789062,81.97000122070312,82.0,53.49782943725586,256800
2004-04-26,82.0199966430664,82.0199966430664,81.97000122070312,82.01000213623047,53.50436782836914,1060700
2004-04-27,82.01000213623047,82.11000061035156,81.98999786376953,82.11000061035156,53.569637298583984,978500
2004-04-28,82.08000183105469,82.08000183105469,81.94000244140625,81.94000244140625,53.458717346191406,229400
2004-04-29,81.97000122070312,82.04000091552734,81.88999938964844,81.93000030517578,53.452171325683594,1179200
2004-04-30,81.98999786376953,82.0199966430664,81.93000030517578,81.97000122070312,53.4782829284668,114700
2004-05-03,81.83000183105469,81.88999938964844,81.80999755859375,81.88999938964844,53.50181198120117,143000
2004-05-04,81.95999908447266,82.04000091552734,81.81999969482422,81.87000274658203,53.488746643066406,248800
2004-05-05,81.95999908447266,81.95999908447266,81.83999633789062,81.83999633789062,53.469112396240234,123400
2004-05-06,81.88999938964844,81.88999938964844,81.77999877929688,81.81999969482422,53.45609664916992,574000
2004-05-07,81.5999984741211,81.5999984741211,81.45999908447266,81.4800033569336,53.233951568603516,733300
2004-05-10,81.5999984741211,81.5999984741211,81.48999786376953,81.5199966430664,53.26006317138672,382200
2004-05-11,81.5,81.56999969482422,81.31999969482422,81.52999877929688,53.26658630371094,192400
2004-05-12,81.5999984741211,81.5999984741211,81.5199966430664,81.55000305175781,53.2796745300293,260000
2004-05-13,81.5,81.55000305175781,81.45999908447266,81.51000213623047,53.25354766845703,200200
2004-05-14,81.5199966430664,81.63999938964844,81.5199966430664,81.63999938964844,53.33851623535156,259600
2004-05-17,81.76000213623047,81.76000213623047,81.69000244140625,81.75,53.41037368774414,206600
2004-05-18,81.70999908447266,81.70999908447266,81.62999725341797,81.66999816894531,53.35807418823242,210500
2004-05-19,81.62999725341797,81.62999725341797,81.55999755859375,81.62999725341797,53.331947326660156,165000
2004-05-20,81.6500015258789,81.72000122070312,81.62999725341797,81.66999816894531,53.35807418823242,102200
2004-05-21,81.75,81.76000213623047,81.62999725341797,81.66999816894531,53.35807418823242,226400
2004-05-24,81.68000030517578,81.69000244140625,81.62000274658203,81.69000244140625,53.371131896972656,180700
2004-05-25,81.68000030517578,81.73999786376953,81.66000366210938,81.69000244140625,53.371131896972656,158200
2004-05-26,81.72000122070312,81.83999633789062,81.72000122070312,81.83999633789062,53.469112396240234,143800
2004-05-27,81.8499984741211,81.9000015258789,81.81999969482422,81.87999725341797,53.49531173706055,275000
2004-05-28,81.87999725341797,81.87999725341797,81.77999877929688,81.8499984741211,53.47568130493164,153400
2004-06-01,81.62999725341797,81.66999816894531,81.55000305175781,81.61000061035156,53.399749755859375,117700
2004-06-02,81.55999755859375,81.58999633789062,81.51000213623047,81.55999755859375,53.36708450317383,166400
2004-06-03,81.56999969482422,81.5999984741211,81.54000091552734,81.58000183105469,53.380149841308594,158500
2004-06-04,81.54000091552734,81.54000091552734,81.44999694824219,81.44999694824219,53.2950439453125,303000
2004-06-07,81.45999908447266,81.5199966430664,81.41999816894531,81.4800033569336,53.314693450927734,119300
2004-06-08,81.4800033569336,81.48999786376953,81.41000366210938,81.48999786376953,53.321266174316406,184300
2004-06-09,81.44000244140625,81.44000244140625,81.33000183105469,81.36000061035156,53.23617172241211,419300
2004-06-10,81.36000061035156,81.37999725341797,81.29000091552734,81.3499984741211,53.22966384887695,349900
2004-06-14,81.27999877929688,81.27999877929688,81.13999938964844,81.13999938964844,53.092262268066406,141200
2004-06-15,81.33000183105469,81.45999908447266,81.30000305175781,81.41000366210938,53.268924713134766,569800
2004-06-16,81.37999725341797,81.43000030517578,81.3499984741211,81.3499984741211,53.22966384887695,180200
2004-06-17,81.30999755859375,81.44999694824219,81.27999877929688,81.44999694824219,53.2950439453125,181000
2004-06-18,81.43000030517578,81.4800033569336,81.4000015258789,81.4000015258789,53.262367248535156,184000
2004-06-21,81.4800033569336,81.5,81.44000244140625,81.45999908447266,53.301612854003906,115800
2004-06-22,81.47000122070312,81.5,81.41999816894531,81.48999786376953,53.321266174316406,101900
2004-06-23,81.45999908447266,81.52999877929688,81.43000030517578,81.51000213623047,53.334346771240234,258200
2004-06-24,81.61000061035156,81.62999725341797,81.54000091552734,81.58999633789062,53.38666534423828,161500
2004-06-25,81.52999877929688,81.5999984741211,81.52999877929688,81.5999984741211,53.39323043823242,252000
2004-06-28,81.51000213623047,81.51000213623047,81.4000015258789,81.41000366210938,53.268924713134766,193700
2004-06-29,81.4000015258789,81.5,81.38999938964844,81.48999786376953,53.321266174316406,191100
2004-06-30,81.52999877929688,81.70999908447266,81.4800033569336,81.70999908447266,53.46521759033203,130900
2004-07-01,81.48999786376953,81.6500015258789,81.4800033569336,81.58000183105469,53.47637176513672,632000
2004-07-02,81.77999877929688,81.86000061035156,81.7300033569336,81.80000305175781,53.62059783935547,164900
2004-07-06,81.80000305175781,81.80000305175781,81.70999908447266,81.77999877929688,53.607479095458984,203300
2004-07-07,81.80999755859375,81.80999755859375,81.75,81.79000091552734,53.61400604248047,206500
2004-07-08,81.81999969482422,81.8499984741211,81.77999877929688,81.81999969482422,53.633705139160156,259600
2004-07-09,81.8499984741211,81.86000061035156,81.79000091552734,81.81999969482422,53.633705139160156,250200
2004-07-12,81.87999725341797,81.87999725341797,81.81999969482422,81.8499984741211,53.65333557128906,285500
2004-07-13,81.79000091552734,81.80999755859375,81.7300033569336,81.79000091552734,53.61400604248047,204800
2004-07-14,81.79000091552734,81.80000305175781,81.7300033569336,81.76000213623047,53.594329833984375,99800
2004-07-15,81.75,81.77999877929688,81.70999908447266,81.76000213623047,53.594329833984375,232400
2004-07-16,81.87000274658203,81.91999816894531,81.83000183105469,81.91999816894531,53.699222564697266,181100
2004-07-19,81.91999816894531,81.91999816894531,81.86000061035156,81.87999725341797,53.673038482666016,178900
2004-07-20,81.81999969482422,81.87999725341797,81.69999694824219,81.7300033569336,53.57465362548828,137500
2004-07-21,81.70999908447266,81.70999908447266,81.62999725341797,81.70999908447266,53.56159973144531,171400
2004-07-22,81.73999786376953,81.76000213623047,81.69000244140625,81.7300033569336,53.57465362548828,117100
2004-07-23,81.76000213623047,81.7699966430664,81.72000122070312,81.7300033569336,53.57465362548828,138700
2004-07-26,81.7300033569336,81.7300033569336,81.6500015258789,81.66999816894531,53.53535079956055,156000
2004-07-27,81.68000030517578,81.69000244140625,81.55999755859375,81.5999984741211,53.489479064941406,117500
2004-07-28,81.58999633789062,81.66999816894531,81.54000091552734,81.6500015258789,53.522239685058594,74400
2004-07-29,81.61000061035156,81.70999908447266,81.61000061035156,81.66999816894531,53.53535079956055,198500
2004-07-30,81.79000091552734,81.81999969482422,81.75,81.79000091552734,53.61400604248047,102200
2004-08-02,81.72000122070312,81.73999786376953,81.66000366210938,81.70999908447266,53.655357360839844,212200
2004-08-03,81.69000244140625,81.75,81.6500015258789,81.7300033569336,53.668514251708984,280700
2004-08-04,81.7300033569336,81.77999877929688,81.69999694824219,81.72000122070312,53.661922454833984,82900
2004-08-05,81.76000213623047,81.79000091552734,81.72000122070312,81.7699966430664,53.69478225708008,480600
2004-08-06,82.12999725341797,82.1500015258789,82.0199966430664,82.05999755859375,53.88520812988281,632300
2004-08-09,82.08999633789062,82.08999633789062,82.01000213623047,82.05000305175781,53.87866973876953,212400
2004-08-10,82.05000305175781,82.05999755859375,81.8499984741211,81.8499984741211,53.74730682373047,163000
2004-08-11,81.9000015258789,81.9800033569336,81.88999938964844,81.9800033569336,53.832672119140625,180000
2004-08-12,81.95999908447266,82.01000213623047,81.91000366210938,82.0,53.845802307128906,110700
2004-08-13,82.06999969482422,82.08999633789062,82.02999877929688,82.08000183105469,53.89836883544922,117100
2004-08-16,82.0,82.05999755859375,81.97000122070312,82.05999755859375,53.88520812988281,97600
2004-08-17,82.11000061035156,82.13999938964844,82.05999755859375,82.13999938964844,53.93771743774414,197400
2004-08-18,82.19000244140625,82.19999694824219,82.0999984741211,82.12000274658203,53.92461395263672,192000
2004-08-19,82.08000183105469,82.16999816894531,82.08000183105469,82.16999816894531,53.95745086669922,265400
2004-08-20,82.16000366210938,82.16999816894531,82.08999633789062,82.12000274658203,53.92461395263672,132500
2004-08-23,82.08000183105469,82.08000183105469,82.04000091552734,82.05000305175781,53.87866973876953,98600
2004-08-24,82.04000091552734,82.08999633789062,81.98999786376953,82.08999633789062,53.90494155883789,188000
2004-08-25,82.11000061035156,82.13999938964844,82.02999877929688,82.05999755859375,53.88520812988281,114800
2004-08-26,82.0999984741211,82.13999938964844,82.05999755859375,82.13999938964844,53.93771743774414,111400
2004-08-27,82.13999938964844,82.16000366210938,82.08999633789062,82.11000061035156,53.91807174682617,90500
2004-08-30,82.11000061035156,82.16000366210938,82.0999984741211,82.12999725341797,53.93117904663086,66100
2004-08-31,82.18000030517578,82.27999877929688,82.13999938964844,82.25,54.01000213623047,100200
2004-09-01,82.1500015258789,82.1500015258789,82.04000091552734,82.13999938964844,54.02442932128906,285100
2004-09-02,82.0999984741211,82.0999984741211,82.01000213623047,82.01000213623047,53.938968658447266,133700
2004-09-03,81.94000244140625,81.94000244140625,81.81999969482422,81.9000015258789,53.866615295410156,435400
2004-09-07,81.88999938964844,81.91000366210938,81.8499984741211,81.9000015258789,53.866615295410156,126900
2004-09-08,81.86000061035156,82.05000305175781,81.83999633789062,82.0199966430664,53.945533752441406,86800
2004-09-09,82.05000305175781,82.08000183105469,82.0,82.02999877929688,53.95207595825195,94500
2004-09-10,82.11000061035156,82.11000061035156,82.02999877929688,82.05000305175781,53.96525573730469,79600
2004-09-13,82.02999877929688,82.06999969482422,82.01000213623047,82.05999755859375,53.97181701660156,87000
2004-09-14,82.0,82.12000274658203,82.0,82.08000183105469,53.98500442504883,140200
2004-09-15,82.08000183105469,82.0999984741211,82.0199966430664,82.02999877929688,53.95207595825195,203000
2004-09-16,82.04000091552734,82.19999694824219,82.04000091552734,82.16999816894531,54.044166564941406,341400
2004-09-17,82.16999816894531,82.18000030517578,82.06999969482422,82.06999969482422,53.97835922241211,165600
2004-09-20,82.16000366210938,82.19999694824219,82.11000061035156,82.19999694824219,54.06388473510742,1060900
2004-09-21,82.16999816894531,82.18000030517578,82.05000305175781,82.08000183105469,53.98500442504883,133600
2004-09-22,82.12000274658203,82.16999816894531,82.06999969482422,82.16000366210938,54.037689208984375,153900
2004-09-23,82.20999908447266,82.20999908447266,82.01000213623047,82.05999755859375,53.97181701660156,441400
2004-09-24,82.0,82.02999877929688,81.94999694824219,82.01000213623047,53.938968658447266,194100
2004-09-27,82.08000183105469,82.08999633789062,82.02999877929688,82.05999755859375,53.97181701660156,105900
2004-09-28,82.0999984741211,82.12999725341797,82.05999755859375,82.11000061035156,54.004730224609375,282800
2004-09-29,82.05999755859375,82.05999755859375,81.9800033569336,82.01000213623047,53.938968658447266,117100
2004-09-30,81.95999908447266,82.05000305175781,81.91999816894531,82.04000091552734,53.95869064331055,228200
2004-10-01,81.87999725341797,81.9000015258789,81.80000305175781,81.8499984741211,53.920467376708984,451800
2004-10-04,81.80000305175781,81.87000274658203,81.80000305175781,81.86000061035156,53.92705535888672,98800
2004-10-05,81.87999725341797,81.9000015258789,81.83999633789062,81.87000274658203,53.9335823059082,168200
2004-10-06,81.88999938964844,81.88999938964844,81.80000305175781,81.80000305175781,53.88751220703125,133600
2004-10-07,81.81999969482422,81.83000183105469,81.73999786376953,81.7699966430664,53.867759704589844,160400
2004-10-08,82.0,82.0199966430664,81.94999694824219,81.9800033569336,54.006103515625,137900
2004-10-11,82.0199966430664,82.04000091552734,81.9800033569336,82.04000091552734,54.045650482177734,64800
2004-10-12,82.01000213623047,82.06999969482422,82.01000213623047,82.05999755859375,54.05880355834961,162700
2004-10-13,82.0199966430664,82.12000274658203,82.0,82.12000274658203,54.09834289550781,130600
2004-10-14,82.12999725341797,82.18000030517578,82.08999633789062,82.13999938964844,54.11145782470703,180400
2004-10-15,82.11000061035156,82.12999725341797,82.0,82.11000061035156,54.091766357421875,221900
2004-10-18,82.08999633789062,82.12000274658203,82.05999755859375,82.12000274658203,54.09834289550781,149000
2004-10-19,82.02999877929688,82.0999984741211,82.0199966430664,82.08999633789062,54.07857131958008,297400
2004-10-20,82.0999984741211,82.16000366210938,82.08999633789062,82.16000366210938,54.124725341796875,164000
2004-10-21,82.13999938964844,82.16999816894531,82.05999755859375,82.05999755859375,54.05880355834961,161300
2004-10-22,82.0999984741211,82.13999938964844,82.06999969482422,82.13999938964844,54.11145782470703,106700
2004-10-25,82.19999694824219,82.19999694824219,82.13999938964844,82.16999816894531,54.13128662109375,120600
2004-10-26,82.19000244140625,82.19000244140625,82.12999725341797,82.16000366210938,54.124725341796875,121300
2004-10-27,82.16000366210938,82.19000244140625,82.02999877929688,82.05000305175781,54.052242279052734,263400
2004-10-28,82.06999969482422,82.11000061035156,82.01000213623047,82.08000183105469,54.07200622558594,102800
2004-10-29,82.12999725341797,82.1500015258789,82.06999969482422,82.1500015258789,54.11811065673828,181800
2004-11-01,81.98999786376953,82.0199966430664,81.91999816894531,81.95999908447266,54.08376693725586,237800
2004-11-02,81.97000122070312,82.0,81.9000015258789,82.0,54.11018753051758,303600
2004-11-03,81.9000015258789,81.98999786376953,81.86000061035156,81.98999786376953,54.10358428955078,232000
2004-11-04,81.95999908447266,82.0,81.87999725341797,81.91999816894531,54.057334899902344,279700
2004-11-05,81.75,81.77999877929688,81.69000244140625,81.70999908447266,53.918827056884766,335100
2004-11-08,81.70999908447266,81.72000122070312,81.62000274658203,81.66999816894531,53.89239501953125,224400
2004-11-09,81.7300033569336,81.73999786376953,81.68000030517578,81.7300033569336,53.932010650634766,198700
2004-11-10,81.69999694824219,81.72000122070312,81.62000274658203,81.62999725341797,53.86602020263672,170600
2004-11-11,81.66000366210938,81.7300033569336,81.5999984741211,81.69000244140625,53.905609130859375,121500
2004-11-12,81.69000244140625,81.7300033569336,81.63999938964844,81.66999816894531,53.89239501953125,179500
2004-11-15,81.68000030517578,81.69999694824219,81.61000061035156,81.66999816894531,53.89239501953125,210300
2004-11-16,81.5999984741211,81.6500015258789,81.58999633789062,81.61000061035156,53.852867126464844,143600
2004-11-17,81.66000366210938,81.7300033569336,81.62999725341797,81.7300033569336,53.932010650634766,122300
2004-11-18,81.69999694824219,81.72000122070312,81.6500015258789,81.72000122070312,53.925392150878906,287700
2004-11-19,81.69000244140625,81.69999694824219,81.55999755859375,81.58999633789062,53.839637756347656,209400
2004-11-22,81.62000274658203,81.62999725341797,81.56999969482422,81.61000061035156,53.852867126464844,466700
2004-11-23,81.5999984741211,81.66000366210938,81.55000305175781,81.5999984741211,53.84622573852539,262600
2004-11-24,81.58999633789062,81.62000274658203,81.55000305175781,81.58999633789062,53.839637756347656,184200
2004-11-26,81.51000213623047,81.55000305175781,81.5,81.51000213623047,53.78680419921875,138700
2004-11-29,81.5,81.5199966430664,81.47000122070312,81.5199966430664,53.79338836669922,144100
2004-11-30,81.51000213623047,81.5999984741211,81.51000213623047,81.54000091552734,53.80665588378906,398000
2004-12-01,81.5199966430664,81.5199966430664,81.41999816894531,81.44999694824219,53.84296798706055,188300
2004-12-02,81.4000015258789,81.44000244140625,81.33999633789062,81.41999816894531,53.82316207885742,227800
2004-12-03,81.58999633789062,81.63999938964844,81.56999969482422,81.5999984741211,53.94217300415039,418300
2004-12-06,81.58000183105469,81.62999725341797,81.54000091552734,81.61000061035156,53.94875717163086,197200
2004-12-07,81.58999633789062,81.61000061035156,81.51000213623047,81.61000061035156,53.94875717163086,516500
2004-12-08,81.55000305175781,81.66999816894531,81.55000305175781,81.63999938964844,53.96862030029297,141300
2004-12-09,81.63999938964844,81.69999694824219,81.58999633789062,81.62999725341797,53.961978912353516,263600
2004-12-10,81.6500015258789,81.66000366210938,81.5999984741211,81.63999938964844,53.96862030029297,245900
2004-12-13,81.5999984741211,81.63999938964844,81.54000091552734,81.58000183105469,53.928916931152344,237400
2004-12-14,81.58999633789062,81.63999938964844,81.52999877929688,81.5999984741211,53.94217300415039,300400
2004-12-15,81.6500015258789,81.68000030517578,81.61000061035156,81.68000030517578,53.99501037597656,325700
2004-12-16,81.62999725341797,81.66999816894531,81.52999877929688,81.58999633789062,53.935546875,326100
2004-12-17,81.5199966430664,81.5999984741211,81.5199966430664,81.55999755859375,53.915679931640625,92700
2004-12-20,81.58999633789062,81.61000061035156,81.51000213623047,81.55999755859375,53.915679931640625,260100
2004-12-21,81.55000305175781,81.58000183105469,81.5199966430664,81.56999969482422,53.922325134277344,283300
2004-12-22,81.56999969482422,81.58999633789062,81.52999877929688,81.56999969482422,53.922325134277344,709900
2004-12-23,81.62999725341797,81.62999725341797,81.54000091552734,81.55000305175781,53.909088134765625,417600
2004-12-27,81.54000091552734,81.56999969482422,81.47000122070312,81.5,53.876060485839844,142900
2004-12-28,81.51000213623047,81.55999755859375,81.4800033569336,81.52999877929688,53.89590072631836,243500
2004-12-29,81.55999755859375,81.55999755859375,81.4800033569336,81.5199966430664,53.88922119140625,214600
2004-12-30,81.5199966430664,81.58999633789062,81.48999786376953,81.55000305175781,53.909088134765625,208000
2004-12-31,81.44999694824219,81.47000122070312,81.41000366210938,81.43000030517578,53.93161392211914,170600
2005-01-03,81.37000274658203,81.44999694824219,81.37000274658203,81.44000244140625,53.93821716308594,370200
2005-01-04,81.41000366210938,81.41999816894531,81.26000213623047,81.26000213623047,53.81904220581055,425300
2005-01-05,81.26000213623047,81.31999969482422,81.23999786376953,81.27999877929688,53.83222198486328,273500
2005-01-06,81.30000305175781,81.37000274658203,81.30000305175781,81.31999969482422,53.85874557495117,318800
2005-01-07,81.33000183105469,81.33999633789062,81.29000091552734,81.33000183105469,53.86539077758789,142500
2005-01-10,81.31999969482422,81.33000183105469,81.26000213623047,81.27999877929688,53.83222198486328,296100
2005-01-11,81.31999969482422,81.31999969482422,81.2699966430664,81.30000305175781,53.845523834228516,296000
2005-01-12,81.29000091552734,81.37000274658203,81.29000091552734,81.30999755859375,53.85212707519531,126400
2005-01-13,81.37000274658203,81.41000366210938,81.33999633789062,81.41000366210938,53.91836929321289,104500
2005-01-14,81.3499984741211,81.38999938964844,81.27999877929688,81.37000274658203,53.891876220703125,213100
2005-01-18,81.26000213623047,81.33999633789062,81.26000213623047,81.33999633789062,53.872032165527344,167000
2005-01-19,81.33999633789062,81.3499984741211,81.27999877929688,81.3499984741211,53.87860107421875,221700
2005-01-20,81.37000274658203,81.43000030517578,81.33999633789062,81.41999816894531,53.924983978271484,156500
2005-01-21,81.4000015258789,81.5,81.4000015258789,81.5,53.97795486450195,188000
2005-01-24,81.48999786376953,81.48999786376953,81.4000015258789,81.44999694824219,53.94485092163086,325700
2005-01-25,81.43000030517578,81.43000030517578,81.36000061035156,81.41999816894531,53.924983978271484,219300
2005-01-26,81.37999725341797,81.44000244140625,81.37000274658203,81.38999938964844,53.90514373779297,114100
2005-01-27,81.37000274658203,81.37999725341797,81.33000183105469,81.37000274658203,53.891876220703125,273700
2005-01-28,81.4000015258789,81.44999694824219,81.38999938964844,81.41000366210938,53.91836929321289,101400
2005-01-31,81.4000015258789,81.41000366210938,81.33999633789062,81.4000015258789,53.91176223754883,179500
2005-02-01,81.23999786376953,81.27999877929688,81.22000122070312,81.25,53.925682067871094,215200
2005-02-02,81.2300033569336,81.2699966430664,81.19999694824219,81.22000122070312,53.905784606933594,179400
2005-02-03,81.1500015258789,81.19999694824219,81.1500015258789,81.16999816894531,53.87257385253906,270600
2005-02-04,81.25,81.30000305175781,81.19999694824219,81.25,53.925682067871094,451400
2005-02-07,81.23999786376953,81.25,81.19000244140625,81.2300033569336,53.91240692138672,345800
2005-02-08,81.20999908447266,81.2300033569336,81.16999816894531,81.19999694824219,53.892486572265625,154400
2005-02-09,81.23999786376953,81.37000274658203,81.23999786376953,81.3499984741211,53.9920654296875,415000
2005-02-10,81.33999633789062,81.33999633789062,81.26000213623047,81.29000091552734,53.9522705078125,506600
2005-02-11,81.30000305175781,81.31999969482422,81.22000122070312,81.25,53.925682067871094,298600
2005-02-14,81.25,81.25,81.18000030517578,81.20999908447266,53.89912033081055,640800
2005-02-15,81.19000244140625,81.23999786376953,81.19000244140625,81.22000122070312,53.905784606933594,261000
2005-02-16,81.22000122070312,81.26000213623047,81.13999938964844,81.18000030517578,53.87924575805664,163100
2005-02-17,81.18000030517578,81.2300033569336,81.1500015258789,81.22000122070312,53.905784606933594,443800
2005-02-18,81.16999816894531,81.19000244140625,81.0999984741211,81.11000061035156,53.83275604248047,199100
2005-02-22,81.11000061035156,81.16999816894531,81.11000061035156,81.13999938964844,53.8526611328125,177600
2005-02-23,81.13999938964844,81.19999694824219,81.12999725341797,81.12999725341797,53.84602737426758,727500
2005-02-24,81.12999725341797,81.16999816894531,81.08000183105469,81.11000061035156,53.83275604248047,223400
2005-02-25,81.11000061035156,81.11000061035156,81.05000305175781,81.06999969482422,53.80619430541992,595100
2005-02-28,81.05999755859375,81.08000183105469,80.94999694824219,81.0199966430664,53.77301025390625,502900
2005-03-01,80.9000015258789,80.91000366210938,80.81999969482422,80.83999633789062,53.761695861816406,265100
2005-03-02,80.87999725341797,80.93000030517578,80.83999633789062,80.88999938964844,53.79499053955078,390100
2005-03-03,80.93000030517578,80.94999694824219,80.87000274658203,80.91999816894531,53.81489944458008,1341100
2005-03-04,80.9800033569336,80.9800033569336,80.91000366210938,80.91999816894531,53.81489944458008,438000
2005-03-07,80.9000015258789,80.94999694824219,80.87999725341797,80.88999938964844,53.79499053955078,429300
2005-03-08,80.87999725341797,80.88999938964844,80.81999969482422,80.88999938964844,53.79499053955078,242400
2005-03-09,80.81999969482422,80.9000015258789,80.81999969482422,80.86000061035156,53.775020599365234,376400
2005-03-10,80.87000274658203,80.87000274658203,80.79000091552734,80.80000305175781,53.735103607177734,236900
2005-03-11,80.83000183105469,80.83000183105469,80.73999786376953,80.77999877929688,53.721832275390625,758700
2005-03-14,80.77999877929688,80.77999877929688,80.72000122070312,80.75,53.701866149902344,214900
2005-03-15,80.76000213623047,80.79000091552734,80.72000122070312,80.72000122070312,53.68193435668945,258900
2005-03-16,80.81999969482422,80.87999725341797,80.77999877929688,80.81999969482422,53.74842071533203,376100
2005-03-17,80.87999725341797,80.9000015258789,80.81999969482422,80.8499984741211,53.76839828491211,224400
2005-03-18,80.8499984741211,80.8499984741211,80.80000305175781,80.80999755859375,53.74175262451172,111200
2005-03-21,80.80999755859375,80.86000061035156,80.79000091552734,80.86000061035156,53.775020599365234,1622400
2005-03-22,80.87000274658203,80.91999816894531,80.68000030517578,80.72000122070312,53.68193435668945,1623900
2005-03-23,80.66000366210938,80.72000122070312,80.62000274658203,80.70999908447266,53.675270080566406,216000
2005-03-24,80.70999908447266,80.76000213623047,80.66999816894531,80.7300033569336,53.68856430053711,270500
2005-03-28,80.69000244140625,80.70999908447266,80.6500015258789,80.69000244140625,53.6619758605957,865700
2005-03-29,80.68000030517578,80.75,80.68000030517578,80.75,53.701866149902344,263600
2005-03-30,80.70999908447266,80.77999877929688,80.70999908447266,80.76000213623047,53.70851516723633,168300
2005-03-31,80.80000305175781,80.87000274658203,80.79000091552734,80.87000274658203,53.781700134277344,189200
2005-04-01,80.7300033569336,80.7699966430664,80.6500015258789,80.7300033569336,53.81498718261719,779200
2005-04-04,80.72000122070312,80.77999877929688,80.69999694824219,80.7300033569336,53.81498718261719,543700
2005-04-05,80.7699966430664,80.77999877929688,80.70999908447266,80.75,53.82834243774414,134500
2005-04-06,80.77999877929688,80.83000183105469,80.7699966430664,80.80999755859375,53.86833572387695,175200
2005-04-07,80.83999633789062,80.86000061035156,80.7699966430664,80.77999877929688,53.848365783691406,294200
2005-04-08,80.7300033569336,80.77999877929688,80.72000122070312,80.7699966430664,53.84165573120117,136900
2005-04-11,80.75,80.80000305175781,80.72000122070312,80.7699966430664,53.84165573120117,208000
2005-04-12,80.75,80.87999725341797,80.7300033569336,80.81999969482422,53.8750114440918,140300
2005-04-13,80.87000274658203,80.94000244140625,80.8499984741211,80.94000244140625,53.95503616333008,262800
2005-04-14,80.94999694824219,81.04000091552734,80.94000244140625,81.01000213623047,54.001617431640625,163100
2005-04-15,81.08000183105469,81.13999938964844,81.01000213623047,81.13999938964844,54.08828353881836,292000
2005-04-18,81.13999938964844,81.18000030517578,81.08000183105469,81.0999984741211,54.061668395996094,725600
2005-04-19,81.08000183105469,81.22000122070312,81.08000183105469,81.19999694824219,54.12832260131836,1463600
2005-04-20,81.0999984741211,81.19999694824219,81.06999969482422,81.16999816894531,54.10829162597656,496600
2005-04-21,81.11000061035156,81.13999938964844,81.01000213623047,81.02999877929688,54.014976501464844,200900
2005-04-22,81.12000274658203,81.12000274658203,81.02999877929688,81.05000305175781,54.028343200683594,141300
2005-04-25,81.06999969482422,81.06999969482422,81.02999877929688,81.06999969482422,54.04166030883789,315100
2005-04-26,81.08000183105469,81.08999633789062,80.98999786376953,81.05000305175781,54.028343200683594,192400
2005-04-27,81.12999725341797,81.1500015258789,81.05999755859375,81.11000061035156,54.068294525146484,479900
2005-04-28,81.18000030517578,81.20999908447266,81.13999938964844,81.18000030517578,54.11500549316406,273700
2005-04-29,81.1500015258789,81.18000030517578,81.08000183105469,81.0999984741211,54.061668395996094,428400
2005-05-02,80.9000015258789,80.94999694824219,80.87000274658203,80.91999816894531,54.06834030151367,246600
2005-05-03,80.91999816894531,80.9800033569336,80.87999725341797,80.97000122070312,54.101741790771484,303200
2005-05-04,80.9800033569336,81.01000213623047,80.94000244140625,81.0,54.121768951416016,621300
2005-05-05,81.06999969482422,81.12999725341797,81.0,81.08000183105469,54.175254821777344,214600
2005-05-06,80.93000030517578,80.94000244140625,80.83999633789062,80.9000015258789,54.05493927001953,213600
2005-05-09,80.86000061035156,80.87000274658203,80.81999969482422,80.86000061035156,54.02824783325195,118700
2005-05-10,80.87000274658203,80.95999908447266,80.86000061035156,80.91999816894531,54.06834030151367,229200
2005-05-11,80.98999786376953,81.02999877929688,80.94999694824219,80.97000122070312,54.101741790771484,92800
2005-05-12,80.95999908447266,81.01000213623047,80.88999938964844,81.01000213623047,54.12847137451172,216200
2005-05-13,81.06999969482422,81.11000061035156,81.02999877929688,81.0999984741211,54.188629150390625,129900
2005-05-16,81.12999725341797,81.12999725341797,81.08000183105469,81.08000183105469,54.175254821777344,129300
2005-05-17,81.12000274658203,81.1500015258789,81.08000183105469,81.08000183105469,54.175254821777344,118800
2005-05-18,81.16000366210938,81.20999908447266,81.12000274658203,81.16000366210938,54.22871780395508,302100
2005-05-19,81.08999633789062,81.13999938964844,81.04000091552734,81.04000091552734,54.148536682128906,200900
2005-05-20,81.08000183105469,81.08999633789062,81.0199966430664,81.04000091552734,54.148536682128906,143500
2005-05-23,81.08999633789062,81.12000274658203,81.05999755859375,81.08999633789062,54.18195724487305,1662900
2005-05-24,81.11000061035156,81.13999938964844,81.08999633789062,81.13999938964844,54.2153205871582,123700
2005-05-25,81.20999908447266,81.20999908447266,81.11000061035156,81.16999816894531,54.2353515625,228300
2005-05-26,81.12999725341797,81.1500015258789,81.0999984741211,81.13999938964844,54.2153205871582,191400
2005-05-27,81.12000274658203,81.16999816894531,81.11000061035156,81.16999816894531,54.2353515625,130100
2005-05-31,81.16999816894531,81.23999786376953,81.1500015258789,81.2300033569336,54.27547073364258,164200
2005-06-01,81.02999877929688,81.29000091552734,81.02999877929688,81.19999694824219,54.38260269165039,782400
2005-06-02,81.13999938964844,81.19000244140625,81.12000274658203,81.16999816894531,54.36252975463867,401400
2005-06-03,81.2300033569336,81.2300033569336,81.05999755859375,81.06999969482422,54.29557800292969,180400
2005-06-06,81.0999984741211,81.12000274658203,81.05000305175781,81.11000061035156,54.322330474853516,1264700
2005-06-07,81.1500015258789,81.1500015258789,81.06999969482422,81.12999725341797,54.335723876953125,190000
2005-06-08,81.1500015258789,81.1500015258789,81.08000183105469,81.11000061035156,54.322330474853516,149300
2005-06-09,81.08000183105469,81.08000183105469,81.01000213623047,81.05999755859375,54.28885269165039,338200
2005-06-10,81.01000213623047,81.02999877929688,80.94999694824219,80.98999786376953,54.24199295043945,313900
2005-06-13,81.0,81.01000213623047,80.94999694824219,80.98999786376953,54.24199295043945,153100
2005-06-14,81.0,81.01000213623047,80.97000122070312,81.01000213623047,54.2553596496582,264200
2005-06-15,80.98999786376953,81.0199966430664,80.94999694824219,80.98999786376953,54.24199295043945,135000
2005-06-16,80.98999786376953,81.05999755859375,80.95999908447266,81.05999755859375,54.28885269165039,379600
2005-06-17,81.02999877929688,81.05999755859375,81.0,81.05000305175781,54.28216552734375,887800
2005-06-20,81.0199966430664,81.04000091552734,81.0,81.02999877929688,54.268768310546875,211600
2005-06-21,81.05000305175781,81.08999633789062,81.0199966430664,81.04000091552734,54.275455474853516,253700
2005-06-22,81.16000366210938,81.22000122070312,81.08000183105469,81.22000122070312,54.396034240722656,274500
2005-06-23,81.19000244140625,81.20999908447266,81.12999725341797,81.19000244140625,54.37595748901367,198300
2005-06-24,81.27999877929688,81.27999877929688,81.20999908447266,81.2300033569336,54.4027099609375,383000
2005-06-27,81.25,81.2699966430664,81.20999908447266,81.26000213623047,54.42280578613281,144500
2005-06-28,81.19999694824219,81.2300033569336,81.16999816894531,81.16999816894531,54.36252975463867,189000
2005-06-29,81.25,81.25,81.1500015258789,81.19000244140625,54.37595748901367,291500
2005-06-30,81.25,81.26000213623047,81.1500015258789,81.23999786376953,54.409393310546875,474900
2005-07-01,81.01000213623047,81.01000213623047,80.80999755859375,80.83000183105469,54.25905227661133,206400
2005-07-05,80.83999633789062,80.88999938964844,80.80999755859375,80.8499984741211,54.27252197265625,198600
2005-07-06,80.83000183105469,80.9000015258789,80.83000183105469,80.9000015258789,54.30599594116211,130500
2005-07-07,80.98999786376953,81.01000213623047,80.94000244140625,80.97000122070312,54.353004455566406,151400
2005-07-08,80.95999908447266,80.95999908447266,80.86000061035156,80.87999725341797,54.292579650878906,126300
2005-07-11,80.86000061035156,80.86000061035156,80.80000305175781,80.81999969482422,54.25231170654297,1435900
2005-07-12,80.8499984741211,80.87000274658203,80.80999755859375,80.81999969482422,54.25231170654297,168100
2005-07-13,80.83000183105469,80.86000061035156,80.81999969482422,80.83000183105469,54.25905227661133,404800
2005-07-14,80.87999725341797,80.87999725341797,80.80999755859375,80.83000183105469,54.25905227661133,280300
2005-07-15,80.80999755859375,80.87000274658203,80.80000305175781,80.83999633789062,54.265769958496094,299200
2005-07-18,80.83000183105469,80.83999633789062,80.77999877929688,80.81999969482422,54.25231170654297,309300
2005-07-19,80.80000305175781,80.86000061035156,80.77999877929688,80.8499984741211,54.27252197265625,216100
2005-07-20,80.83000183105469,80.87999725341797,80.76000213623047,80.83999633789062,54.265769958496094,196200
2005-07-21,80.80000305175781,80.83999633789062,80.73999786376953,80.76000213623047,54.21207809448242,322600
2005-07-22,80.75,80.86000061035156,80.75,80.83999633789062,54.265769958496094,547000
2005-07-25,80.80000305175781,80.8499984741211,80.79000091552734,80.80999755859375,54.245609283447266,191600
2005-07-26,80.81999969482422,80.83000183105469,80.7699966430664,80.79000091552734,54.23218536376953,207200
2005-07-27,80.76000213623047,80.80999755859375,80.76000213623047,80.79000091552734,54.23218536376953,160000
2005-07-28,80.7699966430664,80.81999969482422,80.7699966430664,80.80000305175781,54.23891067504883,359100
2005-07-29,80.80000305175781,80.80000305175781,80.7300033569336,80.75,54.20536422729492,1124300
2005-08-01,80.58000183105469,80.58000183105469,80.51000213623047,80.5199966430664,54.172393798828125,273300
2005-08-02,80.5199966430664,80.58000183105469,80.5,80.52999877929688,54.17909622192383,512700
2005-08-03,80.54000091552734,80.58999633789062,80.5199966430664,80.55999755859375,54.19927978515625,253500
2005-08-04,80.55999755859375,80.62000274658203,80.55000305175781,80.55999755859375,54.19927978515625,230700
2005-08-05,80.52999877929688,80.52999877929688,80.44999694824219,80.48999786376953,54.15220642089844,289400
2005-08-08,80.48999786376953,80.48999786376953,80.41000366210938,80.41000366210938,54.0984001159668,156600
2005-08-09,80.41000366210938,80.5,80.38999938964844,80.5,54.15897750854492,168100
2005-08-10,80.56999969482422,80.56999969482422,80.47000122070312,80.5,54.15897750854492,260300
2005-08-11,80.51000213623047,80.5999984741211,80.4800033569336,80.55999755859375,54.19927978515625,177800
2005-08-12,80.58999633789062,80.66000366210938,80.58000183105469,80.66000366210938,54.266563415527344,224900
2005-08-15,80.66000366210938,80.66000366210938,80.58000183105469,80.62000274658203,54.23967742919922,148500
2005-08-16,80.66000366210938,80.69999694824219,80.63999938964844,80.66000366210938,54.266563415527344,252800
2005-08-17,80.66999816894531,80.69999694824219,80.62999725341797,80.68000030517578,54.28004455566406,178400
2005-08-18,80.69999694824219,80.75,80.66999816894531,80.75,54.32712936401367,115000
2005-08-19,80.7300033569336,80.73999786376953,80.68000030517578,80.72000122070312,54.30694580078125,218000
2005-08-22,80.69999694824219,80.7699966430664,80.68000030517578,80.7300033569336,54.31368637084961,974800
2005-08-23,80.77999877929688,80.81999969482422,80.76000213623047,80.80999755859375,54.36748123168945,192500
2005-08-24,80.8499984741211,80.8499984741211,80.76000213623047,80.81999969482422,54.374183654785156,145900
2005-08-25,80.83000183105469,80.83000183105469,80.79000091552734,80.80999755859375,54.36748123168945,186200
2005-08-26,80.80999755859375,80.81999969482422,80.7300033569336,80.75,54.32712936401367,272100
2005-08-29,80.75,80.80999755859375,80.73999786376953,80.7699966430664,54.3405647277832,183200
2005-08-30,80.80999755859375,80.91999816894531,80.77999877929688,80.88999938964844,54.421321868896484,455500
2005-08-31,80.98999786376953,81.0999984741211,80.93000030517578,81.0999984741211,54.56257629394531,289000
2005-09-01,80.87999725341797,81.06999969482422,80.8499984741211,80.97000122070312,54.62870407104492,624000
2005-09-02,80.94999694824219,81.06999969482422,80.94000244140625,81.06999969482422,54.69619369506836,204400
2005-09-06,80.9000015258789,80.95999908447266,80.8499984741211,80.94000244140625,54.608455657958984,238600
2005-09-07,80.93000030517578,80.93000030517578,80.83000183105469,80.87999725341797,54.56797409057617,887200
2005-09-08,80.91999816894531,80.91999816894531,80.83999633789062,80.83999633789062,54.5410041809082,225800
2005-09-09,80.83999633789062,80.91000366210938,80.83000183105469,80.86000061035156,54.5544548034668,454400
2005-09-12,80.83000183105469,80.83999633789062,80.76000213623047,80.83000183105469,54.53428649902344,157100
2005-09-13,80.8499984741211,80.91000366210938,80.83999633789062,80.87999725341797,54.56797409057617,683300
2005-09-14,80.91999816894531,80.91999816894531,80.8499984741211,80.87000274658203,54.561256408691406,335000
2005-09-15,80.87000274658203,80.93000030517578,80.81999969482422,80.8499984741211,54.54774475097656,347600
2005-09-16,80.87999725341797,80.9000015258789,80.75,80.79000091552734,54.50723648071289,240800
2005-09-19,80.81999969482422,80.87999725341797,80.7699966430664,80.80999755859375,54.520755767822266,188800
2005-09-20,80.80999755859375,80.83999633789062,80.70999908447266,80.75,54.480289459228516,284200
2005-09-21,80.86000061035156,80.87999725341797,80.80999755859375,80.83000183105469,54.53428649902344,465100
2005-09-22,80.87000274658203,80.91000366210938,80.83000183105469,80.86000061035156,54.5544548034668,411000
2005-09-23,80.8499984741211,80.87000274658203,80.73999786376953,80.79000091552734,54.50723648071289,131200
2005-09-26,80.66000366210938,80.75,80.66000366210938,80.7300033569336,54.46681594848633,162800
2005-09-27,80.76000213623047,80.77999877929688,80.6500015258789,80.69999694824219,54.4465446472168,265200
2005-09-28,80.66999816894531,80.75,80.66999816894531,80.7300033569336,54.46681594848633,243700
2005-09-29,80.70999908447266,80.73999786376953,80.66000366210938,80.69999694824219,54.4465446472168,243900
2005-09-30,80.69999694824219,80.69999694824219,80.58999633789062,80.62999725341797,54.39932632446289,199800
2005-10-03,80.43000030517578,80.43000030517578,80.30999755859375,80.36000061035156,54.37498092651367,212300
2005-10-04,80.41000366210938,80.41000366210938,80.30999755859375,80.3499984741211,54.3681640625,488400
2005-10-05,80.37000274658203,80.44999694824219,80.37000274658203,80.38999938964844,54.39524841308594,569000
2005-10-06,80.44999694824219,80.44999694824219,80.37999725341797,80.38999938964844,54.39524841308594,333000
2005-10-07,80.4000015258789,80.47000122070312,80.3499984741211,80.44999694824219,54.43583297729492,156100
2005-10-10,80.58000183105469,80.5999984741211,80.43000030517578,80.44000244140625,54.429080963134766,114400
2005-10-11,80.37000274658203,80.43000030517578,80.36000061035156,80.41999816894531,54.415550231933594,215800
2005-10-12,80.43000030517578,80.43000030517578,80.3499984741211,80.36000061035156,54.37498092651367,509100
2005-10-13,80.38999938964844,80.38999938964844,80.33000183105469,80.36000061035156,54.37498092651367,548500
2005-10-14,80.3499984741211,80.43000030517578,80.30999755859375,80.37999725341797,54.38848876953125,340700
2005-10-17,80.4000015258789,80.43000030517578,80.33000183105469,80.33999633789062,54.36143493652344,308200
2005-10-18,80.36000061035156,80.41999816894531,80.36000061035156,80.41000366210938,54.408809661865234,241200
2005-10-19,80.48999786376953,80.48999786376953,80.4000015258789,80.44999694824219,54.43583297729492,575200
2005-10-20,80.41000366210938,80.44999694824219,80.37000274658203,80.44999694824219,54.43583297729492,323600
2005-10-21,80.48999786376953,80.51000213623047,80.44999694824219,80.5,54.469703674316406,362700
2005-10-24,80.4800033569336,80.48999786376953,80.41000366210938,80.47000122070312,54.44939041137695,277500
2005-10-25,80.41999816894531,80.47000122070312,80.31999969482422,80.33000183105469,54.354671478271484,373200
2005-10-26,80.36000061035156,80.37000274658203,80.2699966430664,80.30000305175781,54.33433532714844,224400
2005-10-27,80.36000061035156,80.4000015258789,80.30000305175781,80.36000061035156,54.37498092651367,307900
2005-10-28,80.4000015258789,80.41000366210938,80.29000091552734,80.36000061035156,54.37498092651367,369900
2005-10-31,80.31999969482422,80.37999725341797,80.30000305175781,80.33000183105469,54.354671478271484,294900
2005-11-01,80.16999816894531,80.18000030517578,80.05999755859375,80.12000274658203,54.36960983276367,639300
2005-11-02,80.12000274658203,80.13999938964844,80.06999969482422,80.11000061035156,54.36282730102539,150800
2005-11-03,80.0999984741211,80.12999725341797,80.02999877929688,80.06999969482422,54.335670471191406,228600
2005-11-04,80.08999633789062,80.11000061035156,80.02999877929688,80.06999969482422,54.335670471191406,174800
2005-11-07,80.08999633789062,80.11000061035156,80.05000305175781,80.05999755859375,54.328895568847656,243500
2005-11-08,80.1500015258789,80.19000244140625,80.12000274658203,80.16000366210938,54.396759033203125,238100
2005-11-09,80.16999816894531,80.16999816894531,80.05999755859375,80.05999755859375,54.328895568847656,199200
2005-11-10,80.1500015258789,80.19000244140625,80.0999984741211,80.16999816894531,54.40348815917969,291600
2005-11-11,80.11000061035156,80.23999786376953,80.0999984741211,80.19999694824219,54.42384719848633,211600
2005-11-14,80.18000030517578,80.18000030517578,80.08000183105469,80.08000183105469,54.34247589111328,448500
2005-11-15,80.13999938964844,80.19999694824219,80.0999984741211,80.13999938964844,54.383140563964844,249700
2005-11-16,80.19999694824219,80.27999877929688,80.19000244140625,80.23999786376953,54.45104217529297,328700
2005-11-17,80.20999908447266,80.3499984741211,80.20999908447266,80.30999755859375,54.498512268066406,456400
2005-11-18,80.25,80.33000183105469,80.25,80.30999755859375,54.498512268066406,206400
2005-11-21,80.3499984741211,80.38999938964844,80.30000305175781,80.36000061035156,54.53247833251953,255300
2005-11-22,80.37000274658203,80.48999786376953,80.33000183105469,80.47000122070312,54.60712432861328,1358500
2005-11-23,80.47000122070312,80.47000122070312,80.33999633789062,80.37000274658203,54.53923034667969,238400
2005-11-25,80.41000366210938,80.47000122070312,80.41000366210938,80.44000244140625,54.586727142333984,85700
2005-11-28,80.44999694824219,80.48999786376953,80.41999816894531,80.45999908447266,54.60030746459961,214400
2005-11-29,80.4800033569336,80.4800033569336,80.36000061035156,80.4000015258789,54.559593200683594,175900
2005-11-30,80.4000015258789,80.44000244140625,80.3499984741211,80.41000366210938,54.566383361816406,219800
2005-12-01,80.12999725341797,80.16999816894531,80.08000183105469,80.0999984741211,54.51260757446289,745500
2005-12-02,80.13999938964844,80.16999816894531,80.11000061035156,80.16999816894531,54.560237884521484,449400
2005-12-05,80.12999725341797,80.1500015258789,80.06999969482422,80.08000183105469,54.49903106689453,1608600
2005-12-06,80.1500015258789,80.2300033569336,80.12000274658203,80.19000244140625,54.57386016845703,260100
2005-12-07,80.22000122070312,80.23999786376953,80.18000030517578,80.19999694824219,54.58066177368164,317400
2005-12-08,80.27999877929688,80.33000183105469,80.25,80.30000305175781,54.64870834350586,155300
2005-12-09,80.2699966430664,80.29000091552734,80.20999908447266,80.22000122070312,54.59429168701172,869500
2005-12-12,80.26000213623047,80.26000213623047,80.16000366210938,80.20999908447266,54.587432861328125,1200500
2005-12-13,80.2300033569336,80.30999755859375,80.20999908447266,80.25,54.614688873291016,354600
2005-12-14,80.31999969482422,80.37999725341797,80.30000305175781,80.33999633789062,54.67594909667969,368200
2005-12-15,80.33999633789062,80.36000061035156,80.2699966430664,80.33999633789062,54.67594909667969,420900
2005-12-16,80.41000366210938,80.41999816894531,80.33999633789062,80.38999938964844,54.70996856689453,161500
2005-12-19,80.30999755859375,80.4000015258789,80.30999755859375,80.33999633789062,54.67594909667969,182100
2005-12-20,80.36000061035156,80.36000061035156,80.29000091552734,80.33000183105469,54.66913604736328,389300
2005-12-21,80.36000061035156,80.36000061035156,80.29000091552734,80.33000183105469,54.66913604736328,363400
2005-12-22,80.37999725341797,80.43000030517578,80.33999633789062,80.4000015258789,54.7167854309082,1288100
2005-12-23,80.37000274658203,80.5,80.3499984741211,80.44000244140625,54.74399185180664,196100
2005-12-27,80.38999938964844,80.51000213623047,80.38999938964844,80.44999694824219,54.75078582763672,552500
2005-12-28,80.29000091552734,80.31999969482422,80.19999694824219,80.30000305175781,54.81835174560547,401000
2005-12-29,80.2699966430664,80.2699966430664,80.16999816894531,80.23999786376953,54.77745819091797,418800
2005-12-30,80.22000122070312,80.27999877929688,80.16999816894531,80.20999908447266,54.75692367553711,410400
2006-01-03,80.16999816894531,80.3499984741211,80.16999816894531,80.31999969482422,54.832035064697266,1075400
2006-01-04,80.30000305175781,80.4000015258789,80.29000091552734,80.4000015258789,54.88667678833008,345500
2006-01-05,80.31999969482422,80.4000015258789,80.31999969482422,80.33000183105469,54.83885955810547,274400
2006-01-06,80.30999755859375,80.36000061035156,80.30000305175781,80.3499984741211,54.85248947143555,500200
2006-01-09,80.3499984741211,80.36000061035156,80.30000305175781,80.36000061035156,54.85935592651367,351500
2006-01-10,80.27999877929688,80.33000183105469,80.2699966430664,80.27999877929688,54.804744720458984,406000
2006-01-11,80.30000305175781,80.36000061035156,80.25,80.27999877929688,54.804744720458984,484700
2006-01-12,80.30999755859375,80.37000274658203,80.27999877929688,80.31999969482422,54.832035064697266,450600
2006-01-13,80.4000015258789,80.4800033569336,80.37000274658203,80.4800033569336,54.941253662109375,226500
2006-01-17,80.44999694824219,80.45999908447266,80.4000015258789,80.44999694824219,54.920799255371094,447900
2006-01-18,80.45999908447266,80.5,80.41999816894531,80.44000244140625,54.913997650146484,393200
2006-01-19,80.44999694824219,80.45999908447266,80.4000015258789,80.44999694824219,54.920799255371094,588600
2006-01-20,80.41000366210938,80.48999786376953,80.38999938964844,80.4800033569336,54.941253662109375,383900
2006-01-23,80.44000244140625,80.5,80.4000015258789,80.48999786376953,54.9481086730957,565500
2006-01-24,80.4800033569336,80.4800033569336,80.41999816894531,80.47000122070312,54.934452056884766,227300
2006-01-25,80.47000122070312,80.47000122070312,80.36000061035156,80.36000061035156,54.85935592651367,244600
2006-01-26,80.33000183105469,80.37000274658203,80.30000305175781,80.37000274658203,54.866207122802734,220000
2006-01-27,80.41000366210938,80.41000366210938,80.30000305175781,80.30999755859375,54.82524490356445,362800
2006-01-30,80.33999633789062,80.36000061035156,80.29000091552734,80.3499984741211,54.85248947143555,204100
2006-01-31,80.31999969482422,80.37999725341797,80.30000305175781,80.3499984741211,54.85248947143555,256400
2006-02-01,80.06999969482422,80.0999984741211,80.0,80.02999877929688,54.80252456665039,950100
2006-02-02,80.06999969482422,80.06999969482422,79.98999786376953,80.02999877929688,54.80252456665039,435200
2006-02-03,80.0,80.06999969482422,79.95999908447266,80.06999969482422,54.829959869384766,250800
2006-02-06,80.05000305175781,80.05000305175781,80.0,80.02999877929688,54.80252456665039,192800
2006-02-07,80.05000305175781,80.05000305175781,79.97000122070312,80.04000091552734,54.80940246582031,195800
2006-02-08,80.06999969482422,80.06999969482422,79.98999786376953,80.01000213623047,54.78882598876953,334300
2006-02-09,80.05999755859375,80.05999755859375,79.95999908447266,79.98999786376953,54.775146484375,226500
2006-02-10,80.06999969482422,80.06999969482422,79.93000030517578,79.93000030517578,54.73405456542969,610800
2006-02-13,80.01000213623047,80.0199966430664,79.95999908447266,79.98999786376953,54.775146484375,159200
2006-02-14,79.94000244140625,80.0,79.91999816894531,79.98999786376953,54.775146484375,296100
2006-02-15,80.05999755859375,80.05999755859375,79.95999908447266,79.9800033569336,54.76829528808594,435800
2006-02-16,80.0199966430664,80.05000305175781,79.9800033569336,80.04000091552734,54.80940246582031,167200
2006-02-17,80.08999633789062,80.11000061035156,80.04000091552734,80.0999984741211,54.85044860839844,353400
2006-02-21,80.04000091552734,80.08000183105469,80.01000213623047,80.04000091552734,54.80940246582031,11045800
2006-02-22,80.08999633789062,80.0999984741211,80.04000091552734,80.0999984741211,54.85044860839844,230700
2006-02-23,80.08000183105469,80.08999633789062,80.01000213623047,80.02999877929688,54.80252456665039,288200
2006-02-24,80.06999969482422,80.0999984741211,80.0199966430664,80.05999755859375,54.8231086730957,282600
2006-02-27,80.08999633789062,80.0999984741211,80.01000213623047,80.0199966430664,54.795658111572266,216200
2006-02-28,80.08999633789062,80.1500015258789,80.08000183105469,80.12999725341797,54.87102127075195,270800
2006-03-01,79.9000015258789,79.94000244140625,79.80999755859375,79.80999755859375,54.842891693115234,556600
2006-03-02,79.87000274658203,79.87000274658203,79.77999877929688,79.83999633789062,54.86347198486328,207300
2006-03-03,79.83999633789062,79.83999633789062,79.73999786376953,79.76000213623047,54.808494567871094,251000
2006-03-06,79.80000305175781,79.80999755859375,79.75,79.79000091552734,54.829097747802734,797100
2006-03-07,79.73999786376953,79.79000091552734,79.72000122070312,79.79000091552734,54.829097747802734,276800
2006-03-08,79.80999755859375,79.8499984741211,79.76000213623047,79.83999633789062,54.86347198486328,865100
2006-03-09,79.83999633789062,79.87000274658203,79.80000305175781,79.87000274658203,54.88406753540039,785800
2006-03-10,79.83000183105469,79.83000183105469,79.76000213623047,79.79000091552734,54.829097747802734,153300
2006-03-13,79.83000183105469,79.83000183105469,79.77999877929688,79.79000091552734,54.829097747802734,168200
2006-03-14,79.80000305175781,79.95999908447266,79.80000305175781,79.94999694824219,54.9390754699707,556900
2006-03-15,79.91999816894531,79.9800033569336,79.91000366210938,79.97000122070312,54.95283126831055,161900
2006-03-16,80.0,80.12999725341797,79.97000122070312,80.11000061035156,55.04899215698242,522100
2006-03-17,80.08999633789062,80.11000061035156,80.0199966430664,80.08000183105469,55.02841567993164,362600
2006-03-20,80.0999984741211,80.12000274658203,80.06999969482422,80.12000274658203,55.05588912963867,421400
2006-03-21,80.01000213623047,80.05999755859375,79.94999694824219,79.9800033569336,54.959659576416016,195500
2006-03-22,80.01000213623047,80.05000305175781,79.97000122070312,80.0,54.97343826293945,440000
2006-03-23,80.0199966430664,80.04000091552734,79.94999694824219,79.9800033569336,54.959659576416016,673000
2006-03-24,80.0,80.11000061035156,79.95999908447266,80.08999633789062,55.035240173339844,165200
2006-03-27,80.06999969482422,80.08000183105469,80.0,80.06999969482422,55.021541595458984,136700
2006-03-28,80.05999755859375,80.08999633789062,79.9800033569336,80.0,54.97343826293945,716500
2006-03-29,79.97000122070312,80.01000213623047,79.94999694824219,80.0,54.97343826293945,586800
2006-03-30,79.98999786376953,80.0,79.9000015258789,79.95999908447266,54.945892333984375,554600
2006-03-31,79.98999786376953,80.01000213623047,79.94999694824219,79.98999786376953,54.966556549072266,333900
2006-04-03,79.62000274658203,79.70999908447266,79.58999633789062,79.68000030517578,54.93620681762695,526700
2006-04-04,79.70999908447266,79.75,79.66000366210938,79.73999786376953,54.977569580078125,313800
2006-04-05,79.80999755859375,79.80999755859375,79.73999786376953,79.75,54.984458923339844,1029300
2006-04-06,79.77999877929688,79.79000091552734,79.70999908447266,79.73999786376953,54.977569580078125,3739500
2006-04-07,79.73999786376953,79.73999786376953,79.6500015258789,79.69000244140625,54.94312286376953,230300
2006-04-10,79.69999694824219,79.70999908447266,79.66000366210938,79.70999908447266,54.95686340332031,1151000
2006-04-11,79.75,79.77999877929688,79.69999694824219,79.77999877929688,55.00516891479492,397600
2006-04-12,79.80000305175781,79.80000305175781,79.70999908447266,79.7300033569336,54.970726013183594,511800
2006-04-13,79.75,79.75,79.6500015258789,79.72000122070312,54.963829040527344,376500
2006-04-17,79.75,79.7699966430664,79.69000244140625,79.7699966430664,54.998260498046875,702100
2006-04-18,79.77999877929688,79.91999816894531,79.7699966430664,79.87999725341797,55.0741081237793,3043100
2006-04-19,79.76000213623047,79.86000061035156,79.76000213623047,79.86000061035156,55.06026077270508,694600
2006-04-20,79.8499984741211,79.8499984741211,79.80000305175781,79.83000183105469,55.03961944580078,447300
2006-04-21,79.86000061035156,79.86000061035156,79.80000305175781,79.83000183105469,55.03961944580078,385400
2006-04-24,79.8499984741211,79.9000015258789,79.81999969482422,79.87000274658203,55.06721115112305,242500
2006-04-25,79.87000274658203,79.87000274658203,79.75,79.80999755859375,55.025821685791016,344100
2006-04-26,79.80999755859375,79.80999755859375,79.7300033569336,79.75,54.984458923339844,284200
2006-04-27,79.70999908447266,79.9000015258789,79.70999908447266,79.87999725341797,55.0741081237793,492600
2006-04-28,79.91999816894531,79.95999908447266,79.87000274658203,79.9000015258789,55.08787536621094,207000
2006-05-01,79.6500015258789,79.66000366210938,79.52999877929688,79.58999633789062,55.055335998535156,277700
2006-05-02,79.58999633789062,79.63999938964844,79.54000091552734,79.5999984741211,55.062320709228516,445700
2006-05-03,79.63999938964844,79.6500015258789,79.56999969482422,79.5999984741211,55.062320709228516,1665200
2006-05-04,79.55000305175781,79.62999725341797,79.55000305175781,79.61000061035156,55.06922149658203,397400
2006-05-05,79.58999633789062,79.66999816894531,79.58999633789062,79.62999725341797,55.08301544189453,376800
2006-05-08,79.63999938964844,79.6500015258789,79.56999969482422,79.62000274658203,55.07611846923828,281500
2006-05-09,79.55999755859375,79.63999938964844,79.55999755859375,79.62999725341797,55.08301544189453,233800
2006-05-10,79.62999725341797,79.7699966430664,79.55000305175781,79.62999725341797,55.08301544189453,454100
2006-05-11,79.63999938964844,79.66000366210938,79.58999633789062,79.66000366210938,55.103790283203125,343300
2006-05-12,79.66000366210938,79.66999816894531,79.58000183105469,79.62999725341797,55.08301544189453,2040900
2006-05-15,79.66999816894531,79.69000244140625,79.62000274658203,79.66999816894531,55.110679626464844,350900
2006-05-16,79.69999694824219,79.75,79.6500015258789,79.73999786376953,55.15918731689453,607600
2006-05-17,79.70999908447266,79.7300033569336,79.62999725341797,79.69999694824219,55.13146209716797,463200
2006-05-18,79.72000122070312,79.81999969482422,79.72000122070312,79.77999877929688,55.18684005737305,491400
2006-05-19,79.79000091552734,79.81999969482422,79.7300033569336,79.76000213623047,55.1729850769043,353000
2006-05-22,79.77999877929688,79.8499984741211,79.75,79.76000213623047,55.1729850769043,543600
2006-05-23,79.80000305175781,79.80999755859375,79.70999908447266,79.80999755859375,55.207550048828125,307400
2006-05-24,79.88999938964844,79.88999938964844,79.80000305175781,79.86000061035156,55.24211883544922,298000
2006-05-25,79.91000366210938,79.91000366210938,79.83000183105469,79.86000061035156,55.24211883544922,603700
2006-05-26,79.86000061035156,79.94999694824219,79.8499984741211,79.88999938964844,55.26287841796875,1221300
2006-05-30,79.8499984741211,79.88999938964844,79.81999969482422,79.83000183105469,55.22139358520508,977400
2006-05-31,79.88999938964844,79.9000015258789,79.7699966430664,79.7699966430664,55.17990493774414,412200
2006-06-01,79.55999755859375,79.62999725341797,79.5,79.5999984741211,55.247928619384766,1356100
2006-06-02,79.7300033569336,79.75,79.66000366210938,79.72000122070312,55.33121871948242,1762200
2006-06-05,79.68000030517578,79.7300033569336,79.62000274658203,79.6500015258789,55.282596588134766,325800
2006-06-06,79.6500015258789,79.66999816894531,79.5999984741211,79.6500015258789,55.282596588134766,195800
2006-06-07,79.58999633789062,79.6500015258789,79.58999633789062,79.5999984741211,55.247928619384766,256700
2006-06-08,79.66999816894531,79.73999786376953,79.5999984741211,79.69000244140625,55.31035614013672,772000
2006-06-09,79.68000030517578,79.70999908447266,79.62000274658203,79.69000244140625,55.31035614013672,689600
2006-06-12,79.68000030517578,79.70999908447266,79.6500015258789,79.69999694824219,55.317325592041016,1695900
2006-06-13,79.66999816894531,79.7300033569336,79.6500015258789,79.68000030517578,55.3034553527832,322200
2006-06-14,79.62999725341797,79.63999938964844,79.55000305175781,79.5999984741211,55.247928619384766,507600
2006-06-15,79.5199966430664,79.5999984741211,79.51000213623047,79.58000183105469,55.23405456542969,1066600
2006-06-16,79.5199966430664,79.58000183105469,79.48999786376953,79.54000091552734,55.206241607666016,357700
2006-06-19,79.5199966430664,79.52999877929688,79.4800033569336,79.51000213623047,55.1854362487793,286100
2006-06-20,79.5,79.5199966430664,79.47000122070312,79.5,55.17852020263672,460500
2006-06-21,79.55999755859375,79.55999755859375,79.48999786376953,79.5199966430664,55.19234848022461,1958400
2006-06-22,79.51000213623047,79.51000213623047,79.44000244140625,79.4800033569336,55.16462326049805,323000
2006-06-23,79.5,79.5,79.41999816894531,79.45999908447266,55.15069580078125,322900
2006-06-26,79.48999786376953,79.48999786376953,79.43000030517578,79.47000122070312,55.15763854980469,230200
2006-06-27,79.5,79.55000305175781,79.4800033569336,79.5199966430664,55.19234848022461,1816700
2006-06-28,79.52999877929688,79.52999877929688,79.43000030517578,79.4800033569336,55.16462326049805,378200
2006-06-29,79.47000122070312,79.62999725341797,79.47000122070312,79.62000274658203,55.261783599853516,557000
2006-06-30,79.5999984741211,79.69999694824219,79.5999984741211,79.69000244140625,55.31035614013672,1242600
2006-07-03,79.30999755859375,79.41999816894531,79.30000305175781,79.4000015258789,55.301979064941406,916000
2006-07-05,79.37000274658203,79.37999725341797,79.26000213623047,79.33000183105469,55.25327682495117,2003600
2006-07-06,79.31999969482422,79.38999938964844,79.30000305175781,79.38999938964844,55.29502487182617,1200600
2006-07-07,79.43000030517578,79.44999694824219,79.37000274658203,79.44999694824219,55.33683776855469,476800
2006-07-10,79.44999694824219,79.45999908447266,79.4000015258789,79.44999694824219,55.33683776855469,667700
2006-07-11,79.4800033569336,79.5,79.44000244140625,79.44999694824219,55.33683776855469,305600
2006-07-12,79.44000244140625,79.48999786376953,79.41999816894531,79.4800033569336,55.357765197753906,2930100
2006-07-13,79.52999877929688,79.58000183105469,79.45999908447266,79.58000183105469,55.42738723754883,456800
2006-07-14,79.5999984741211,79.63999938964844,79.54000091552734,79.58999633789062,55.434322357177734,333800
2006-07-17,79.52999877929688,79.61000061035156,79.52999877929688,79.58000183105469,55.42738723754883,792500
2006-07-18,79.5199966430664,79.56999969482422,79.4800033569336,79.5199966430664,55.38556671142578,823300
2006-07-19,79.43000030517578,79.6500015258789,79.43000030517578,79.62999725341797,55.46220397949219,594000
2006-07-20,79.58999633789062,79.7300033569336,79.58999633789062,79.7300033569336,55.531925201416016,386300
2006-07-21,79.80000305175781,79.80000305175781,79.66999816894531,79.70999908447266,55.51789855957031,1209200
2006-07-24,79.7300033569336,79.7699966430664,79.69000244140625,79.70999908447266,55.51789855957031,161200
2006-07-25,79.7300033569336,79.73999786376953,79.6500015258789,79.69000244140625,55.504024505615234,255000
2006-07-26,79.73999786376953,79.81999969482422,79.69999694824219,79.79000091552734,55.57361602783203,872800
2006-07-27,79.80000305175781,79.87000274658203,79.80000305175781,79.83000183105469,55.601505279541016,724900
2006-07-28,79.8499984741211,79.94999694824219,79.8499984741211,79.93000030517578,55.67119216918945,500800
2006-07-31,79.95999908447266,79.9800033569336,79.91999816894531,79.94000244140625,55.67815399169922,401900
2006-08-01,79.69000244140625,79.72000122070312,79.6500015258789,79.69999694824219,55.71236801147461,202700
2006-08-02,79.69999694824219,79.75,79.66999816894531,79.69999694824219,55.71236801147461,302400
2006-08-03,79.72000122070312,79.7300033569336,79.6500015258789,79.69000244140625,55.70539855957031,249400
2006-08-04,79.75,79.83999633789062,79.73999786376953,79.76000213623047,55.7542839050293,681400
2006-08-07,79.7699966430664,79.80000305175781,79.75,79.79000091552734,55.7752799987793,342700
2006-08-08,79.77999877929688,79.8499984741211,79.72000122070312,79.83000183105469,55.80324172973633,464800
2006-08-09,79.83999633789062,79.87000274658203,79.80000305175781,79.86000061035156,55.82419204711914,499900
2006-08-10,79.87000274658203,79.87999725341797,79.80000305175781,79.83999633789062,55.81024169921875,238600
2006-08-11,79.80999755859375,79.81999969482422,79.73999786376953,79.7699966430664,55.76133728027344,224100
2006-08-14,79.77999877929688,79.79000091552734,79.70999908447266,79.7300033569336,55.73337173461914,351600
2006-08-15,79.83999633789062,79.8499984741211,79.80000305175781,79.83999633789062,55.81024169921875,356800
2006-08-16,79.94000244140625,79.9800033569336,79.91000366210938,79.97000122070312,55.901119232177734,654800
2006-08-17,79.95999908447266,79.9800033569336,79.91999816894531,79.95999908447266,55.89413070678711,262500
2006-08-18,79.9800033569336,80.0,79.94999694824219,79.98999786376953,55.915103912353516,252900
2006-08-21,80.02999877929688,80.04000091552734,79.9800033569336,80.04000091552734,55.95004653930664,294200
2006-08-22,80.04000091552734,80.05999755859375,80.0,80.02999877929688,55.94305419921875,276500
2006-08-23,80.0199966430664,80.04000091552734,79.98999786376953,80.01000213623047,55.92910385131836,389100
2006-08-24,80.02999877929688,80.05999755859375,80.0199966430664,80.05999755859375,55.96400833129883,315800
2006-08-25,80.06999969482422,80.0999984741211,80.02999877929688,80.08000183105469,55.97802734375,287700
2006-08-28,80.08999633789062,80.0999984741211,80.05000305175781,80.0999984741211,55.99201202392578,210100
2006-08-29,80.08000183105469,80.12999725341797,80.01000213623047,80.12999725341797,56.012977600097656,419000
2006-08-30,80.12999725341797,80.18000030517578,80.12999725341797,80.18000030517578,56.04792022705078,153400
2006-08-31,80.22000122070312,80.26000213623047,80.16999816894531,80.25,56.09681701660156,290200
2006-09-01,79.95999908447266,80.0999984741211,79.94000244140625,80.05000305175781,56.16069412231445,312800
2006-09-05,80.0,80.0,79.91999816894531,79.95999908447266,56.09752655029297,369900
2006-09-06,79.94999694824219,79.95999908447266,79.88999938964844,79.95999908447266,56.09752655029297,398200
2006-09-07,79.97000122070312,79.9800033569336,79.91999816894531,79.95999908447266,56.09752655029297,556300
2006-09-08,80.0,80.04000091552734,79.9800033569336,80.01000213623047,56.132633209228516,491500
2006-09-11,80.02999877929688,80.02999877929688,79.94999694824219,80.0,56.1256103515625,371900
2006-09-12,79.97000122070312,80.04000091552734,79.94999694824219,80.04000091552734,56.1536750793457,262500
2006-09-13,80.04000091552734,80.08999633789062,80.01000213623047,80.05000305175781,56.16069412231445,266300
2006-09-14,80.05999755859375,80.08000183105469,79.9800033569336,79.9800033569336,56.111595153808594,560200
2006-09-15,80.08000183105469,80.08000183105469,79.94999694824219,80.01000213623047,56.132633209228516,682900
2006-09-18,79.97000122070312,80.0,79.9000015258789,80.0,56.1256103515625,177000
2006-09-19,80.0999984741211,80.12000274658203,80.02999877929688,80.11000061035156,56.202781677246094,729500
2006-09-20,80.16000366210938,80.19999694824219,80.08000183105469,80.13999938964844,56.22385025024414,645500
2006-09-21,80.16000366210938,80.30000305175781,80.0999984741211,80.27999877929688,56.32202911376953,574400
2006-09-22,80.33000183105469,80.33000183105469,80.27999877929688,80.31999969482422,56.350120544433594,841000
2006-09-25,80.38999938964844,80.41000366210938,80.33000183105469,80.38999938964844,56.39919662475586,382000
2006-09-26,80.4000015258789,80.4000015258789,80.29000091552734,80.30000305175781,56.336036682128906,497800
2006-09-27,80.41000366210938,80.43000030517578,80.30999755859375,80.36000061035156,56.378196716308594,828800
2006-09-28,80.38999938964844,80.38999938964844,80.29000091552734,80.38999938964844,56.39919662475586,766900
2006-09-29,80.4000015258789,80.41000366210938,80.29000091552734,80.30999755859375,56.343082427978516,289900
2006-10-02,80.0999984741211,80.12999725341797,80.01000213623047,80.11000061035156,56.40927505493164,486500
2006-10-03,80.13999938964844,80.16000366210938,80.08000183105469,80.12000274658203,56.416316986083984,384800
2006-10-04,80.19000244140625,80.27999877929688,80.16000366210938,80.26000213623047,56.514896392822266,438300
2006-10-05,80.2699966430664,80.2699966430664,80.12999725341797,80.18000030517578,56.45856475830078,409000
2006-10-06,80.1500015258789,80.1500015258789,80.0,80.08000183105469,56.38815689086914,1015600
2006-10-09,80.12999725341797,80.1500015258789,80.02999877929688,80.08999633789062,56.39519500732422,202800
2006-10-10,80.05000305175781,80.05999755859375,79.94999694824219,79.9800033569336,56.31776809692383,296500
2006-10-11,80.0199966430664,80.05999755859375,79.9000015258789,79.97000122070312,56.31071853637695,327300
2006-10-12,79.94999694824219,80.02999877929688,79.94999694824219,80.01000213623047,56.33888626098633,1874600
2006-10-13,79.98999786376953,79.98999786376953,79.94000244140625,79.9800033569336,56.31776809692383,532800
2006-10-16,79.93000030517578,80.0199966430664,79.93000030517578,80.0199966430664,56.34588623046875,524200
2006-10-17,80.06999969482422,80.08000183105469,79.98999786376953,80.02999877929688,56.35295867919922,391900
2006-10-18,80.04000091552734,80.05999755859375,79.98999786376953,80.04000091552734,56.359962463378906,309300
2006-10-19,80.05000305175781,80.05999755859375,79.98999786376953,80.02999877929688,56.35295867919922,817100
2006-10-20,80.05999755859375,80.05999755859375,80.01000213623047,80.05999755859375,56.374046325683594,542100
2006-10-23,80.0199966430664,80.0199966430664,79.97000122070312,80.0199966430664,56.34588623046875,219900
2006-10-24,80.01000213623047,80.02999877929688,79.9800033569336,80.0199966430664,56.34588623046875,321400
2006-10-25,80.05000305175781,80.12999725341797,79.9800033569336,80.11000061035156,56.40927505493164,1177200
2006-10-26,80.18000030517578,80.22000122070312,80.12000274658203,80.20999908447266,56.47967529296875,1000200
2006-10-27,80.29000091552734,80.30000305175781,80.2300033569336,80.29000091552734,56.53606033325195,612700
2006-10-30,80.22000122070312,80.2699966430664,80.22000122070312,80.23999786376953,56.50082015991211,281400
2006-10-31,80.23999786376953,80.3499984741211,80.23999786376953,80.3499984741211,56.578269958496094,471700
2006-11-01,80.08999633789062,80.19000244140625,80.04000091552734,80.11000061035156,56.61854553222656,745900
2006-11-02,80.1500015258789,80.1500015258789,80.08000183105469,80.08999633789062,56.604408264160156,287800
2006-11-03,79.98999786376953,80.0,79.9000015258789,79.94000244140625,56.4984130859375,572800
2006-11-06,79.91999816894531,79.94999694824219,79.88999938964844,79.93000030517578,56.49136734008789,362700
2006-11-07,80.02999877929688,80.05000305175781,79.98999786376953,80.02999877929688,56.56201934814453,150500
2006-11-08,80.05000305175781,80.08000183105469,80.01000213623047,80.06999969482422,56.59027099609375,406800
2006-11-09,80.0999984741211,80.0999984741211,80.04000091552734,80.05999755859375,56.583221435546875,1603400
2006-11-10,80.12999725341797,80.13999938964844,80.08000183105469,80.12000274658203,56.625633239746094,236500
2006-11-13,80.12999725341797,80.12999725341797,80.05000305175781,80.12000274658203,56.625633239746094,785200
2006-11-14,80.19000244140625,80.19000244140625,80.11000061035156,80.12999725341797,56.632713317871094,391800
2006-11-15,80.12999725341797,80.13999938964844,80.05000305175781,80.08000183105469,56.597354888916016,277400
2006-11-16,80.0999984741211,80.1500015258789,80.0199966430664,80.05000305175781,56.57612228393555,3239700
2006-11-17,80.12000274658203,80.19000244140625,80.0999984741211,80.1500015258789,56.64687728881836,464300
2006-11-20,80.11000061035156,80.19000244140625,80.11000061035156,80.16999816894531,56.660945892333984,309600
2006-11-21,80.19000244140625,80.20999908447266,80.13999938964844,80.19000244140625,56.67512893676758,394500
2006-11-22,80.27999877929688,80.27999877929688,80.18000030517578,80.25,56.71746826171875,281500
2006-11-24,80.23999786376953,80.31999969482422,80.22000122070312,80.26000213623047,56.72456741333008,271100
2006-11-27,80.2699966430664,80.33000183105469,80.19000244140625,80.30999755859375,56.759918212890625,370300
2006-11-28,80.33999633789062,80.37999725341797,80.30000305175781,80.3499984741211,56.788204193115234,405700
2006-11-29,80.4000015258789,80.41000366210938,80.33999633789062,80.3499984741211,56.788204193115234,357100
2006-11-30,80.41000366210938,80.44999694824219,80.37999725341797,80.44000244140625,56.851783752441406,855400
2006-12-01,80.22000122070312,80.3499984741211,80.16000366210938,80.30999755859375,56.96315383911133,241800
2006-12-04,80.30999755859375,80.33000183105469,80.2699966430664,80.30000305175781,56.9560546875,276800
2006-12-05,80.31999969482422,80.37000274658203,80.22000122070312,80.30000305175781,56.9560546875,3681300
2006-12-06,80.33000183105469,80.33000183105469,80.26000213623047,80.29000091552734,56.9489631652832,1438800
2006-12-07,80.30000305175781,80.30999755859375,80.26000213623047,80.2699966430664,56.934783935546875,1203900
2006-12-08,80.27999877929688,80.27999877929688,80.16000366210938,80.16999816894531,56.86383056640625,471200
2006-12-11,80.22000122070312,80.23999786376953,80.16999816894531,80.18000030517578,56.87095260620117,523800
2006-12-12,80.2300033569336,80.30000305175781,80.20999908447266,80.29000091552734,56.9489631652832,267500
2006-12-13,80.19999694824219,80.2300033569336,80.1500015258789,80.18000030517578,56.87095260620117,322000
2006-12-14,80.19000244140625,80.19000244140625,80.12000274658203,80.13999938964844,56.842567443847656,1122100
2006-12-15,80.29000091552734,80.30000305175781,80.1500015258789,80.16999816894531,56.86383056640625,889400
2006-12-18,80.18000030517578,80.19000244140625,80.13999938964844,80.16999816894531,56.86383056640625,1125500
2006-12-19,80.16999816894531,80.20999908447266,80.16000366210938,80.18000030517578,56.87095260620117,261800
2006-12-20,80.22000122070312,80.23999786376953,80.19000244140625,80.2300033569336,56.906463623046875,593100
2006-12-21,80.25,80.33999633789062,80.19999694824219,80.29000091552734,56.9489631652832,1347900
2006-12-22,80.25,80.31999969482422,80.20999908447266,80.27999877929688,56.94192886352539,1097100
2006-12-26,80.30999755859375,80.30999755859375,80.2300033569336,80.27999877929688,56.94192886352539,1254300
2006-12-27,80.05999755859375,80.05999755859375,79.97000122070312,79.98999786376953,56.910545349121094,547400
2006-12-28,80.0199966430664,80.02999877929688,79.9000015258789,79.94000244140625,56.875030517578125,689900
2006-12-29,79.91000366210938,79.97000122070312,79.9000015258789,79.95999908447266,56.8892707824707,898300
2007-01-03,80.0,80.08999633789062,79.95999908447266,80.04000091552734,56.94611358642578,1245700
2007-01-04,80.06999969482422,80.12000274658203,80.04000091552734,80.12000274658203,57.00309371948242,500200
2007-01-05,80.0199966430664,80.06999969482422,79.9800033569336,80.06999969482422,56.967445373535156,261300
2007-01-08,80.05999755859375,80.05999755859375,80.0199966430664,80.0199966430664,56.93192672729492,267000
2007-01-09,80.05000305175781,80.06999969482422,80.01000213623047,80.05000305175781,56.95325469970703,674500
2007-01-10,80.08000183105469,80.08000183105469,80.0199966430664,80.02999877929688,56.93901443481445,286300
2007-01-11,80.0,80.02999877929688,79.94999694824219,79.97000122070312,56.89631652832031,685200
2007-01-12,80.0,80.0,79.9000015258789,79.91999816894531,56.86076736450195,258200
2007-01-16,79.9800033569336,80.02999877929688,79.75,80.0,56.91767501831055,422500
2007-01-17,80.0,80.0199966430664,79.94000244140625,79.97000122070312,56.89631652832031,621300
2007-01-18,79.97000122070312,80.0199966430664,79.94000244140625,80.0,56.91767501831055,611400
2007-01-19,80.01000213623047,80.0199966430664,79.95999908447266,79.98999786376953,56.910545349121094,412500
2007-01-22,80.01000213623047,80.0199966430664,79.97000122070312,80.0199966430664,56.93192672729492,301300
2007-01-23,80.01000213623047,80.01000213623047,79.94999694824219,79.9800033569336,56.9034538269043,318600
2007-01-24,79.9800033569336,80.19999694824219,79.97000122070312,80.0199966430664,56.93192672729492,529300
2007-01-25,80.0,80.0,79.91999816894531,79.95999908447266,56.8892707824707,708800
2007-01-26,79.94999694824219,80.01000213623047,79.93000030517578,79.97000122070312,56.89631652832031,502500
2007-01-29,79.98999786376953,80.02999877929688,79.94000244140625,79.9800033569336,56.9034538269043,877600
2007-01-30,80.0,80.0199966430664,79.97000122070312,80.0,56.91767501831055,297900
2007-01-31,79.98999786376953,80.08999633789062,79.98999786376953,80.08999633789062,56.981689453125,526800
2007-02-01,79.87999725341797,79.87999725341797,79.75,79.77999877929688,56.97455978393555,520400
2007-02-02,79.80999755859375,79.81999969482422,79.76000213623047,79.80999755859375,56.9959831237793,303900
2007-02-05,79.81999969482422,79.8499984741211,79.77999877929688,79.79000091552734,56.98167419433594,758800
2007-02-06,79.83000183105469,79.88999938964844,79.80000305175781,79.87999725341797,57.0460205078125,296300
2007-02-07,79.9000015258789,79.94999694824219,79.88999938964844,79.91999816894531,57.07452392578125,1107600
2007-02-08,79.93000030517578,79.95999908447266,79.9000015258789,79.94999694824219,57.095977783203125,217200
2007-02-09,79.91000366210938,79.91999816894531,79.86000061035156,79.87000274658203,57.0388298034668,437300
2007-02-12,79.87000274658203,79.91000366210938,79.8499984741211,79.87000274658203,57.0388298034668,534200
2007-02-13,79.91000366210938,79.91000366210938,79.86000061035156,79.86000061035156,57.031715393066406,689500
2007-02-14,79.93000030517578,80.05000305175781,79.93000030517578,80.04000091552734,57.160240173339844,596200
2007-02-15,80.0999984741211,80.11000061035156,80.05999755859375,80.08000183105469,57.18878936767578,435900
2007-02-16,80.08999633789062,80.12999725341797,80.05000305175781,80.0999984741211,57.203102111816406,344200
2007-02-20,80.08000183105469,80.12999725341797,80.08000183105469,80.08999633789062,57.195960998535156,258100
2007-02-21,80.08999633789062,80.13999938964844,80.08999633789062,80.13999938964844,57.23164367675781,223400
2007-02-22,80.11000061035156,80.12000274658203,80.05000305175781,80.08999633789062,57.195960998535156,250200
2007-02-23,80.12999725341797,80.19000244140625,80.11000061035156,80.18000030517578,57.26023483276367,380300
2007-02-26,80.19999694824219,80.25,80.19000244140625,80.23999786376953,57.303077697753906,462800
2007-02-27,80.27999877929688,80.5,80.23999786376953,80.43000030517578,57.438743591308594,1362900
2007-02-28,80.44000244140625,80.47000122070312,80.31999969482422,80.37000274658203,57.39592742919922,666500
2007-03-01,80.19999694824219,80.27999877929688,80.12999725341797,80.20999908447266,57.47542953491211,1002300
2007-03-02,80.25,80.31999969482422,80.2300033569336,80.30000305175781,57.5399055480957,974400
2007-03-05,80.37000274658203,80.37000274658203,80.23999786376953,80.33000183105469,57.56146240234375,1420400
2007-03-06,80.23999786376953,80.33999633789062,80.19999694824219,80.26000213623047,57.511287689208984,512300
2007-03-07,80.29000091552734,80.36000061035156,80.25,80.33999633789062,57.56858444213867,387000
2007-03-08,80.30000305175781,80.3499984741211,80.26000213623047,80.33999633789062,57.56858444213867,365500
2007-03-09,80.19000244140625,80.22000122070312,80.1500015258789,80.19999694824219,57.468231201171875,555100
2007-03-12,80.23999786376953,80.29000091552734,80.22000122070312,80.2699966430664,57.518455505371094,361900
2007-03-13,80.37999725341797,80.41999816894531,80.33000183105469,80.37999725341797,57.597267150878906,887300
2007-03-14,80.3499984741211,80.47000122070312,80.3499984741211,80.4000015258789,57.61159133911133,622800
2007-03-15,80.37999725341797,80.38999938964844,80.33999633789062,80.37999725341797,57.597267150878906,598600
2007-03-16,80.33000183105469,80.37999725341797,80.30999755859375,80.37000274658203,57.590126037597656,842300
2007-03-19,80.31999969482422,80.31999969482422,80.27999877929688,80.30000305175781,57.5399055480957,238500
2007-03-20,80.4000015258789,80.4000015258789,80.33999633789062,80.37000274658203,57.590126037597656,619300
2007-03-21,80.36000061035156,80.51000213623047,80.33999633789062,80.5,57.68327713012695,414300
2007-03-22,80.44999694824219,80.48999786376953,80.37999725341797,80.41999816894531,57.625938415527344,382000
2007-03-23,80.44000244140625,80.4800033569336,80.36000061035156,80.37000274658203,57.590126037597656,288700
2007-03-26,80.41000366210938,80.4800033569336,80.36000061035156,80.44999694824219,57.647430419921875,524300
2007-03-27,80.44000244140625,80.4800033569336,80.41000366210938,80.45999908447266,57.65454864501953,427900
2007-03-28,80.5,80.5999984741211,80.48999786376953,80.5,57.68327713012695,429300
2007-03-29,80.4800033569336,80.4800033569336,80.43000030517578,80.45999908447266,57.65454864501953,335200
2007-03-30,80.47000122070312,80.56999969482422,80.37000274658203,80.45999908447266,57.65454864501953,464700
2007-04-02,80.16999816894531,80.19000244140625,80.12000274658203,80.18000030517578,57.66538619995117,313900
2007-04-03,80.16000366210938,80.19999694824219,80.12000274658203,80.18000030517578,57.66538619995117,419100
2007-04-04,80.20999908447266,80.25,80.16999816894531,80.2300033569336,57.70135498046875,405300
2007-04-05,80.19999694824219,80.2300033569336,80.1500015258789,80.19999694824219,57.67970657348633,271900
2007-04-09,80.04000091552734,80.05999755859375,80.01000213623047,80.0199966430664,57.55031204223633,356200
2007-04-10,80.06999969482422,80.13999938964844,80.05999755859375,80.12000274658203,57.62226104736328,780300
2007-04-11,80.16000366210938,80.18000030517578,80.05999755859375,80.12000274658203,57.62226104736328,773900
2007-04-12,80.0999984741211,80.12000274658203,80.02999877929688,80.11000061035156,57.61505126953125,374300
2007-04-13,80.11000061035156,80.13999938964844,80.0199966430664,80.06999969482422,57.58625411987305,261100
2007-04-16,80.0999984741211,80.12999725341797,80.05000305175781,80.05999755859375,57.57908630371094,285500
2007-04-17,80.16999816894531,80.19999694824219,80.12999725341797,80.19000244140625,57.67256546020508,398000
2007-04-18,80.23999786376953,80.30000305175781,80.2300033569336,80.30000305175781,57.75164794921875,977800
2007-04-19,80.30000305175781,80.33999633789062,80.26000213623047,80.30000305175781,57.75164794921875,223200
2007-04-20,80.26000213623047,80.30000305175781,80.2300033569336,80.27999877929688,57.73728561401367,293200
2007-04-23,80.29000091552734,80.3499984741211,80.0999984741211,80.33999633789062,57.78042984008789,1900700
2007-04-24,80.33000183105469,80.41000366210938,80.31999969482422,80.41000366210938,57.83082580566406,264000
2007-04-25,80.37999725341797,80.41000366210938,80.36000061035156,80.37999725341797,57.80921936035156,847200
2007-04-26,80.37999725341797,80.37999725341797,80.27999877929688,80.31999969482422,57.76606750488281,1356200
2007-04-27,80.36000061035156,80.37000274658203,80.30000305175781,80.3499984741211,57.78761291503906,267400
2007-04-30,80.36000061035156,80.44999694824219,80.3499984741211,80.41000366210938,57.83082580566406,266000
2007-05-01,80.19000244140625,80.19999694824219,80.06999969482422,80.08999633789062,57.8062744140625,352500
2007-05-02,80.12999725341797,80.1500015258789,80.08000183105469,80.12999725341797,57.83512496948242,240900
2007-05-03,80.08999633789062,80.11000061035156,80.04000091552734,80.06999969482422,57.791831970214844,301300
2007-05-04,80.12000274658203,80.13999938964844,80.08999633789062,80.11000061035156,57.82067108154297,272600
2007-05-07,80.12000274658203,80.1500015258789,80.0999984741211,80.11000061035156,57.82067108154297,917000
2007-05-08,80.1500015258789,80.16999816894531,80.11000061035156,80.1500015258789,57.84956359863281,311100
2007-05-09,80.1500015258789,80.18000030517578,80.08000183105469,80.08999633789062,57.8062744140625,547900
2007-05-10,80.11000061035156,80.16000366210938,80.0999984741211,80.16000366210938,57.856788635253906,458000
2007-05-11,80.22000122070312,80.22000122070312,80.08999633789062,80.12999725341797,57.83512496948242,1229700
2007-05-14,80.12999725341797,80.1500015258789,80.06999969482422,80.06999969482422,57.791831970214844,280100
2007-05-15,80.1500015258789,80.16000366210938,80.08000183105469,80.08999633789062,57.8062744140625,947000
2007-05-16,80.13999938964844,80.19000244140625,80.04000091552734,80.16999816894531,57.86395263671875,1348000
2007-05-17,80.13999938964844,80.1500015258789,80.08999633789062,80.12000274658203,57.82791519165039,394500
2007-05-18,80.0999984741211,80.0999984741211,80.02999877929688,80.04000091552734,57.77015686035156,859700
2007-05-21,80.04000091552734,80.11000061035156,80.04000091552734,80.05999755859375,57.78462600708008,852300
2007-05-22,80.06999969482422,80.11000061035156,80.04000091552734,80.08000183105469,57.79902267456055,1016600
2007-05-23,80.08000183105469,80.12999725341797,80.05999755859375,80.05999755859375,57.78462600708008,642200
2007-05-24,80.11000061035156,80.12000274658203,80.0199966430664,80.08999633789062,57.8062744140625,844700
2007-05-25,80.05999755859375,80.1500015258789,80.05000305175781,80.13999938964844,57.842315673828125,1649800
2007-05-29,80.0999984741211,80.12000274658203,80.05999755859375,80.05999755859375,57.78462600708008,311100
2007-05-30,80.11000061035156,80.13999938964844,80.06999969482422,80.12000274658203,57.82791519165039,466300
2007-05-31,80.12999725341797,80.12999725341797,80.04000091552734,80.06999969482422,57.791831970214844,948300
2007-06-01,79.7699966430664,79.8499984741211,79.72000122070312,79.73999786376953,57.76211166381836,1827100
2007-06-04,79.76000213623047,79.77999877929688,79.72000122070312,79.7699966430664,57.783912658691406,242300
2007-06-05,79.73999786376953,79.7699966430664,79.69000244140625,79.69999694824219,57.73317337036133,294400
2007-06-06,79.75,79.81999969482422,79.7300033569336,79.80000305175781,57.80555725097656,779300
2007-06-07,79.76000213623047,79.77999877929688,79.6500015258789,79.70999908447266,57.74043273925781,1047900
2007-06-08,79.69999694824219,79.73999786376953,79.68000030517578,79.73999786376953,57.76211166381836,1129500
2007-06-11,79.72000122070312,79.7699966430664,79.70999908447266,79.75,57.769344329833984,358400
2007-06-12,79.69000244140625,79.73999786376953,79.63999938964844,79.68000030517578,57.718658447265625,855700
2007-06-13,79.68000030517578,79.7300033569336,79.63999938964844,79.69999694824219,57.73317337036133,592200
2007-06-14,79.69000244140625,79.72000122070312,79.66000366210938,79.69999694824219,57.73317337036133,341300
2007-06-15,79.73999786376953,79.80999755859375,79.69999694824219,79.80999755859375,57.81283187866211,343400
2007-06-18,79.77999877929688,79.81999969482422,79.73999786376953,79.80999755859375,57.81283187866211,461500
2007-06-19,79.88999938964844,79.97000122070312,79.83999633789062,79.94999694824219,57.91421890258789,1196700
2007-06-20,79.91000366210938,79.93000030517578,79.81999969482422,79.87000274658203,57.856292724609375,1038700
2007-06-21,79.91000366210938,79.94999694824219,79.87999725341797,79.9000015258789,57.87801742553711,178800
2007-06-22,79.87000274658203,80.01000213623047,79.87000274658203,80.01000213623047,57.957733154296875,353100
2007-06-25,80.05999755859375,80.08000183105469,79.9800033569336,80.08000183105469,58.00839614868164,380200
2007-06-26,80.05999755859375,80.05999755859375,80.0,80.02999877929688,57.9721565246582,462100
2007-06-27,80.12999725341797,80.12999725341797,80.0199966430664,80.0199966430664,57.964969635009766,450500
2007-06-28,80.04000091552734,80.08000183105469,79.9800033569336,80.0,57.95048141479492,360800
2007-06-29,80.08999633789062,80.16999816894531,80.02999877929688,80.16000366210938,58.06636428833008,1063700
2007-07-02,79.87000274658203,79.93000030517578,79.8499984741211,79.91000366210938,58.10419845581055,4806500
2007-07-03,79.91999816894531,79.94000244140625,79.83000183105469,79.87999725341797,58.08240509033203,296400
2007-07-05,79.80000305175781,79.83000183105469,79.73999786376953,79.7699966430664,58.00236892700195,820300
2007-07-06,79.76000213623047,79.77999877929688,79.69000244140625,79.76000213623047,57.99510955810547,991700
2007-07-09,79.73999786376953,79.81999969482422,79.73999786376953,79.81999969482422,58.03876495361328,652600
2007-07-10,79.9000015258789,79.97000122070312,79.83999633789062,79.97000122070312,58.1478157043457,673700
2007-07-11,79.98999786376953,79.98999786376953,79.9000015258789,79.93000030517578,58.11875534057617,315300
2007-07-12,79.98999786376953,79.98999786376953,79.83000183105469,79.87999725341797,58.08240509033203,550100
2007-07-13,79.93000030517578,79.93000030517578,79.8499984741211,79.91999816894531,58.11148452758789,1058600
2007-07-16,79.91999816894531,80.0,79.91000366210938,80.0,58.16963195800781,295500
2007-07-17,79.94999694824219,80.01000213623047,79.93000030517578,79.94999694824219,58.13328170776367,2105200
2007-07-18,80.01000213623047,80.0999984741211,79.98999786376953,80.06999969482422,58.22052001953125,611200
2007-07-19,80.01000213623047,80.06999969482422,80.0,80.05999755859375,58.2132453918457,2355100
2007-07-20,80.12000274658203,80.20999908447266,80.11000061035156,80.19000244140625,58.307823181152344,522700
2007-07-23,80.16000366210938,80.19000244140625,80.12000274658203,80.12999725341797,58.264129638671875,294600
2007-07-24,80.19000244140625,80.2300033569336,80.16999816894531,80.20999908447266,58.322296142578125,363100
2007-07-25,80.2300033569336,80.29000091552734,80.20999908447266,80.2699966430664,58.36599349975586,316100
2007-07-26,80.38999938964844,80.5199966430664,80.37999725341797,80.45999908447266,58.504093170166016,1740500
2007-07-27,80.5,80.56999969482422,80.44000244140625,80.55000305175781,58.56951904296875,1063600
2007-07-30,80.55999755859375,80.61000061035156,80.44999694824219,80.44999694824219,58.496795654296875,778700
2007-07-31,80.45999908447266,80.58000183105469,80.41000366210938,80.58000183105469,58.59130859375,449900
2007-08-01,80.26000213623047,80.31999969482422,80.16999816894531,80.19999694824219,58.53435516357422,865700
2007-08-02,80.19999694824219,80.25,80.16000366210938,80.23999786376953,58.56361389160156,386200
2007-08-03,80.30000305175781,80.44999694824219,80.29000091552734,80.44000244140625,58.7096061706543,678200
2007-08-06,80.41999816894531,80.48999786376953,80.31999969482422,80.33999633789062,58.636573791503906,2911800
2007-08-07,80.31999969482422,80.45999908447266,80.20999908447266,80.2699966430664,58.585533142089844,818900
2007-08-08,80.20999908447266,80.23999786376953,80.12000274658203,80.20999908447266,58.54171371459961,533600
2007-08-09,80.37999725341797,80.44000244140625,80.31999969482422,80.44000244140625,58.7096061706543,1314300
2007-08-10,80.5,80.5199966430664,80.37999725341797,80.41000366210938,58.687713623046875,1899400
2007-08-13,80.38999938964844,80.5,80.36000061035156,80.4800033569336,58.738807678222656,603400
2007-08-14,80.4000015258789,80.58999633789062,80.4000015258789,80.58999633789062,58.81911087036133,1720300
2007-08-15,80.66999816894531,80.7699966430664,80.5999984741211,80.69999694824219,58.89934158325195,1299000
2007-08-16,80.83999633789062,81.1500015258789,80.80000305175781,80.86000061035156,59.01612854003906,2481100
2007-08-17,80.86000061035156,80.97000122070312,80.80999755859375,80.93000030517578,59.06722640991211,936000
2007-08-20,80.93000030517578,81.0999984741211,80.91999816894531,81.02999877929688,59.14021301269531,1029600
2007-08-21,81.22000122070312,81.2300033569336,81.01000213623047,81.13999938964844,59.22050476074219,876500
2007-08-22,81.0,81.05999755859375,80.94999694824219,81.02999877929688,59.14021301269531,774100
2007-08-23,80.93000030517578,81.08000183105469,80.88999938964844,80.9800033569336,59.10369873046875,842000
2007-08-24,80.94999694824219,80.97000122070312,80.79000091552734,80.83000183105469,58.99422073364258,700700
2007-08-27,80.88999938964844,80.95999908447266,80.81999969482422,80.94000244140625,59.074546813964844,480400
2007-08-28,80.9800033569336,81.1500015258789,80.97000122070312,81.1500015258789,59.22779083251953,602800
2007-08-29,81.0999984741211,81.19999694824219,81.05000305175781,81.05000305175781,59.15481185913086,443600
2007-08-30,81.12999725341797,81.19000244140625,81.08000183105469,81.12000274658203,59.205902099609375,389600
2007-08-31,81.05000305175781,81.25,80.9000015258789,81.12000274658203,59.205902099609375,2442400
2007-09-04,80.98999786376953,80.98999786376953,80.27999877929688,80.80999755859375,59.202964782714844,603600
2007-09-05,80.95999908447266,81.05000305175781,80.9000015258789,81.0199966430664,59.35679626464844,358700
2007-09-06,81.0,81.01000213623047,80.79000091552734,80.91999816894531,59.283546447753906,339600
2007-09-07,81.16999816894531,81.22000122070312,81.0999984741211,81.19999694824219,59.488651275634766,470900
2007-09-10,81.22000122070312,81.31999969482422,81.0999984741211,81.2300033569336,59.51066207885742,691300
2007-09-11,81.18000030517578,81.22000122070312,81.11000061035156,81.11000061035156,59.42276382446289,537700
2007-09-12,81.1500015258789,81.30999755859375,81.11000061035156,81.18000030517578,59.4739990234375,410100
2007-09-13,81.11000061035156,81.1500015258789,80.98999786376953,81.05999755859375,59.386104583740234,532100
2007-09-14,81.16000366210938,81.20999908447266,80.80999755859375,81.05000305175781,59.3787956237793,451100
2007-09-17,80.95999908447266,81.1500015258789,80.95999908447266,81.04000091552734,59.37144470214844,347900
2007-09-18,80.94999694824219,81.19999694824219,79.87000274658203,81.1500015258789,59.45204162597656,743300
2007-09-19,81.06999969482422,81.27999877929688,81.06999969482422,81.1500015258789,59.45204162597656,1602400
2007-09-20,81.11000061035156,81.16000366210938,80.97000122070312,80.9800033569336,59.32748031616211,2156700
2007-09-21,81.0199966430664,81.18000030517578,81.0,81.08999633789062,59.40808868408203,418300
2007-09-24,81.12000274658203,81.19000244140625,81.05999755859375,81.18000030517578,59.4739990234375,289400
2007-09-25,81.2300033569336,81.30999755859375,81.12999725341797,81.25,59.525306701660156,611400
2007-09-26,81.23999786376953,81.31999969482422,81.16999816894531,81.19999694824219,59.488651275634766,528000
2007-09-27,81.2300033569336,81.44000244140625,81.2300033569336,81.3499984741211,59.598602294921875,878800
2007-09-28,81.33000183105469,81.41999816894531,81.26000213623047,81.26000213623047,59.532684326171875,701000
2007-10-01,81.0199966430664,81.06999969482422,80.94999694824219,80.9800033569336,59.54511260986328,5263100
2007-10-02,80.91999816894531,81.05000305175781,80.91999816894531,81.02999877929688,59.581905364990234,1337200
2007-10-03,81.11000061035156,81.12999725341797,80.9800033569336,81.0199966430664,59.57453536987305,1713300
2007-10-04,81.02999877929688,81.06999969482422,81.0,81.05999755859375,59.60395050048828,219200
2007-10-05,80.9000015258789,81.05000305175781,80.88999938964844,80.97000122070312,59.53776168823242,2065600
2007-10-08,81.05999755859375,81.08000183105469,80.9000015258789,81.05000305175781,59.59661102294922,268400
2007-10-09,80.9000015258789,80.95999908447266,80.8499984741211,80.87000274658203,59.46428298950195,1313900
2007-10-10,80.83999633789062,80.91999816894531,80.79000091552734,80.88999938964844,59.47895050048828,477100
2007-10-11,80.7699966430664,80.91999816894531,80.7699966430664,80.91000366210938,59.49368667602539,1196000
2007-10-12,80.83000183105469,80.88999938964844,80.77999877929688,80.81999969482422,59.427547454833984,1798400
2007-10-15,80.75,80.8499984741211,80.72000122070312,80.81999969482422,59.427547454833984,2014700
2007-10-16,80.87000274658203,81.0999984741211,80.87000274658203,80.91999816894531,59.50101852416992,561900
2007-10-17,80.97000122070312,81.18000030517578,80.97000122070312,81.11000061035156,59.6407470703125,1432000
2007-10-18,81.25,81.27999877929688,81.16999816894531,81.22000122070312,59.72160720825195,385600
2007-10-19,81.30000305175781,81.5199966430664,81.2699966430664,81.43000030517578,59.87603759765625,900600
2007-10-22,81.3499984741211,81.4800033569336,81.19999694824219,81.36000061035156,59.824607849121094,607400
2007-10-23,81.33999633789062,81.4000015258789,81.30000305175781,81.37000274658203,59.831947326660156,380100
2007-10-24,81.41999816894531,81.58999633789062,81.41999816894531,81.52999877929688,59.94955825805664,457500
2007-10-25,81.55999755859375,81.58999633789062,81.4800033569336,81.4800033569336,59.912872314453125,566300
2007-10-26,81.47000122070312,81.56999969482422,81.43000030517578,81.48999786376953,59.9201545715332,1568500
2007-10-29,81.5,81.52999877929688,81.44000244140625,81.48999786376953,59.9201545715332,592000
2007-10-30,81.45999908447266,81.5,81.44000244140625,81.4800033569336,59.912872314453125,293000
2007-10-31,81.45999908447266,81.48999786376953,81.30999755859375,81.3499984741211,59.817237854003906,554900
2007-11-01,81.08999633789062,81.31999969482422,81.08999633789062,81.30999755859375,60.01128387451172,1776000
2007-11-02,81.2300033569336,81.69000244140625,81.2300033569336,81.41000366210938,60.08510971069336,418900
2007-11-05,81.48999786376953,81.5,81.3499984741211,81.4000015258789,60.0777702331543,520700
2007-11-06,81.37999725341797,81.47000122070312,81.3499984741211,81.3499984741211,60.04085922241211,996400
2007-11-07,81.48999786376953,81.5999984741211,81.44000244140625,81.58000183105469,60.2105598449707,484400
2007-11-08,81.63999938964844,81.80999755859375,81.58000183105469,81.70999908447266,60.30656433105469,1829600
2007-11-09,81.83000183105469,82.05999755859375,81.69000244140625,81.73999786376953,60.32869338989258,1566300
2007-11-12,81.9000015258789,81.97000122070312,81.76000213623047,81.93000030517578,60.468910217285156,699100
2007-11-13,81.77999877929688,81.83999633789062,81.5999984741211,81.68000030517578,60.284385681152344,1081200
2007-11-14,81.6500015258789,81.75,81.62000274658203,81.72000122070312,60.31389617919922,570400
2007-11-15,81.9000015258789,82.0,81.83999633789062,81.98999786376953,60.51319122314453,630200
2007-11-16,81.98999786376953,82.05999755859375,81.93000030517578,81.98999786376953,60.51319122314453,434500
2007-11-19,82.0,82.30000305175781,81.6500015258789,82.26000213623047,60.71243667602539,973800
2007-11-20,82.23999786376953,82.33999633789062,82.1500015258789,82.2300033569336,60.69033432006836,620000
2007-11-21,82.38999938964844,82.55000305175781,82.38999938964844,82.48999786376953,60.882205963134766,1685000
2007-11-23,82.43000030517578,82.5,82.3499984741211,82.4000015258789,60.81576919555664,275600
2007-11-26,82.44000244140625,83.1500015258789,82.25,82.62999725341797,60.98560333251953,983500
2007-11-27,82.55999755859375,82.9800033569336,82.33000183105469,82.37999725341797,60.80104446411133,793900
2007-11-28,82.33999633789062,82.37999725341797,82.2300033569336,82.30999755859375,60.749359130859375,740300
2007-11-29,82.43000030517578,82.5999984741211,82.37999725341797,82.45999908447266,60.860050201416016,509000
2007-11-30,82.36000061035156,82.52999877929688,82.30999755859375,82.5,60.88962936401367,640200
2007-12-03,82.3499984741211,82.41999816894531,81.95999908447266,82.41000366210938,61.027347564697266,486000
2007-12-04,82.52999877929688,82.52999877929688,82.31999969482422,82.4000015258789,61.0199089050293,1015400
2007-12-05,82.33999633789062,82.47000122070312,82.30000305175781,82.43000030517578,61.04212951660156,615100
2007-12-06,82.37000274658203,82.37000274658203,82.22000122070312,82.26000213623047,60.9162712097168,1601200
2007-12-07,82.26000213623047,82.26000213623047,82.08000183105469,82.16999816894531,60.849605560302734,888000
2007-12-10,82.19999694824219,82.20999908447266,82.06999969482422,82.11000061035156,60.80521011352539,499000
2007-12-11,82.12000274658203,82.41999816894531,82.05999755859375,82.41000366210938,61.027347564697266,1751200
2007-12-12,82.05000305175781,82.29000091552734,82.0,82.19999694824219,60.87183380126953,452900
2007-12-13,82.12000274658203,82.2300033569336,82.05000305175781,82.08000183105469,60.7829704284668,493100
2007-12-14,82.01000213623047,82.04000091552734,81.87999725341797,81.87999725341797,60.634830474853516,539300
2007-12-17,81.95999908447266,82.12000274658203,81.95999908447266,82.12000274658203,60.81258773803711,662700
2007-12-18,82.13999938964844,82.18000030517578,82.0199966430664,82.06999969482422,60.775550842285156,697000
2007-12-19,82.18000030517578,82.33000183105469,82.05999755859375,82.27999877929688,60.931068420410156,718100
2007-12-20,82.31999969482422,82.4000015258789,82.19999694824219,82.33999633789062,60.97548294067383,1304600
2007-12-21,82.30000305175781,82.31999969482422,82.13999938964844,82.20999908447266,60.87921142578125,2023700
2007-12-24,82.08000183105469,82.16000366210938,82.04000091552734,82.13999938964844,60.827396392822266,314800
2007-12-26,82.11000061035156,82.18000030517578,82.0,82.05999755859375,60.76816177368164,472700
2007-12-27,82.0199966430664,82.0199966430664,81.8499984741211,81.95999908447266,60.90114212036133,688500
2007-12-28,81.94999694824219,82.08000183105469,81.94999694824219,82.05999755859375,60.97548294067383,584100
2007-12-31,82.11000061035156,82.19000244140625,82.0999984741211,82.19000244140625,61.072086334228516,1120400
2008-01-02,82.2699966430664,82.44000244140625,82.16000366210938,82.33999633789062,61.183494567871094,1471100
2008-01-03,82.43000030517578,82.5,82.31999969482422,82.47000122070312,61.28010940551758,408400
2008-01-04,82.6500015258789,82.66999816894531,82.55000305175781,82.58999633789062,61.36928939819336,884700
2008-01-07,82.58000183105469,82.61000061035156,82.5,82.54000091552734,61.33217239379883,917400
2008-01-08,82.54000091552734,82.66000366210938,82.47000122070312,82.66000366210938,61.42132568359375,1154500
2008-01-09,82.70999908447266,82.7300033569336,82.61000061035156,82.62000274658203,61.39162063598633,2590700
2008-01-10,82.63999938964844,82.73999786376953,82.58999633789062,82.62000274658203,61.39162063598633,997700
2008-01-11,82.66000366210938,82.87000274658203,82.66000366210938,82.8499984741211,61.56248092651367,490100
2008-01-14,82.83999633789062,82.87999725341797,82.79000091552734,82.87999725341797,61.58473205566406,1272300
2008-01-15,82.93000030517578,82.94999694824219,82.83999633789062,82.94999694824219,61.63677215576172,1448400
2008-01-16,83.0,83.05000305175781,82.9000015258789,83.0199966430664,61.68878936767578,965700
2008-01-17,82.97000122070312,83.18000030517578,82.94000244140625,83.16000366210938,61.79281997680664,1032200
2008-01-18,83.13999938964844,83.29000091552734,83.0999984741211,83.2300033569336,61.84485626220703,939100
2008-01-22,84.4800033569336,84.4800033569336,83.43000030517578,83.58000183105469,62.104915618896484,2395400
2008-01-23,83.9800033569336,83.9800033569336,83.5199966430664,83.54000091552734,62.075157165527344,1906100
2008-01-24,83.54000091552734,83.54000091552734,83.27999877929688,83.27999877929688,61.881988525390625,1047100
2008-01-25,83.16000366210938,83.52999877929688,83.1500015258789,83.5,62.04547119140625,1281300
2008-01-28,83.47000122070312,83.52999877929688,83.4000015258789,83.45999908447266,62.0157356262207,758600
2008-01-29,83.3499984741211,83.41999816894531,83.30000305175781,83.41000366210938,61.978553771972656,872000
2008-01-30,83.4000015258789,83.47000122070312,83.25,83.47000122070312,62.02317810058594,3025000
2008-01-31,83.62999725341797,83.66000366210938,83.4800033569336,83.55000305175781,62.082664489746094,905800
2008-02-01,83.48999786376953,83.5,83.37000274658203,83.41999816894531,62.150428771972656,1754600
2008-02-04,83.38999938964844,83.91999816894531,83.3499984741211,83.43000030517578,62.15785217285156,787300
2008-02-05,83.63999938964844,83.6500015258789,83.52999877929688,83.62000274658203,62.299415588378906,1949700
2008-02-06,83.62999725341797,83.68000030517578,83.55000305175781,83.6500015258789,62.321781158447266,898700
2008-02-07,83.72000122070312,83.72000122070312,83.47000122070312,83.54000091552734,62.23981857299805,2791400
2008-02-08,83.58000183105469,83.69999694824219,83.56999969482422,83.69000244140625,62.35161209106445,2447100
2008-02-11,83.70999908447266,83.77999877929688,83.66999816894531,83.72000122070312,62.373924255371094,669400
2008-02-12,83.58999633789062,83.76000213623047,83.58000183105469,83.75,62.39628601074219,936700
2008-02-13,83.7699966430664,83.86000061035156,83.7300033569336,83.77999877929688,62.41862869262695,632300
2008-02-14,83.75,83.80000305175781,83.69000244140625,83.72000122070312,62.373924255371094,1471200
2008-02-15,83.77999877929688,83.83999633789062,83.55999755859375,83.62999725341797,62.306884765625,1830200
2008-02-19,83.66000366210938,83.69999694824219,83.5199966430664,83.56999969482422,62.262176513671875,1031900
2008-02-20,83.5999984741211,83.63999938964844,83.41999816894531,83.47000122070312,62.187679290771484,822500
2008-02-21,83.41999816894531,83.70999908447266,83.3499984741211,83.69999694824219,62.359039306640625,588900
2008-02-22,83.62000274658203,83.73999786376953,83.58000183105469,83.61000061035156,62.29200744628906,1470900
2008-02-25,83.5999984741211,83.6500015258789,83.44000244140625,83.4800033569336,62.19512176513672,689400
2008-02-26,83.4800033569336,83.62000274658203,83.4800033569336,83.5999984741211,62.284515380859375,657700
2008-02-27,83.70999908447266,83.77999877929688,83.5999984741211,83.69999694824219,62.359039306640625,1626500
2008-02-28,83.86000061035156,83.9000015258789,83.80000305175781,83.9000015258789,62.50802230834961,823700
2008-02-29,84.08000183105469,84.20999908447266,83.97000122070312,84.19000244140625,62.724082946777344,901700
2008-03-03,84.05000305175781,84.08000183105469,83.9000015258789,84.02999877929688,62.726295471191406,1341900
2008-03-04,84.04000091552734,84.23999786376953,83.9800033569336,84.01000213623047,62.71137619018555,662900
2008-03-05,84.05000305175781,84.0999984741211,83.88999938964844,83.95999908447266,62.67406463623047,607700
2008-03-06,84.12999725341797,84.20999908447266,84.05999755859375,84.20999908447266,62.86073303222656,1482800
2008-03-07,84.27999877929688,84.33000183105469,84.01000213623047,84.16999816894531,62.83080291748047,1557200
2008-03-10,84.16000366210938,84.30999755859375,84.08999633789062,84.26000213623047,62.89804458618164,701400
2008-03-11,83.98999786376953,84.0,83.83999633789062,83.83999633789062,62.584503173828125,638300
2008-03-12,83.91999816894531,84.12999725341797,83.9000015258789,84.11000061035156,62.78606414794922,459200
2008-03-13,84.22000122070312,84.29000091552734,84.01000213623047,84.06999969482422,62.75618362426758,915400
2008-03-14,84.0199966430664,84.44999694824219,84.0199966430664,84.31999969482422,62.94279098510742,1031000
2008-03-17,84.54000091552734,84.61000061035156,84.41000366210938,84.51000213623047,63.08468246459961,851000
2008-03-18,84.43000030517578,84.5,84.16999816894531,84.20999908447266,62.86073303222656,735400
2008-03-19,84.18000030517578,84.37999725341797,84.06999969482422,84.30000305175781,62.92789840698242,696300
2008-03-20,84.27999877929688,84.44000244140625,84.0999984741211,84.19999694824219,62.853233337402344,1289400
2008-03-24,84.0199966430664,84.0199966430664,83.81999969482422,83.8499984741211,62.591957092285156,849600
2008-03-25,83.95999908447266,84.02999877929688,83.91000366210938,83.91000366210938,62.63681411743164,1870900
2008-03-26,84.04000091552734,84.16000366210938,83.94999694824219,84.08999633789062,62.77116775512695,474100
2008-03-27,84.11000061035156,84.19000244140625,84.08000183105469,84.18000030517578,62.83832931518555,437800
2008-03-28,84.1500015258789,84.22000122070312,84.02999877929688,84.22000122070312,62.86818313598633,370800
2008-03-31,84.22000122070312,84.2699966430664,84.18000030517578,84.23999786376953,62.88307571411133,474400
2008-04-01,83.91000366210938,83.97000122070312,83.76000213623047,83.76000213623047,62.655723571777344,2527500
2008-04-02,83.72000122070312,83.80000305175781,83.58000183105469,83.69000244140625,62.60334777832031,818600
2008-04-03,83.75,83.77999877929688,83.61000061035156,83.62999725341797,62.558494567871094,688400
2008-04-04,83.69999694824219,83.79000091552734,83.68000030517578,83.77999877929688,62.670677185058594,1027900
2008-04-07,83.6500015258789,83.68000030517578,83.5,83.62000274658203,62.550968170166016,574700
2008-04-08,83.66000366210938,83.73999786376953,83.62999725341797,83.66999816894531,62.58835220336914,986000
2008-04-09,83.80999755859375,83.93000030517578,83.77999877929688,83.83000183105469,62.70805740356445,610500
2008-04-10,83.91999816894531,83.94000244140625,83.76000213623047,83.80000305175781,62.68562698364258,433900
2008-04-11,83.86000061035156,83.94000244140625,83.8499984741211,83.94000244140625,62.79030990600586,1193300
2008-04-14,83.91999816894531,83.94999694824219,83.87000274658203,83.88999938964844,62.752925872802734,551000
2008-04-15,83.83000183105469,83.87000274658203,83.73999786376953,83.77999877929688,62.670677185058594,483800
2008-04-16,83.77999877929688,83.80000305175781,83.56999969482422,83.5999984741211,62.5360221862793,1370900
2008-04-17,83.62000274658203,83.62000274658203,83.3499984741211,83.44999694824219,62.4238166809082,792700
2008-04-18,83.27999877929688,83.4000015258789,83.19000244140625,83.4000015258789,62.38636779785156,1436200
2008-04-21,83.3499984741211,83.41000366210938,83.29000091552734,83.31999969482422,62.3265495300293,753400
2008-04-22,83.29000091552734,83.37000274658203,83.27999877929688,83.3499984741211,62.34895324707031,494100
2008-04-23,83.33000183105469,83.38999938964844,83.2699966430664,83.3499984741211,62.34895324707031,505600
2008-04-24,83.19999694824219,83.26000213623047,83.06999969482422,83.12000274658203,62.17693328857422,975700
2008-04-25,83.05999755859375,83.19000244140625,83.05999755859375,83.12999725341797,62.18442153930664,1386000
2008-04-28,83.12999725341797,83.2300033569336,83.04000091552734,83.22000122070312,62.25177764892578,593600
2008-04-29,83.26000213623047,83.30999755859375,83.19000244140625,83.19999694824219,62.236778259277344,695300
2008-04-30,83.22000122070312,83.36000061035156,83.08999633789062,83.36000061035156,62.35641860961914,870600
2008-05-01,83.27999877929688,83.27999877929688,83.01000213623047,83.05000305175781,62.24557113647461,1129900
2008-05-02,82.91000366210938,83.48999786376953,82.8499984741211,82.94000244140625,62.163124084472656,878100
2008-05-05,83.0,83.05999755859375,82.94000244140625,83.02999877929688,62.23058319091797,723600
2008-05-06,83.11000061035156,83.18000030517578,82.98999786376953,83.08000183105469,62.26799774169922,893400
2008-05-07,83.0199966430664,83.18000030517578,83.0199966430664,83.18000030517578,62.3430061340332,861500
2008-05-08,83.25,83.30999755859375,83.13999938964844,83.25,62.39552688598633,1319900
2008-05-09,83.33999633789062,83.3499984741211,83.23999786376953,83.27999877929688,62.417911529541016,848600
2008-05-12,83.20999908447266,83.30000305175781,83.12000274658203,83.12000274658203,62.29802703857422,569800
2008-05-13,83.01000213623047,83.08000183105469,82.91000366210938,82.9800033569336,62.19309616088867,557100
2008-05-14,83.0199966430664,83.0199966430664,82.80999755859375,82.91999816894531,62.14807891845703,574000
2008-05-15,82.88999938964844,83.04000091552734,82.88999938964844,82.98999786376953,62.20056915283203,657100
2008-05-16,82.88999938964844,83.08999633789062,82.88999938964844,83.01000213623047,62.215553283691406,417200
2008-05-19,83.06999969482422,83.11000061035156,82.97000122070312,83.0999984741211,62.283042907714844,371100
2008-05-20,83.0999984741211,83.2300033569336,83.0999984741211,83.22000122070312,62.372989654541016,462600
2008-05-21,83.13999938964844,83.23999786376953,83.0999984741211,83.12999725341797,62.30552291870117,900100
2008-05-22,82.98999786376953,83.0,82.86000061035156,82.9000015258789,62.13311767578125,433700
2008-05-23,82.95999908447266,83.13999938964844,82.95999908447266,83.05999755859375,62.25303268432617,555000
2008-05-27,83.02999877929688,83.06999969482422,82.91999816894531,82.97000122070312,62.185604095458984,501600
2008-05-28,82.91000366210938,82.93000030517578,82.80999755859375,82.81999969482422,62.073143005371094,413700
2008-05-29,82.73999786376953,82.81999969482422,82.54000091552734,82.79000091552734,62.05067443847656,439600
2008-05-30,82.87999725341797,82.94999694824219,82.86000061035156,82.91000366210938,62.140586853027344,1970100
2008-06-02,82.69999694824219,82.9000015258789,82.68000030517578,82.8499984741211,62.26314163208008,369300
2008-06-03,82.93000030517578,83.0,82.69999694824219,82.97000122070312,62.353328704833984,445000
2008-06-04,83.0,83.0199966430664,82.88999938964844,82.94000244140625,62.33076858520508,607100
2008-06-05,82.87999725341797,82.91999816894531,82.80000305175781,82.83000183105469,62.248085021972656,679300
2008-06-06,82.91000366210938,83.06999969482422,82.88999938964844,82.94000244140625,62.33076858520508,345400
2008-06-09,82.79000091552734,82.80000305175781,82.51000213623047,82.5199966430664,62.01510238647461,566100
2008-06-10,82.4000015258789,82.45999908447266,82.27999877929688,82.33000183105469,61.872318267822266,1293900
2008-06-11,82.4000015258789,82.52999877929688,82.33000183105469,82.47000122070312,61.97758865356445,641300
2008-06-12,82.27999877929688,82.33999633789062,82.06999969482422,82.06999969482422,61.67692565917969,1064700
2008-06-13,82.20999908447266,82.33999633789062,82.13999938964844,82.16000366210938,61.74454879760742,834300
2008-06-16,82.19999694824219,82.26000213623047,82.16999816894531,82.20999908447266,61.78211975097656,318500
2008-06-17,82.29000091552734,82.37999725341797,82.25,82.37000274658203,61.90237045288086,388300
2008-06-18,82.37000274658203,82.4800033569336,82.37000274658203,82.44999694824219,61.96249008178711,1229800
2008-06-19,82.37000274658203,82.44000244140625,82.27999877929688,82.29000091552734,61.84227752685547,549000
2008-06-20,82.38999938964844,82.51000213623047,82.38999938964844,82.44000244140625,61.954994201660156,362800
2008-06-23,82.36000061035156,82.44000244140625,82.30999755859375,82.3499984741211,61.8873405456543,924300
2008-06-24,82.4000015258789,82.52999877929688,82.37999725341797,82.5,62.00007629394531,650600
2008-06-25,82.44999694824219,82.5999984741211,82.3499984741211,82.55999755859375,62.0451545715332,838000
2008-06-26,82.58999633789062,82.81999969482422,82.58999633789062,82.80000305175781,62.2255744934082,1378900
2008-06-27,82.8499984741211,82.87000274658203,82.69999694824219,82.83999633789062,62.25554275512695,812900
2008-06-30,82.80999755859375,82.88999938964844,82.75,82.88999938964844,62.29319381713867,953300
2008-07-01,82.76000213623047,82.8499984741211,82.63999938964844,82.6500015258789,62.2773551940918,1032300
2008-07-02,82.61000061035156,82.75,82.5999984741211,82.66000366210938,62.28487014770508,903200
2008-07-03,82.75,82.83000183105469,82.66000366210938,82.80000305175781,62.39038848876953,328900
2008-07-07,82.81999969482422,83.01000213623047,82.7300033569336,82.8499984741211,62.42805862426758,1115100
2008-07-08,82.87999725341797,83.0,82.80999755859375,82.86000061035156,62.435569763183594,507000
2008-07-09,82.8499984741211,83.0,82.80999755859375,83.0,62.54105758666992,459000
2008-07-10,83.0,83.0,82.88999938964844,82.9000015258789,62.46572494506836,736100
2008-07-11,82.94999694824219,82.95999908447266,82.68000030517578,82.7300033569336,62.33768081665039,532200
2008-07-14,82.76000213623047,82.93000030517578,82.68000030517578,82.91999816894531,62.48076248168945,681300
2008-07-15,83.0,83.19000244140625,82.95999908447266,83.04000091552734,62.571224212646484,715700
2008-07-16,83.0199966430664,83.06999969482422,82.94999694824219,82.95999908447266,62.51093673706055,618700
2008-07-17,82.91999816894531,82.97000122070312,82.77999877929688,82.83999633789062,62.420475006103516,937600
2008-07-18,82.87000274658203,82.91000366210938,82.62999725341797,82.69000244140625,62.307518005371094,1190400
2008-07-21,82.66999816894531,82.7300033569336,82.58999633789062,82.7300033569336,62.33768081665039,811900
2008-07-22,82.72000122070312,82.72000122070312,82.56999969482422,82.66000366210938,62.28487014770508,1046200
2008-07-23,82.55000305175781,82.63999938964844,82.48999786376953,82.62000274658203,62.25470733642578,867600
2008-07-24,82.62999725341797,82.86000061035156,82.62999725341797,82.8499984741211,62.42805862426758,520000
2008-07-25,82.81999969482422,82.8499984741211,82.69999694824219,82.73999786376953,62.34515380859375,874800
2008-07-28,82.83999633789062,82.91999816894531,82.81999969482422,82.91000366210938,62.47323226928711,513100
2008-07-29,82.87000274658203,82.87000274658203,82.76000213623047,82.83999633789062,62.420475006103516,487900
2008-07-30,82.7699966430664,82.91999816894531,82.76000213623047,82.86000061035156,62.435569763183594,516000
2008-07-31,82.95999908447266,83.04000091552734,82.94999694824219,83.02999877929688,62.563716888427734,629900
2008-08-01,82.77999877929688,82.79000091552734,82.70999908447266,82.77999877929688,62.57575225830078,657400
2008-08-04,82.76000213623047,82.81999969482422,82.7300033569336,82.7699966430664,62.56821060180664,935500
2008-08-05,82.75,82.76000213623047,82.68000030517578,82.7300033569336,62.53799057006836,567900
2008-08-06,82.76000213623047,82.7699966430664,82.6500015258789,82.73999786376953,62.54555892944336,534700
2008-08-07,82.80999755859375,82.94000244140625,82.80999755859375,82.91999816894531,62.681636810302734,445700
2008-08-08,82.94000244140625,83.0,82.79000091552734,82.8499984741211,62.62870407104492,530000
2008-08-11,82.83999633789062,82.83999633789062,82.56999969482422,82.73999786376953,62.54555892944336,711000
2008-08-12,82.87000274658203,82.91000366210938,82.83999633789062,82.88999938964844,62.65892028808594,587800
2008-08-13,82.97000122070312,82.9800033569336,82.83999633789062,82.87999725341797,62.65135192871094,1158100
2008-08-14,82.93000030517578,82.94999694824219,82.86000061035156,82.91000366210938,62.67402648925781,1061400
2008-08-15,83.0199966430664,83.05000305175781,82.93000030517578,82.97000122070312,62.71943283081055,1816300
2008-08-18,82.98999786376953,83.06999969482422,82.95999908447266,83.04000091552734,62.772315979003906,537000
2008-08-19,83.13999938964844,83.1500015258789,83.05000305175781,83.0999984741211,62.81775665283203,683800
2008-08-20,83.08999633789062,83.22000122070312,83.08999633789062,83.20999908447266,62.90085220336914,717200
2008-08-21,83.19000244140625,83.19000244140625,83.08999633789062,83.13999938964844,62.8478889465332,540600
2008-08-22,83.05000305175781,83.05000305175781,82.94999694824219,82.98999786376953,62.734596252441406,509600
2008-08-25,83.08999633789062,83.13999938964844,83.06999969482422,83.12999725341797,62.840309143066406,511800
2008-08-26,83.08999633789062,83.0999984741211,83.02999877929688,83.0999984741211,62.81775665283203,600200
2008-08-27,83.05999755859375,83.1500015258789,83.0199966430664,83.1500015258789,62.85551071166992,664000
2008-08-28,83.11000061035156,83.12000274658203,83.04000091552734,83.11000061035156,62.825286865234375,510300
2008-08-29,83.06999969482422,83.1500015258789,83.02999877929688,83.1500015258789,62.85551071166992,597400
2008-09-02,82.83999633789062,83.0199966430664,82.77999877929688,83.0199966430664,62.93502426147461,645200
2008-09-03,83.04000091552734,83.0999984741211,83.01000213623047,83.05000305175781,62.95782470703125,947200
2008-09-04,83.05999755859375,83.16999816894531,83.05000305175781,83.0999984741211,62.995750427246094,861400
2008-09-05,83.19999694824219,83.2300033569336,83.04000091552734,83.06999969482422,62.97293472290039,1047500
2008-09-08,82.88999938964844,83.04000091552734,82.81999969482422,83.02999877929688,62.942665100097656,505100
2008-09-09,82.98999786376953,83.20999908447266,82.87999725341797,83.16000366210938,63.04120635986328,642200
2008-09-10,83.11000061035156,83.19999694824219,83.04000091552734,83.18000030517578,63.05635452270508,536600
2008-09-11,83.2699966430664,83.29000091552734,83.13999938964844,83.1500015258789,63.03365707397461,825500
2008-09-12,83.18000030517578,83.23999786376953,83.05000305175781,83.16000366210938,63.04120635986328,1061400
2008-09-15,83.69999694824219,83.79000091552734,83.48999786376953,83.75,63.488502502441406,1710200
2008-09-16,84.02999877929688,84.05999755859375,83.58000183105469,83.5999984741211,63.374755859375,1671800
2008-09-17,83.93000030517578,84.0199966430664,83.41999816894531,84.0,63.67798614501953,5535100
2008-09-18,83.87000274658203,84.29000091552734,83.6500015258789,83.7300033569336,63.47325897216797,13824800
2008-09-19,83.05999755859375,83.36000061035156,83.0199966430664,83.26000213623047,63.11702346801758,3398300
2008-09-22,83.05999755859375,83.33000183105469,83.01000213623047,83.31999969482422,63.16249084472656,1542400
2008-09-23,83.41999816894531,83.41999816894531,83.22000122070312,83.37999725341797,63.2080192565918,1226200
2008-09-24,83.4000015258789,83.58000183105469,83.30999755859375,83.55999755859375,63.34440994262695,831100
2008-09-25,83.55000305175781,83.55999755859375,83.2699966430664,83.41000366210938,63.230751037597656,1089800
2008-09-26,83.5999984741211,83.62000274658203,83.4000015258789,83.41000366210938,63.230751037597656,1268200
2008-09-29,83.68000030517578,84.16000366210938,83.58000183105469,83.88999938964844,63.59458541870117,2506000
2008-09-30,83.97000122070312,84.0199966430664,83.55999755859375,83.55999755859375,63.34440994262695,1460200
2008-10-01,83.55000305175781,83.62999725341797,83.31999969482422,83.54000091552734,63.54217529296875,4156600
2008-10-02,83.70999908447266,83.87000274658203,83.58999633789062,83.72000122070312,63.679100036621094,2180500
2008-10-03,83.81999969482422,83.94999694824219,83.5,83.94999694824219,63.85403823852539,1009900
2008-10-06,84.05000305175781,84.2699966430664,83.9800033569336,84.12000274658203,63.983333587646484,2985200
2008-10-07,83.97000122070312,84.16999816894531,83.86000061035156,84.13999938964844,63.99851989746094,5766800
2008-10-08,84.33000183105469,84.33999633789062,83.61000061035156,83.77999877929688,63.72475814819336,7752100
2008-10-09,83.72000122070312,83.8499984741211,83.58999633789062,83.83000183105469,63.7628059387207,6909600
2008-10-10,84.0,84.12000274658203,83.48999786376953,83.95999908447266,63.86165237426758,4586600
2008-10-13,83.83000183105469,83.83000183105469,82.7300033569336,83.58999633789062,63.580204010009766,1399300
2008-10-14,83.55000305175781,83.7300033569336,83.3499984741211,83.61000061035156,63.595481872558594,3418700
2008-10-15,83.61000061035156,84.02999877929688,83.61000061035156,83.88999938964844,63.80839157104492,1202300
2008-10-16,83.79000091552734,84.1500015258789,83.77999877929688,83.83999633789062,63.77040100097656,1174500
2008-10-17,83.94999694824219,84.0199966430664,83.75,83.9000015258789,63.816001892089844,942100
2008-10-20,83.9800033569336,84.06999969482422,83.77999877929688,83.83999633789062,63.77040100097656,1514800
2008-10-21,84.08999633789062,84.11000061035156,83.83999633789062,84.01000213623047,63.89969253540039,711100
2008-10-22,84.02999877929688,84.16000366210938,83.88999938964844,84.12999725341797,63.99098205566406,1161600
2008-10-23,84.08000183105469,84.30999755859375,83.93000030517578,84.08000183105469,63.95294952392578,901100
2008-10-24,84.3499984741211,84.37000274658203,84.04000091552734,84.1500015258789,64.00618743896484,1208800
2008-10-27,84.0199966430664,84.12999725341797,83.87999725341797,83.94000244140625,63.846458435058594,1122100
2008-10-28,83.95999908447266,84.08000183105469,83.87999725341797,84.04000091552734,63.92253494262695,1028700
2008-10-29,84.12000274658203,84.22000122070312,84.0,84.08999633789062,63.96053695678711,1302400
2008-10-30,84.11000061035156,84.19999694824219,84.01000213623047,84.16000366210938,64.01375579833984,821500
2008-10-31,84.12999725341797,84.19999694824219,84.0199966430664,84.19999694824219,64.04418182373047,1271700
2008-11-03,83.94000244140625,84.02999877929688,83.80000305175781,84.02999877929688,64.1640625,901900
2008-11-04,84.0,84.12000274658203,83.83999633789062,84.0,64.14119720458984,1290100
2008-11-05,83.98999786376953,84.1500015258789,83.94999694824219,84.1500015258789,64.25572967529297,1421400
2008-11-06,84.0199966430664,84.19000244140625,83.97000122070312,84.18000030517578,64.27860260009766,2190300
2008-11-07,84.08000183105469,84.1500015258789,84.01000213623047,84.02999877929688,64.1640625,661000
2008-11-10,84.08000183105469,84.29000091552734,84.01000213623047,84.29000091552734,64.36264038085938,703900
2008-11-11,84.1500015258789,84.37000274658203,84.1500015258789,84.3499984741211,64.40839385986328,493200
2008-11-12,84.33999633789062,84.4800033569336,84.30999755859375,84.4800033569336,64.50768280029297,972600
2008-11-13,84.44999694824219,84.47000122070312,84.25,84.2699966430664,64.34732818603516,1089400
2008-11-14,84.29000091552734,84.41000366210938,84.25,84.25,64.33211517333984,858300
2008-11-17,84.25,84.41000366210938,84.25,84.4000015258789,64.44658660888672,613000
2008-11-18,84.30999755859375,84.5,84.30000305175781,84.48999786376953,64.5153579711914,649600
2008-11-19,84.47000122070312,84.61000061035156,84.43000030517578,84.61000061035156,64.6069564819336,740000
2008-11-20,84.75,84.80000305175781,84.56999969482422,84.7699966430664,64.72911071777344,2529500
2008-11-21,84.62999725341797,84.69999694824219,84.45999908447266,84.62999725341797,64.62227630615234,1693400
2008-11-24,84.45999908447266,84.52999877929688,84.33999633789062,84.41999816894531,64.46185302734375,957100
2008-11-25,84.52999877929688,84.66000366210938,84.41000366210938,84.48999786376953,64.5153579711914,810300
2008-11-26,84.5,84.76000213623047,84.5,84.75,64.71383666992188,671900
2008-11-28,84.63999938964844,84.80000305175781,84.54000091552734,84.80000305175781,64.7520523071289,234700
2008-12-01,84.62999725341797,84.72000122070312,84.5199966430664,84.66000366210938,64.85851287841797,869100
2008-12-02,84.62999725341797,84.70999908447266,84.55000305175781,84.6500015258789,64.85086822509766,725000
2008-12-03,84.56999969482422,84.77999877929688,84.56999969482422,84.72000122070312,64.90445709228516,956300
2008-12-04,84.7300033569336,84.8499984741211,84.6500015258789,84.73999786376953,64.91984558105469,1181300
2008-12-05,84.7699966430664,84.80000305175781,84.51000213623047,84.63999938964844,64.84317016601562,877800
2008-12-08,84.62000274658203,84.66000366210938,84.4800033569336,84.5199966430664,64.75122833251953,1051300
2008-12-09,84.63999938964844,84.77999877929688,84.44999694824219,84.77999877929688,64.95047760009766,980400
2008-12-10,84.69000244140625,84.7699966430664,84.55000305175781,84.66999816894531,64.86621856689453,938100
2008-12-11,84.75,84.87000274658203,84.6500015258789,84.87000274658203,65.01940155029297,919400
2008-12-12,84.77999877929688,84.94999694824219,84.6500015258789,84.91000366210938,65.05010223388672,538500
2008-12-15,84.8499984741211,84.9800033569336,84.75,84.97000122070312,65.09597778320312,1399200
2008-12-16,85.01000213623047,85.13999938964844,84.73999786376953,85.01000213623047,65.12669372558594,734500
2008-12-17,84.98999786376953,85.16999816894531,84.83000183105469,84.83000183105469,64.98876953125,1398100
2008-12-18,85.01000213623047,85.02999877929688,84.86000061035156,84.87000274658203,65.01940155029297,1120900
2008-12-19,84.7699966430664,84.88999938964844,84.75,84.79000091552734,64.95819091796875,848900
2008-12-22,84.79000091552734,84.81999969482422,84.62000274658203,84.62999725341797,64.8355484008789,812700
2008-12-23,84.6500015258789,84.75,84.62000274658203,84.6500015258789,64.85086822509766,698300
2008-12-24,84.69000244140625,84.79000091552734,84.66000366210938,84.66999816894531,64.86621856689453,271600
2008-12-26,84.66000366210938,84.80000305175781,84.6500015258789,84.7699966430664,64.94280242919922,444400
2008-12-29,84.56999969482422,84.68000030517578,84.44999694824219,84.62000274658203,65.08587646484375,715900
2008-12-30,84.5999984741211,84.69999694824219,84.52999877929688,84.69999694824219,65.14737701416016,531900
2008-12-31,84.66999816894531,84.69000244140625,84.45999908447266,84.66000366210938,65.11661529541016,587400
2009-01-02,84.68000030517578,84.68000030517578,84.20999908447266,84.20999908447266,64.77054595947266,1138500
2009-01-05,84.3499984741211,84.45999908447266,84.30999755859375,84.37999725341797,64.90126037597656,5046300
2009-01-06,84.31999969482422,84.45999908447266,84.2699966430664,84.41999816894531,64.9319839477539,1459700
2009-01-07,84.44999694824219,84.44999694824219,84.30000305175781,84.36000061035156,64.88589477539062,2015400
2009-01-08,84.33000183105469,84.48999786376953,84.33000183105469,84.37999725341797,64.90126037597656,805800
2009-01-09,84.38999938964844,84.52999877929688,84.37999725341797,84.44000244140625,64.9474105834961,847200
2009-01-12,84.44000244140625,84.58999633789062,84.41999816894531,84.45999908447266,64.9627914428711,1228000
2009-01-13,84.47000122070312,84.54000091552734,84.4000015258789,84.47000122070312,64.9704818725586,583400
2009-01-14,84.5199966430664,84.6500015258789,84.5199966430664,84.56999969482422,65.04736328125,1117800
2009-01-15,84.55999755859375,84.58999633789062,84.41000366210938,84.4800033569336,64.97814178466797,4473500
2009-01-16,84.41999816894531,84.55999755859375,84.4000015258789,84.5199966430664,65.00888061523438,660600
2009-01-20,84.44999694824219,84.58000183105469,84.37999725341797,84.55999755859375,65.03976440429688,2102800
2009-01-21,84.4800033569336,84.55000305175781,84.41000366210938,84.43000030517578,64.9397201538086,992100
2009-01-22,84.47000122070312,84.55000305175781,84.41999816894531,84.47000122070312,64.9704818725586,568900
2009-01-23,84.43000030517578,84.4800033569336,84.27999877929688,84.44999694824219,64.95508575439453,1840900
2009-01-26,84.43000030517578,84.43000030517578,84.27999877929688,84.33999633789062,64.87049102783203,910100
2009-01-27,84.30000305175781,84.44000244140625,84.30000305175781,84.43000030517578,64.9397201538086,1186800
2009-01-28,84.38999938964844,84.45999908447266,84.33000183105469,84.4000015258789,64.9166259765625,1637100
2009-01-29,84.2699966430664,84.33000183105469,84.22000122070312,84.23999786376953,64.79364013671875,1642800
2009-01-30,84.27999877929688,84.37999725341797,84.2300033569336,84.29000091552734,64.8320541381836,1134300
2009-02-02,84.13999938964844,84.23999786376953,84.12000274658203,84.2300033569336,64.8921127319336,775500
2009-02-03,84.20999908447266,84.23999786376953,84.08000183105469,84.13999938964844,64.82283020019531,872000
2009-02-04,84.12000274658203,84.13999938964844,83.97000122070312,84.0,64.71495056152344,1806100
2009-02-05,84.04000091552734,84.08999633789062,83.97000122070312,84.0199966430664,64.73038482666016,1131500
2009-02-06,84.12000274658203,84.12000274658203,83.97000122070312,83.97000122070312,64.6917953491211,970500
2009-02-09,83.9800033569336,84.05000305175781,83.91999816894531,83.94000244140625,64.66870880126953,823200
2009-02-10,84.0,84.18000030517578,83.95999908447266,84.12999725341797,64.81507873535156,1168400
2009-02-11,84.16000366210938,84.2300033569336,84.0999984741211,84.11000061035156,64.7996597290039,880200
2009-02-12,84.16999816894531,84.26000213623047,84.16999816894531,84.20999908447266,64.87670135498047,879800
2009-02-13,84.1500015258789,84.16999816894531,84.04000091552734,84.05000305175781,64.75345611572266,658100
2009-02-17,84.1500015258789,84.27999877929688,84.1500015258789,84.2699966430664,64.92296600341797,901700
2009-02-18,84.16999816894531,84.23999786376953,84.06999969482422,84.12999725341797,64.81507873535156,622500
2009-02-19,84.06999969482422,84.1500015258789,84.0199966430664,84.0999984741211,64.79203796386719,646200
2009-02-20,84.12999725341797,84.26000213623047,84.12000274658203,84.16999816894531,64.8459243774414,888400
2009-02-23,84.08000183105469,84.16999816894531,84.01000213623047,84.16000366210938,64.83821105957031,2477700
2009-02-24,84.11000061035156,84.19000244140625,84.06999969482422,84.0999984741211,64.79203796386719,863900
2009-02-25,84.0999984741211,84.13999938964844,83.94000244140625,83.94000244140625,64.66870880126953,919000
2009-02-26,83.95999908447266,83.98999786376953,83.91000366210938,83.9800033569336,64.69955444335938,863300
2009-02-27,84.01000213623047,84.08999633789062,83.94999694824219,84.02999877929688,64.738037109375,793500
2009-03-02,84.01000213623047,84.11000061035156,83.97000122070312,84.08999633789062,64.88386535644531,1559300
2009-03-03,84.16999816894531,84.16999816894531,83.97000122070312,84.0199966430664,64.82984924316406,1011700
2009-03-04,83.91999816894531,83.94000244140625,83.83000183105469,83.93000030517578,64.76044464111328,2098600
2009-03-05,83.94000244140625,84.05999755859375,83.91000366210938,84.02999877929688,64.83756256103516,1025300
2009-03-06,83.9000015258789,84.05999755859375,83.87999725341797,83.97000122070312,64.79129791259766,1402800
2009-03-09,83.9800033569336,83.98999786376953,83.80000305175781,83.88999938964844,64.72960662841797,896100
2009-03-10,83.87000274658203,83.87000274658203,83.5,83.83999633789062,64.6909408569336,2253200
2009-03-11,83.83000183105469,83.88999938964844,83.7699966430664,83.87999725341797,64.72186279296875,1011700
2009-03-12,83.8499984741211,83.94000244140625,83.83000183105469,83.91000366210938,64.74502563476562,902300
2009-03-13,83.8499984741211,83.98999786376953,83.83999633789062,83.9800033569336,64.79898071289062,1320000
2009-03-16,83.8499984741211,83.91999816894531,83.8499984741211,83.87000274658203,64.71412658691406,730400
2009-03-17,83.9000015258789,83.93000030517578,83.80000305175781,83.8499984741211,64.69867706298828,1135200
2009-03-18,83.87000274658203,84.19999694824219,83.86000061035156,84.16999816894531,64.94564056396484,2771700
2009-03-19,84.13999938964844,84.16999816894531,84.05999755859375,84.06999969482422,64.86848449707031,2064700
2009-03-20,84.13999938964844,84.20999908447266,84.06999969482422,84.16999816894531,64.94564056396484,1939900
2009-03-23,84.08000183105469,84.1500015258789,84.04000091552734,84.0999984741211,64.89159393310547,1068700
2009-03-24,84.11000061035156,84.12000274658203,83.9800033569336,83.98999786376953,64.80674743652344,2632300
2009-03-25,84.04000091552734,84.05999755859375,83.95999908447266,83.97000122070312,64.79129791259766,1233200
2009-03-26,84.05999755859375,84.16999816894531,84.01000213623047,84.08000183105469,64.87616729736328,1249300
2009-03-27,84.0999984741211,84.16999816894531,84.0999984741211,84.12000274658203,64.90703582763672,704600
2009-03-30,84.19000244140625,84.25,84.16000366210938,84.19999694824219,64.96879577636719,787000
2009-03-31,84.19999694824219,84.33000183105469,84.19999694824219,84.31999969482422,65.06133270263672,2398100
2009-04-01,84.13999938964844,84.19999694824219,84.11000061035156,84.16000366210938,65.04661560058594,968800
2009-04-02,84.06999969482422,84.12000274658203,83.97000122070312,84.0199966430664,64.93848419189453,996700
2009-04-03,83.97000122070312,83.9800033569336,83.80999755859375,83.83000183105469,64.79167938232422,1979300
2009-04-06,83.80000305175781,83.91000366210938,83.80000305175781,83.88999938964844,64.83800506591797,1236400
2009-04-07,83.93000030517578,83.97000122070312,83.88999938964844,83.91999816894531,64.86115264892578,592100
2009-04-08,83.94999694824219,84.01000213623047,83.87000274658203,83.91999816894531,64.86115264892578,1021000
2009-04-09,83.88999938964844,83.91999816894531,83.81999969482422,83.81999969482422,64.78384399414062,1768800
2009-04-13,83.87000274658203,84.05999755859375,83.87000274658203,83.9800033569336,64.90753936767578,664800
2009-04-14,84.0,84.0999984741211,83.98999786376953,84.05000305175781,64.9616928100586,1485700
2009-04-15,84.04000091552734,84.11000061035156,84.0,84.08999633789062,64.99253845214844,726200
2009-04-16,84.01000213623047,84.08999633789062,83.97000122070312,83.97000122070312,64.89981079101562,1374700
2009-04-17,83.94000244140625,84.08999633789062,83.83999633789062,83.87999725341797,64.83026885986328,826800
2009-04-20,83.93000030517578,84.04000091552734,83.93000030517578,83.95999908447266,64.89209747314453,618200
2009-04-21,84.04000091552734,84.06999969482422,83.97000122070312,83.97000122070312,64.89981079101562,284600
2009-04-22,84.01000213623047,84.01000213623047,83.88999938964844,83.97000122070312,64.89981079101562,884900
2009-04-23,83.95999908447266,83.97000122070312,83.88999938964844,83.91000366210938,64.85346221923828,1306900
2009-04-24,83.91999816894531,83.95999908447266,83.87000274658203,83.91000366210938,64.85346221923828,1050300
2009-04-27,84.02999877929688,84.05000305175781,83.93000030517578,84.01000213623047,64.9306869506836,848600
2009-04-28,84.05000305175781,84.06999969482422,83.91999816894531,83.93000030517578,64.86890411376953,869300
2009-04-29,83.97000122070312,84.01000213623047,83.9000015258789,83.97000122070312,64.89981079101562,867700
2009-04-30,83.94999694824219,84.04000091552734,83.91000366210938,84.04000091552734,64.95393371582031,690100
2009-05-01,83.7699966430664,83.83000183105469,83.76000213623047,83.80999755859375,64.90514373779297,695400
2009-05-04,83.8499984741211,83.8499984741211,83.75,83.79000091552734,64.88967895507812,959800
2009-05-05,83.73999786376953,83.80000305175781,83.70999908447266,83.7699966430664,64.87419128417969,1067400
2009-05-06,83.80000305175781,83.8499984741211,83.75,83.81999969482422,64.91283416748047,660200
2009-05-07,83.72000122070312,83.77999877929688,83.66999816894531,83.69999694824219,64.8199234008789,1587600
2009-05-08,83.72000122070312,83.77999877929688,83.70999908447266,83.76000213623047,64.86646270751953,946000
2009-05-11,83.79000091552734,83.91000366210938,83.79000091552734,83.9000015258789,64.974853515625,528500
2009-05-12,83.87000274658203,83.91999816894531,83.87000274658203,83.88999938964844,64.96710205078125,1212900
2009-05-13,83.91999816894531,84.0,83.91000366210938,83.93000030517578,64.9980697631836,827700
2009-05-14,83.91000366210938,83.98999786376953,83.91000366210938,83.95999908447266,65.02130126953125,1673100
2009-05-15,83.94999694824219,84.01000213623047,83.93000030517578,83.94999694824219,65.0135269165039,1158000
2009-05-18,83.94999694824219,83.97000122070312,83.87000274658203,83.87000274658203,64.95159149169922,1131700
2009-05-19,83.9000015258789,83.94999694824219,83.83999633789062,83.91999816894531,64.99029541015625,1081800
2009-05-20,84.0,84.02999877929688,83.91999816894531,84.02999877929688,65.07546997070312,1122100
2009-05-21,84.02999877929688,84.04000091552734,83.91999816894531,83.91999816894531,64.99029541015625,1612700
2009-05-22,83.9000015258789,83.94999694824219,83.87000274658203,83.94000244140625,65.00579071044922,654900
2009-05-26,83.94000244140625,83.97000122070312,83.81999969482422,83.83000183105469,64.92068481445312,840600
2009-05-27,83.83000183105469,83.93000030517578,83.80000305175781,83.80999755859375,64.90514373779297,553300
2009-05-28,83.83000183105469,83.9000015258789,83.80000305175781,83.80000305175781,64.89737701416016,728200
2009-05-29,83.83999633789062,83.97000122070312,83.83000183105469,83.91999816894531,64.99029541015625,852800
2009-06-01,83.69999694824219,83.81999969482422,83.66000366210938,83.72000122070312,64.93682098388672,1745800
2009-06-02,83.75,83.80000305175781,83.69000244140625,83.69000244140625,64.91352844238281,2210000
2009-06-03,83.79000091552734,83.8499984741211,83.73999786376953,83.83999633789062,65.02989959716797,1227700
2009-06-04,83.73999786376953,83.83999633789062,83.73999786376953,83.76000213623047,64.96790313720703,1196400
2009-06-05,83.4000015258789,83.52999877929688,83.18000030517578,83.20999908447266,64.54124450683594,1198700
2009-06-08,83.16000366210938,83.20999908447266,82.98999786376953,82.98999786376953,64.37054443359375,1100900
2009-06-09,83.1500015258789,83.23999786376953,83.1500015258789,83.18000030517578,64.51795959472656,996100
2009-06-10,83.20999908447266,83.26000213623047,83.05999755859375,83.16999816894531,64.51019287109375,759400
2009-06-11,83.12000274658203,83.2300033569336,83.11000061035156,83.18000030517578,64.51795959472656,763000
2009-06-12,83.18000030517578,83.30999755859375,83.16999816894531,83.2699966430664,64.58780670166016,607800
2009-06-15,83.33000183105469,83.37999725341797,83.30000305175781,83.33000183105469,64.63426208496094,959400
2009-06-16,83.36000061035156,83.4800033569336,83.33000183105469,83.41999816894531,64.70407104492188,1126500
2009-06-17,83.5199966430664,83.56999969482422,83.45999908447266,83.51000213623047,64.77385711669922,752200
2009-06-18,83.47000122070312,83.47000122070312,83.30999755859375,83.37000274658203,64.66529083251953,619800
2009-06-19,83.36000061035156,83.44999694824219,83.30000305175781,83.41999816894531,64.70407104492188,1051200
2009-06-22,83.44999694824219,83.54000091552734,83.44999694824219,83.52999877929688,64.78942108154297,1054400
2009-06-23,83.47000122070312,83.58999633789062,83.45999908447266,83.52999877929688,64.78942108154297,721300
2009-06-24,83.56999969482422,83.70999908447266,83.5,83.5199966430664,64.7816162109375,698700
2009-06-25,83.56999969482422,83.72000122070312,83.55999755859375,83.68000030517578,64.90576171875,1241300
2009-06-26,83.69000244140625,83.73999786376953,83.66999816894531,83.72000122070312,64.93682098388672,692200
2009-06-29,83.7300033569336,83.75,83.69000244140625,83.72000122070312,64.93682098388672,652300
2009-06-30,83.63999938964844,83.73999786376953,83.61000061035156,83.70999908447266,64.92903137207031,703300
2009-07-01,83.58999633789062,83.68000030517578,83.55999755859375,83.68000030517578,64.99274444580078,1202200
2009-07-02,83.7699966430664,83.80000305175781,83.72000122070312,83.7699966430664,65.06261444091797,544300
2009-07-06,83.76000213623047,83.83999633789062,83.73999786376953,83.80000305175781,65.0859603881836,474400
2009-07-07,83.80000305175781,83.87000274658203,83.76000213623047,83.79000091552734,65.07815551757812,1668300
2009-07-08,83.80999755859375,83.95999908447266,83.7699966430664,83.91999816894531,65.17914581298828,773700
2009-07-09,83.8499984741211,83.91999816894531,83.83999633789062,83.87999725341797,65.14806365966797,824100
2009-07-10,83.94000244140625,83.9800033569336,83.9000015258789,83.95999908447266,65.21021270751953,666200
2009-07-13,83.93000030517578,83.9800033569336,83.88999938964844,83.91000366210938,65.17140197753906,699800
2009-07-14,83.83999633789062,83.91000366210938,83.81999969482422,83.8499984741211,65.12476348876953,488900
2009-07-15,83.77999877929688,83.80000305175781,83.6500015258789,83.6500015258789,64.96936798095703,747200
2009-07-16,83.80999755859375,83.83000183105469,83.76000213623047,83.77999877929688,65.07038116455078,504500
2009-07-17,83.72000122070312,83.7699966430664,83.70999908447266,83.75,65.04711151123047,833100
2009-07-20,83.66000366210938,83.77999877929688,83.6500015258789,83.73999786376953,65.03929138183594,808800
2009-07-21,83.70999908447266,83.91000366210938,83.70999908447266,83.83999633789062,65.11695861816406,1071800
2009-07-22,83.9000015258789,83.9000015258789,83.77999877929688,83.80000305175781,65.0859603881836,628000
2009-07-23,83.79000091552734,83.80000305175781,83.62000274658203,83.6500015258789,64.96936798095703,1026000
2009-07-24,83.66000366210938,83.7300033569336,83.6500015258789,83.69999694824219,65.00826263427734,969800
2009-07-27,83.61000061035156,83.68000030517578,83.56999969482422,83.63999938964844,64.96166229248047,707600
2009-07-28,83.66999816894531,83.72000122070312,83.55999755859375,83.58999633789062,64.92284393310547,763200
2009-07-29,83.62999725341797,83.6500015258789,83.44999694824219,83.54000091552734,64.88399505615234,635700
2009-07-30,83.51000213623047,83.55999755859375,83.4800033569336,83.55000305175781,64.89177703857422,774200
2009-07-31,83.56999969482422,83.69000244140625,83.56999969482422,83.69000244140625,65.00050354003906,624200
2009-08-03,83.51000213623047,83.5199966430664,83.37999725341797,83.45999908447266,64.9087142944336,1073800
2009-08-04,83.4800033569336,83.5,83.3499984741211,83.38999938964844,64.85428619384766,940200
2009-08-05,83.31999969482422,83.5,83.31999969482422,83.36000061035156,64.8309555053711,1230500
2009-08-06,83.33999633789062,83.41000366210938,83.33000183105469,83.36000061035156,64.8309555053711,892300
2009-08-07,83.23999786376953,83.2699966430664,83.19000244140625,83.22000122070312,64.72205352783203,1192200
2009-08-10,83.27999877929688,83.37999725341797,83.2699966430664,83.3499984741211,64.82313537597656,639000
2009-08-11,83.37000274658203,83.45999908447266,83.37000274658203,83.44000244140625,64.89319610595703,870800
2009-08-12,83.47000122070312,83.5,83.37999725341797,83.47000122070312,64.91651916503906,856900
2009-08-13,83.5199966430664,83.62000274658203,83.4800033569336,83.61000061035156,65.02537536621094,874800
2009-08-14,83.5999984741211,83.73999786376953,83.58999633789062,83.66999816894531,65.07207489013672,515000
2009-08-17,83.72000122070312,83.80000305175781,83.72000122070312,83.76000213623047,65.14208984375,750800
2009-08-18,83.76000213623047,83.7699966430664,83.69999694824219,83.73999786376953,65.12645721435547,691600
2009-08-19,83.79000091552734,83.81999969482422,83.75,83.77999877929688,65.15758514404297,1102800
2009-08-20,83.7699966430664,83.80000305175781,83.73999786376953,83.76000213623047,65.14208984375,588800
2009-08-21,83.76000213623047,83.79000091552734,83.5999984741211,83.62999725341797,65.04092407226562,848100
2009-08-24,83.62000274658203,83.75,83.58999633789062,83.7300033569336,65.11869049072266,555900
2009-08-25,83.75,83.76000213623047,83.66000366210938,83.7300033569336,65.11869049072266,664500
2009-08-26,83.80000305175781,83.80999755859375,83.7300033569336,83.77999877929688,65.15758514404297,733200
2009-08-27,83.7699966430664,83.81999969482422,83.7300033569336,83.7699966430664,65.1498031616211,605200
2009-08-28,83.72000122070312,83.86000061035156,83.72000122070312,83.86000061035156,65.21979522705078,764100
2009-08-31,83.86000061035156,83.93000030517578,83.81999969482422,83.91999816894531,65.26647186279297,541100
2009-09-01,83.83999633789062,83.91999816894531,83.76000213623047,83.87999725341797,65.31941223144531,927000
2009-09-02,83.91999816894531,83.97000122070312,83.87000274658203,83.97000122070312,65.38949584960938,690900
2009-09-03,83.93000030517578,83.93000030517578,83.87000274658203,83.88999938964844,65.32721710205078,505300
2009-09-04,83.88999938964844,83.91000366210938,83.83999633789062,83.8499984741211,65.29605102539062,489900
2009-09-08,83.88999938964844,83.88999938964844,83.81999969482422,83.86000061035156,65.30384826660156,640800
2009-09-09,83.83999633789062,83.88999938964844,83.80000305175781,83.87000274658203,65.31163024902344,598500
2009-09-10,83.91999816894531,83.9800033569336,83.9000015258789,83.91999816894531,65.35059356689453,577700
2009-09-11,83.94999694824219,84.0199966430664,83.88999938964844,83.88999938964844,65.32721710205078,850500
2009-09-14,83.94999694824219,83.94999694824219,83.83000183105469,83.83999633789062,65.28825378417969,636100
2009-09-15,83.80999755859375,83.88999938964844,83.80999755859375,83.87999725341797,65.31941223144531,657500
2009-09-16,83.87999725341797,83.9000015258789,83.76000213623047,83.7699966430664,65.23377227783203,709300
2009-09-17,83.7699966430664,83.9000015258789,83.73999786376953,83.88999938964844,65.32721710205078,832600
2009-09-18,83.86000061035156,83.87999725341797,83.41999816894531,83.80999755859375,65.26492309570312,1287300
2009-09-21,83.80999755859375,83.87999725341797,83.80999755859375,83.83999633789062,65.28825378417969,600800
2009-09-22,83.83999633789062,83.87000274658203,83.81999969482422,83.81999969482422,65.27265930175781,711300
2009-09-23,83.83000183105469,83.95999908447266,83.80000305175781,83.94999694824219,65.3739242553711,943300
2009-09-24,83.91000366210938,83.98999786376953,83.9000015258789,83.97000122070312,65.38949584960938,859900
2009-09-25,83.95999908447266,83.97000122070312,83.87999725341797,83.94000244140625,65.36611938476562,866400
2009-09-28,83.95999908447266,83.97000122070312,83.9000015258789,83.93000030517578,65.35831451416016,716400
2009-09-29,83.87000274658203,83.94000244140625,83.83000183105469,83.91999816894531,65.35059356689453,1051300
2009-09-30,83.88999938964844,84.02999877929688,83.88999938964844,84.01000213623047,65.4206314086914,1421900
2009-10-01,83.98999786376953,84.04000091552734,83.94000244140625,83.98999786376953,65.48621368408203,1122900
2009-10-02,84.05000305175781,84.08000183105469,83.95999908447266,84.0199966430664,65.50955963134766,883500
2009-10-05,84.05999755859375,84.05999755859375,83.98999786376953,84.0199966430664,65.50955963134766,683000
2009-10-06,83.9800033569336,84.0,83.93000030517578,83.97000122070312,65.47050476074219,1163100
2009-10-07,84.0199966430664,84.0999984741211,83.98999786376953,84.08000183105469,65.55635070800781,880300
2009-10-08,84.05999755859375,84.06999969482422,83.97000122070312,84.0,65.49394226074219,817700
2009-10-09,83.9000015258789,83.91000366210938,83.81999969482422,83.87999725341797,65.40040588378906,1141400
2009-10-12,83.8499984741211,84.19999694824219,83.8499984741211,83.9800033569336,65.47833251953125,624300
2009-10-13,83.95999908447266,84.02999877929688,83.95999908447266,84.02999877929688,65.5173110961914,886200
2009-10-14,83.94000244140625,84.0,83.9000015258789,83.91999816894531,65.43158721923828,1078700
2009-10-15,83.87999725341797,83.95999908447266,83.87000274658203,83.87000274658203,65.392578125,719500
2009-10-16,83.8499984741211,83.93000030517578,83.83000183105469,83.91999816894531,65.43158721923828,508400
2009-10-19,83.87999725341797,83.91999816894531,83.8499984741211,83.91999816894531,65.43158721923828,670100
2009-10-20,83.97000122070312,84.0199966430664,83.91000366210938,83.95999908447266,65.46280670166016,1642100
2009-10-21,83.94000244140625,83.95999908447266,83.87000274658203,83.91999816894531,65.43158721923828,1529300
2009-10-22,83.8499984741211,83.93000030517578,83.8499984741211,83.93000030517578,65.4393310546875,572600
2009-10-23,83.81999969482422,83.83999633789062,83.79000091552734,83.79000091552734,65.33020782470703,572500
2009-10-26,83.79000091552734,83.79000091552734,83.69999694824219,83.69999694824219,65.26004028320312,1301600
2009-10-27,83.76000213623047,83.9000015258789,83.73999786376953,83.87000274658203,65.392578125,1267500
2009-10-28,83.94000244140625,84.0,83.88999938964844,83.98999786376953,65.48621368408203,795500
2009-10-29,83.93000030517578,83.93000030517578,83.87000274658203,83.91999816894531,65.43158721923828,788200
2009-10-30,83.9800033569336,84.05999755859375,83.94999694824219,84.0199966430664,65.50955963134766,988900
2009-11-02,83.8499984741211,83.87000274658203,83.80000305175781,83.83999633789062,65.51731872558594,1469400
2009-11-03,83.87999725341797,83.87999725341797,83.80000305175781,83.83000183105469,65.5096206665039,779200
2009-11-04,83.80000305175781,83.86000061035156,83.76000213623047,83.81999969482422,65.50173950195312,658500
2009-11-05,83.83999633789062,83.91000366210938,83.83999633789062,83.9000015258789,65.5642318725586,667900
2009-11-06,83.95999908447266,83.95999908447266,83.91000366210938,83.95999908447266,65.6111831665039,798000
2009-11-09,83.91000366210938,83.95999908447266,83.91000366210938,83.95999908447266,65.6111831665039,590800
2009-11-10,83.9800033569336,84.0,83.94000244140625,83.94000244140625,65.59554290771484,546700
2009-11-11,84.0,84.04000091552734,83.94000244140625,84.02999877929688,65.66581726074219,399000
2009-11-12,83.97000122070312,84.02999877929688,83.95999908447266,84.0199966430664,65.65803527832031,909000
2009-11-13,83.98999786376953,84.04000091552734,83.97000122070312,84.04000091552734,65.67369079589844,584700
2009-11-16,83.97000122070312,84.0999984741211,83.97000122070312,84.08999633789062,65.71276092529297,845200
2009-11-17,84.05999755859375,84.12000274658203,84.02999877929688,84.11000061035156,65.72837829589844,1033000
2009-11-18,84.11000061035156,84.13999938964844,84.08000183105469,84.11000061035156,65.72837829589844,876600
2009-11-19,84.13999938964844,84.22000122070312,84.13999938964844,84.13999938964844,65.75177001953125,936100
2009-11-20,84.16999816894531,84.22000122070312,84.13999938964844,84.16000366210938,65.76738739013672,566500
2009-11-23,84.0999984741211,84.1500015258789,84.08999633789062,84.1500015258789,65.75958251953125,745600
2009-11-24,84.16000366210938,84.2300033569336,84.1500015258789,84.22000122070312,65.81432342529297,680300
2009-11-25,84.20999908447266,84.26000213623047,84.18000030517578,84.26000213623047,65.84564971923828,879100
2009-11-27,84.33000183105469,84.33999633789062,84.26000213623047,84.31999969482422,65.89244842529297,346400
2009-11-30,84.31999969482422,84.37999725341797,84.27999877929688,84.33000183105469,65.90022277832031,683500
2009-12-01,83.88999938964844,83.88999938964844,83.7300033569336,83.7699966430664,65.91677856445312,1355900
2009-12-02,83.75,83.7699966430664,83.66999816894531,83.69999694824219,65.8616943359375,863700
2009-12-03,83.62999725341797,83.69000244140625,83.5999984741211,83.6500015258789,65.82233428955078,1045800
2009-12-04,83.5,83.5,83.41999816894531,83.44000244140625,65.65714263916016,730400
2009-12-07,83.55000305175781,83.62000274658203,83.48999786376953,83.62000274658203,65.79875946044922,753600
2009-12-08,83.68000030517578,83.70999908447266,83.62999725341797,83.69999694824219,65.8616943359375,657300
2009-12-09,83.68000030517578,83.69999694824219,83.62999725341797,83.63999938964844,65.81450653076172,642400
2009-12-10,83.5999984741211,83.6500015258789,83.55000305175781,83.61000061035156,65.79086303710938,535700
2009-12-11,83.55000305175781,83.56999969482422,83.48999786376953,83.5199966430664,65.72002410888672,486800
2009-12-14,83.55999755859375,83.55999755859375,83.43000030517578,83.43000030517578,65.64923858642578,525800
2009-12-15,83.44000244140625,83.44000244140625,83.36000061035156,83.41000366210938,65.63355255126953,566900
2009-12-16,83.45999908447266,83.52999877929688,83.43000030517578,83.47000122070312,65.6807632446289,686200
2009-12-17,83.5999984741211,83.62999725341797,83.52999877929688,83.62999725341797,65.80668640136719,698000
2009-12-18,83.58000183105469,83.5999984741211,83.5199966430664,83.56999969482422,65.7593994140625,540600
2009-12-21,83.5,83.51000213623047,83.4000015258789,83.44000244140625,65.65714263916016,958500
2009-12-22,83.4000015258789,83.41999816894531,83.31999969482422,83.33999633789062,65.5784683227539,846800
2009-12-23,83.38999938964844,83.41999816894531,83.31999969482422,83.33999633789062,65.5784683227539,767400
2009-12-24,83.2699966430664,83.30000305175781,83.23999786376953,83.23999786376953,65.49978637695312,325400
2009-12-28,83.19999694824219,83.22000122070312,83.12000274658203,83.12000274658203,65.40536499023438,1728200
2009-12-29,83.05000305175781,83.08999633789062,83.0199966430664,83.08999633789062,65.44865417480469,857500
2009-12-30,83.08000183105469,83.08999633789062,83.04000091552734,83.05999755859375,65.4250259399414,785600
2009-12-31,82.9800033569336,83.01000213623047,82.87999725341797,82.95999908447266,65.34629821777344,633000
2010-01-04,83.02999877929688,83.08999633789062,83.0,83.06999969482422,65.43290710449219,1220600
2010-01-05,83.1500015258789,83.20999908447266,83.1500015258789,83.16999816894531,65.51170349121094,598200
2010-01-06,83.19000244140625,83.2300033569336,83.12000274658203,83.18000030517578,65.51954650878906,1534900
2010-01-07,83.18000030517578,83.19999694824219,83.1500015258789,83.16000366210938,65.50383758544922,772000
2010-01-08,83.26000213623047,83.27999877929688,83.19999694824219,83.23999786376953,65.56682586669922,713200
2010-01-11,83.2699966430664,83.30999755859375,83.2699966430664,83.27999877929688,65.59829711914062,756600
2010-01-12,83.33999633789062,83.37000274658203,83.33000183105469,83.3499984741211,65.6534194946289,582900
2010-01-13,83.30999755859375,83.36000061035156,83.27999877929688,83.27999877929688,65.59829711914062,590500
2010-01-14,83.33000183105469,83.4000015258789,83.33000183105469,83.36000061035156,65.66133117675781,549900
2010-01-15,83.41000366210938,83.45999908447266,83.41000366210938,83.43000030517578,65.7164535522461,648300
2010-01-19,83.41000366210938,83.44999694824219,83.38999938964844,83.44999694824219,65.73223114013672,1154000
2010-01-20,83.45999908447266,83.5,83.44000244140625,83.44999694824219,65.73223114013672,1085600
2010-01-21,83.41999816894531,83.52999877929688,83.4000015258789,83.5199966430664,65.78730773925781,1281000
2010-01-22,83.5199966430664,83.58999633789062,83.5,83.58999633789062,65.84251403808594,725600
2010-01-25,83.55000305175781,83.55999755859375,83.51000213623047,83.5199966430664,65.78730773925781,624600
2010-01-26,83.56999969482422,83.58999633789062,83.51000213623047,83.52999877929688,65.79521179199219,758500
2010-01-27,83.5999984741211,83.62000274658203,83.45999908447266,83.5,65.77159881591797,875700
2010-01-28,83.48999786376953,83.54000091552734,83.45999908447266,83.54000091552734,65.80311584472656,982100
2010-01-29,83.48999786376953,83.62000274658203,83.45999908447266,83.62000274658203,65.8661117553711,900600
2010-02-01,83.5199966430664,83.5199966430664,83.43000030517578,83.5,65.83770751953125,1001000
2010-02-02,83.4800033569336,83.5199966430664,83.4800033569336,83.51000213623047,65.84558868408203,724800
2010-02-03,83.45999908447266,83.4800033569336,83.43000030517578,83.44999694824219,65.79832458496094,1283800
2010-02-04,83.54000091552734,83.58999633789062,83.5199966430664,83.56999969482422,65.89292907714844,624300
2010-02-05,83.62999725341797,83.7300033569336,83.61000061035156,83.69999694824219,65.99544525146484,1362400
2010-02-08,83.62000274658203,83.66000366210938,83.5999984741211,83.63999938964844,65.94812774658203,857100
2010-02-09,83.61000061035156,83.62999725341797,83.5199966430664,83.55999755859375,65.885009765625,1415000
2010-02-10,83.58000183105469,83.58000183105469,83.44999694824219,83.47000122070312,65.81409454345703,670100
2010-02-11,83.45999908447266,83.5,83.43000030517578,83.5,65.83770751953125,1266000
2010-02-12,83.55000305175781,83.58000183105469,83.54000091552734,83.56999969482422,65.89292907714844,505700
2010-02-16,83.55999755859375,83.62000274658203,83.52999877929688,83.58000183105469,65.90087127685547,733000
2010-02-17,83.52999877929688,83.56999969482422,83.4800033569336,83.51000213623047,65.84558868408203,672300
2010-02-18,83.52999877929688,83.52999877929688,83.44999694824219,83.45999908447266,65.80618286132812,888900
2010-02-19,83.41999816894531,83.44000244140625,83.3499984741211,83.43000030517578,65.7825927734375,1352700
2010-02-22,83.45999908447266,83.47000122070312,83.41999816894531,83.45999908447266,65.80618286132812,681700
2010-02-23,83.5199966430664,83.55999755859375,83.48999786376953,83.52999877929688,65.8613510131836,832000
2010-02-24,83.5199966430664,83.58999633789062,83.51000213623047,83.56999969482422,65.89292907714844,1194200
2010-02-25,83.63999938964844,83.66000366210938,83.61000061035156,83.63999938964844,65.94812774658203,733600
2010-02-26,83.63999938964844,83.69000244140625,83.62000274658203,83.66999816894531,65.97177124023438,936700
2010-03-01,83.55000305175781,83.61000061035156,83.55000305175781,83.58000183105469,65.95996856689453,863200
2010-03-02,83.56999969482422,83.61000061035156,83.55999755859375,83.58000183105469,65.95996856689453,1148800
2010-03-03,83.55999755859375,83.61000061035156,83.52999877929688,83.56999969482422,65.95208740234375,1204600
2010-03-04,83.52999877929688,83.58000183105469,83.5,83.54000091552734,65.92832946777344,820800
2010-03-05,83.45999908447266,83.4800033569336,83.4000015258789,83.47000122070312,65.87316131591797,1145300
2010-03-08,83.44000244140625,83.44999694824219,83.41999816894531,83.43000030517578,65.84159088134766,943100
2010-03-09,83.4800033569336,83.5,83.44999694824219,83.48999786376953,65.88892364501953,641400
2010-03-10,83.44000244140625,83.48999786376953,83.44000244140625,83.47000122070312,65.87316131591797,1220100
2010-03-11,83.38999938964844,83.43000030517578,83.37000274658203,83.37000274658203,65.79424285888672,1763300
2010-03-12,83.36000061035156,83.41000366210938,83.33999633789062,83.37999725341797,65.8021240234375,1100500
2010-03-15,83.38999938964844,83.41000366210938,83.37000274658203,83.41000366210938,65.82579803466797,423400
2010-03-16,83.41999816894531,83.4800033569336,83.37000274658203,83.43000030517578,65.84159088134766,773100
2010-03-17,83.44999694824219,83.45999908447266,83.41999816894531,83.44999694824219,65.85733795166016,961200
2010-03-18,83.43000030517578,83.43000030517578,83.37000274658203,83.4000015258789,65.81790924072266,605400
2010-03-19,83.33999633789062,83.4000015258789,83.33000183105469,83.33999633789062,65.77049255371094,597100
2010-03-22,83.37000274658203,83.4000015258789,83.3499984741211,83.37000274658203,65.79424285888672,461900
2010-03-23,83.37999725341797,83.4000015258789,83.33000183105469,83.33999633789062,65.77049255371094,465300
2010-03-24,83.27999877929688,83.31999969482422,83.19999694824219,83.20999908447266,65.66792297363281,651700
2010-03-25,83.23999786376953,83.25,83.16000366210938,83.23999786376953,65.69160461425781,759700
2010-03-26,83.23999786376953,83.30000305175781,83.22000122070312,83.29000091552734,65.73110961914062,595000
2010-03-29,83.30000305175781,83.33000183105469,83.2699966430664,83.33000183105469,65.76264953613281,1219600
2010-03-30,83.31999969482422,83.33000183105469,83.29000091552734,83.30999755859375,65.74684143066406,703300
2010-03-31,83.33999633789062,83.41999816894531,83.31999969482422,83.37000274658203,65.79424285888672,2179100
2010-04-01,83.30000305175781,83.30999755859375,83.25,83.26000213623047,65.77047729492188,609000
2010-04-05,83.12000274658203,83.13999938964844,83.0199966430664,83.02999877929688,65.58882904052734,3762900
2010-04-06,83.08999633789062,83.0999984741211,83.05000305175781,83.08999633789062,65.63619995117188,1014200
2010-04-07,83.13999938964844,83.22000122070312,83.13999938964844,83.22000122070312,65.7389907836914,1811100
2010-04-08,83.2699966430664,83.27999877929688,83.19999694824219,83.19999694824219,65.7231216430664,709900
2010-04-09,83.18000030517578,83.2300033569336,83.16000366210938,83.22000122070312,65.7389907836914,481800
2010-04-12,83.2300033569336,83.27999877929688,83.22000122070312,83.26000213623047,65.77047729492188,1050800
2010-04-13,83.30000305175781,83.30000305175781,83.22000122070312,83.23999786376953,65.75466918945312,736700
2010-04-14,83.26000213623047,83.29000091552734,83.23999786376953,83.23999786376953,65.75466918945312,970900
2010-04-15,83.25,83.31999969482422,83.23999786376953,83.30000305175781,65.80213928222656,1206300
2010-04-16,83.3499984741211,83.44999694824219,83.33000183105469,83.43000030517578,65.90481567382812,801800
2010-04-19,83.43000030517578,83.43000030517578,83.3499984741211,83.3499984741211,65.84162902832031,661300
2010-04-20,83.3499984741211,83.36000061035156,83.30999755859375,83.36000061035156,65.84954833984375,895200
2010-04-21,83.33999633789062,83.37000274658203,83.30000305175781,83.37000274658203,65.85741424560547,648500
2010-04-22,83.38999938964844,83.43000030517578,83.30999755859375,83.30999755859375,65.81000518798828,169300
2010-04-23,83.27999877929688,83.30000305175781,83.23999786376953,83.27999877929688,65.78630828857422,658300
2010-04-26,83.29000091552734,83.31999969482422,83.26000213623047,83.27999877929688,65.78630828857422,545600
2010-04-27,83.36000061035156,83.4800033569336,83.33000183105469,83.44000244140625,65.91270446777344,1530800
2010-04-28,83.38999938964844,83.43000030517578,83.3499984741211,83.41999816894531,65.8968734741211,1269900
2010-04-29,83.43000030517578,83.44000244140625,83.38999938964844,83.44000244140625,65.91270446777344,421600
2010-04-30,83.45999908447266,83.54000091552734,83.44999694824219,83.54000091552734,65.9916763305664,517300
2010-05-03,83.37000274658203,83.41000366210938,83.3499984741211,83.37999725341797,65.92687225341797,494900
2010-05-04,83.44999694824219,83.4800033569336,83.41999816894531,83.43000030517578,65.96636199951172,1219600
2010-05-05,83.55999755859375,83.69000244140625,83.5199966430664,83.54000091552734,66.05335235595703,1777200
2010-05-06,83.5999984741211,83.83000183105469,83.55000305175781,83.72000122070312,66.1957015991211,1864500
2010-05-07,83.72000122070312,83.80999755859375,83.5999984741211,83.69000244140625,66.1719970703125,3637100
2010-05-10,83.5,83.63999938964844,83.48999786376953,83.58000183105469,66.08503723144531,1349100
2010-05-11,83.63999938964844,83.66000366210938,83.58000183105469,83.62999725341797,66.12454223632812,709400
2010-05-12,83.62000274658203,83.62999725341797,83.56999969482422,83.61000061035156,66.10871124267578,734200
2010-05-13,83.5999984741211,83.66000366210938,83.58000183105469,83.66000366210938,66.14827728271484,992800
2010-05-14,83.69999694824219,83.80000305175781,83.69000244140625,83.7699966430664,66.23519134521484,1110500
2010-05-17,83.76000213623047,83.80999755859375,83.70999908447266,83.73999786376953,66.21150970458984,1433400
2010-05-18,83.72000122070312,83.83999633789062,83.69999694824219,83.83000183105469,66.28263854980469,764200
2010-05-19,83.80000305175781,83.86000061035156,83.77999877929688,83.79000091552734,66.25105285644531,3042700
2010-05-20,83.87000274658203,83.94999694824219,83.83000183105469,83.88999938964844,66.33008575439453,4210900
2010-05-21,83.94000244140625,83.95999908447266,83.81999969482422,83.83000183105469,66.28263854980469,2753800
2010-05-24,83.8499984741211,83.87000274658203,83.80000305175781,83.81999969482422,66.27474975585938,1095600
2010-05-25,83.87000274658203,83.9000015258789,83.77999877929688,83.80999755859375,66.266845703125,1777400
2010-05-26,83.7699966430664,83.7699966430664,83.63999938964844,83.73999786376953,66.21150970458984,1238600
2010-05-27,83.6500015258789,83.69000244140625,83.63999938964844,83.68000030517578,66.1640396118164,1114900
2010-05-28,83.76000213623047,83.8499984741211,83.70999908447266,83.83999633789062,66.29058837890625,751200
2010-06-01,83.76000213623047,83.83000183105469,83.73999786376953,83.7699966430664,66.29133605957031,1439300
2010-06-02,83.76000213623047,83.77999877929688,83.69999694824219,83.70999908447266,66.24388885498047,2091500
2010-06-03,83.66000366210938,83.73999786376953,83.6500015258789,83.69000244140625,66.22808074951172,1095300
2010-06-04,83.83000183105469,83.88999938964844,83.81999969482422,83.87999725341797,66.37841033935547,1429300
2010-06-07,83.80000305175781,83.87999725341797,83.79000091552734,83.8499984741211,66.35468292236328,1553900
2010-06-08,83.83000183105469,83.87999725341797,83.80999755859375,83.83999633789062,66.34678649902344,1050800
2010-06-09,83.80999755859375,83.87000274658203,83.80000305175781,83.8499984741211,66.35468292236328,569400
2010-06-10,83.83000183105469,83.83000183105469,83.73999786376953,83.73999786376953,66.26760864257812,656900
2010-06-11,83.80999755859375,83.87000274658203,83.7699966430664,83.83000183105469,66.33885192871094,705200
2010-06-14,83.7699966430664,83.86000061035156,83.7699966430664,83.8499984741211,66.35468292236328,694000
2010-06-15,83.86000061035156,83.87000274658203,83.79000091552734,83.80999755859375,66.3230209350586,1212700
2010-06-16,83.87000274658203,83.87000274658203,83.80999755859375,83.83000183105469,66.33885192871094,1467000
2010-06-17,83.86000061035156,83.94999694824219,83.86000061035156,83.87999725341797,66.37841033935547,1394200
2010-06-18,83.88999938964844,83.91000366210938,83.87000274658203,83.88999938964844,66.3863296508789,592000
2010-06-21,83.83000183105469,83.9000015258789,83.80999755859375,83.9000015258789,66.39424133300781,1900900
2010-06-22,83.87000274658203,83.94000244140625,83.86000061035156,83.94000244140625,66.42586517333984,2290200
2010-06-23,83.94999694824219,84.01000213623047,83.94999694824219,84.0,66.47337341308594,2075700
2010-06-24,84.0199966430664,84.05000305175781,83.9800033569336,84.0199966430664,66.48921203613281,819200
2010-06-25,84.01000213623047,84.06999969482422,83.9800033569336,84.05000305175781,66.51292419433594,959000
2010-06-28,84.08000183105469,84.0999984741211,84.05000305175781,84.0999984741211,66.55253601074219,662000
2010-06-29,84.08999633789062,84.13999938964844,84.08999633789062,84.13999938964844,66.58414459228516,1043400
2010-06-30,84.0999984741211,84.12999725341797,84.04000091552734,84.12000274658203,66.56834411621094,1304200
2010-07-01,84.0199966430664,84.08000183105469,84.0,84.0199966430664,66.54695129394531,1760800
2010-07-02,84.0,84.02999877929688,83.95999908447266,84.0199966430664,66.54695129394531,565500
2010-07-06,84.0,84.05000305175781,83.95999908447266,84.0199966430664,66.54695129394531,1365300
2010-07-07,84.04000091552734,84.05999755859375,83.9800033569336,84.01000213623047,66.53901672363281,1024600
2010-07-08,84.0,84.04000091552734,83.97000122070312,84.0199966430664,66.54695129394531,1074300
2010-07-09,84.0,84.0199966430664,83.97000122070312,83.98999786376953,66.52320098876953,614300
2010-07-12,84.01000213623047,84.0199966430664,83.9800033569336,84.0,66.53115844726562,1013900
2010-07-13,83.95999908447266,83.9800033569336,83.91999816894531,83.94000244140625,66.48356628417969,1374000
2010-07-14,83.98999786376953,84.05999755859375,83.9800033569336,84.02999877929688,66.55487823486328,1081800
2010-07-15,84.04000091552734,84.11000061035156,84.04000091552734,84.05000305175781,66.5706787109375,540700
2010-07-16,84.06999969482422,84.13999938964844,84.05000305175781,84.12999725341797,66.63411712646484,812400
2010-07-19,84.11000061035156,84.12999725341797,84.08999633789062,84.0999984741211,66.6103515625,529600
2010-07-20,84.13999938964844,84.13999938964844,84.0999984741211,84.12999725341797,66.63411712646484,1246900
2010-07-21,84.12000274658203,84.19000244140625,84.11000061035156,84.16999816894531,66.665771484375,676700
2010-07-22,84.1500015258789,84.16000366210938,84.11000061035156,84.13999938964844,66.64202880859375,591800
2010-07-23,84.13999938964844,84.18000030517578,84.0999984741211,84.0999984741211,66.6103515625,1075600
2010-07-26,84.0999984741211,84.0999984741211,84.05000305175781,84.06999969482422,66.5865478515625,2052000
2010-07-27,84.05000305175781,84.05000305175781,84.0,84.0199966430664,66.54695129394531,1320300
2010-07-28,84.08000183105469,84.13999938964844,84.04000091552734,84.0999984741211,66.6103515625,1274700
2010-07-29,84.1500015258789,84.18000030517578,84.12000274658203,84.16999816894531,66.665771484375,2207900
2010-07-30,84.23999786376953,84.23999786376953,84.19000244140625,84.20999908447266,66.69742584228516,1064400
2010-08-02,84.12999725341797,84.1500015258789,84.11000061035156,84.12000274658203,66.68238067626953,1174200
2010-08-03,84.18000030517578,84.20999908447266,84.16999816894531,84.18000030517578,66.7299575805664,1444300
2010-08-04,84.16999816894531,84.16999816894531,84.11000061035156,84.11000061035156,66.6744613647461,1962200
2010-08-05,84.1500015258789,84.20999908447266,84.13999938964844,84.20999908447266,66.75371551513672,1559300
2010-08-06,84.2300033569336,84.26000213623047,84.20999908447266,84.2300033569336,66.76958465576172,941200
2010-08-09,84.22000122070312,84.2300033569336,84.18000030517578,84.18000030517578,66.7299575805664,1120200
2010-08-10,84.1500015258789,84.2300033569336,84.13999938964844,84.22000122070312,66.76166534423828,1465900
2010-08-11,84.26000213623047,84.27999877929688,84.2300033569336,84.23999786376953,66.77750396728516,748700
2010-08-12,84.25,84.25,84.19000244140625,84.22000122070312,66.76166534423828,1556800
2010-08-13,84.20999908447266,84.2300033569336,84.19999694824219,84.20999908447266,66.75371551513672,427900
2010-08-16,84.26000213623047,84.29000091552734,84.25,84.29000091552734,66.81713104248047,652100
2010-08-17,84.26000213623047,84.2699966430664,84.22000122070312,84.2699966430664,66.80123901367188,794000
2010-08-18,84.30000305175781,84.30000305175781,84.25,84.29000091552734,66.81713104248047,838100
2010-08-19,84.2699966430664,84.31999969482422,84.26000213623047,84.30999755859375,66.83296203613281,756200
2010-08-20,84.30999755859375,84.30999755859375,84.26000213623047,84.27999877929688,66.80915832519531,703700
2010-08-23,84.26000213623047,84.30000305175781,84.26000213623047,84.29000091552734,66.81713104248047,527800
2010-08-24,84.33000183105469,84.37000274658203,84.30000305175781,84.3499984741211,66.86465454101562,1533700
2010-08-25,84.33000183105469,84.36000061035156,84.25,84.2699966430664,66.80123901367188,1168600
2010-08-26,84.2699966430664,84.30000305175781,84.26000213623047,84.2699966430664,66.80123901367188,724400
2010-08-27,84.23999786376953,84.29000091552734,84.18000030517578,84.20999908447266,66.75371551513672,904100
2010-08-30,84.29000091552734,84.31999969482422,84.26000213623047,84.30999755859375,66.83296203613281,726800
2010-08-31,84.31999969482422,84.3499984741211,84.30000305175781,84.33999633789062,66.85677337646484,938600
2010-09-01,84.2300033569336,84.26000213623047,84.18000030517578,84.22000122070312,66.81710815429688,2009100
2010-09-02,84.20999908447266,84.23999786376953,84.19000244140625,84.19999694824219,66.80120849609375,1251400
2010-09-03,84.13999938964844,84.19000244140625,84.13999938964844,84.16000366210938,66.7695083618164,892600
2010-09-07,84.19000244140625,84.25,84.19000244140625,84.25,66.84089660644531,1104000
2010-09-08,84.20999908447266,84.20999908447266,84.16000366210938,84.19000244140625,66.79328918457031,1677100
2010-09-09,84.18000030517578,84.18000030517578,84.08000183105469,84.0999984741211,66.72193908691406,1291500
2010-09-10,84.08000183105469,84.11000061035156,84.06999969482422,84.08999633789062,66.7139663696289,1096200
2010-09-13,84.12000274658203,84.18000030517578,84.0999984741211,84.16000366210938,66.7695083618164,522000
2010-09-14,84.19000244140625,84.2300033569336,84.16999816894531,84.22000122070312,66.81710815429688,968100
2010-09-15,84.25,84.2699966430664,84.22000122070312,84.23999786376953,66.8329849243164,664400
2010-09-16,84.26000213623047,84.2699966430664,84.22000122070312,84.26000213623047,66.84891510009766,730900
2010-09-17,84.26000213623047,84.27999877929688,84.25,84.27999877929688,66.86465454101562,548800
2010-09-20,84.25,84.29000091552734,84.23999786376953,84.29000091552734,66.87265014648438,1132900
2010-09-21,84.29000091552734,84.37000274658203,84.23999786376953,84.3499984741211,66.9201889038086,1430900
2010-09-22,84.36000061035156,84.37999725341797,84.33000183105469,84.33999633789062,66.91232299804688,1158200
2010-09-23,84.37999725341797,84.38999938964844,84.33999633789062,84.3499984741211,66.9201889038086,779000
2010-09-24,84.33000183105469,84.3499984741211,84.31999969482422,84.33999633789062,66.91232299804688,1214500
2010-09-27,84.36000061035156,84.37000274658203,84.33000183105469,84.36000061035156,66.92815399169922,2443500
2010-09-28,84.36000061035156,84.4000015258789,84.3499984741211,84.37999725341797,66.9440689086914,764700
2010-09-29,84.37999725341797,84.38999938964844,84.36000061035156,84.36000061035156,66.92815399169922,798400
2010-09-30,84.37999725341797,84.38999938964844,84.31999969482422,84.37000274658203,66.9361801147461,1451800
2010-10-01,84.30000305175781,84.33999633789062,84.30000305175781,84.31999969482422,66.9479751586914,2388000
2010-10-04,84.3499984741211,84.37000274658203,84.33000183105469,84.33000183105469,66.95597076416016,1035100
2010-10-05,84.36000061035156,84.37000274658203,84.33999633789062,84.37000274658203,66.98774719238281,945100
2010-10-06,84.41000366210938,84.41999816894531,84.37999725341797,84.37999725341797,66.99560546875,1772600
2010-10-07,84.43000030517578,84.44999694824219,84.41999816894531,84.44999694824219,67.0512466430664,1430200
2010-10-08,84.47000122070312,84.48999786376953,84.44999694824219,84.44999694824219,67.0512466430664,1604700
2010-10-11,84.47000122070312,84.5,84.41999816894531,84.45999908447266,67.05916595458984,1051900
2010-10-12,84.4800033569336,84.4800033569336,84.4000015258789,84.4000015258789,67.01152801513672,950600
2010-10-13,84.44000244140625,84.44000244140625,84.37999725341797,84.41000366210938,67.01947784423828,645700
2010-10-14,84.41999816894531,84.41999816894531,84.37000274658203,84.37000274658203,66.98774719238281,1130100
2010-10-15,84.44000244140625,84.44999694824219,84.38999938964844,84.4000015258789,67.01152801513672,883700
2010-10-18,84.41999816894531,84.44999694824219,84.41999816894531,84.41999816894531,67.02747344970703,765500
2010-10-19,84.43000030517578,84.47000122070312,84.43000030517578,84.45999908447266,67.05916595458984,740900
2010-10-20,84.47000122070312,84.48999786376953,84.44000244140625,84.47000122070312,67.06710815429688,1247500
2010-10-21,84.47000122070312,84.48999786376953,84.44999694824219,84.4800033569336,67.0750961303711,1035700
2010-10-22,84.47000122070312,84.4800033569336,84.45999908447266,84.45999908447266,67.05916595458984,522000
2010-10-25,84.47000122070312,84.51000213623047,84.47000122070312,84.4800033569336,67.0750961303711,1594800
2010-10-26,84.41999816894531,84.43000030517578,84.38999938964844,84.4000015258789,67.01152801513672,1325400
2010-10-27,84.4000015258789,84.41000366210938,84.36000061035156,84.36000061035156,66.979736328125,751900
2010-10-28,84.44000244140625,84.47000122070312,84.41999816894531,84.47000122070312,67.06710815429688,782300
2010-10-29,84.4800033569336,84.51000213623047,84.45999908447266,84.48999786376953,67.08301544189453,875500
2010-11-01,84.44000244140625,84.45999908447266,84.43000030517578,84.45999908447266,67.11239624023438,709700
2010-11-02,84.43000030517578,84.44999694824219,84.41000366210938,84.41000366210938,67.07266998291016,610100
2010-11-03,84.44000244140625,84.44999694824219,84.33000183105469,84.44000244140625,67.09647369384766,643400
2010-11-04,84.45999908447266,84.4800033569336,84.45999908447266,84.45999908447266,67.11239624023438,874600
2010-11-05,84.43000030517578,84.44999694824219,84.37999725341797,84.38999938964844,67.05680084228516,1782600
2010-11-08,84.37000274658203,84.37999725341797,84.33000183105469,84.3499984741211,67.02496337890625,1086100
2010-11-09,84.37000274658203,84.37000274658203,84.23999786376953,84.23999786376953,66.9375991821289,1709900
2010-11-10,84.25,84.29000091552734,84.16999816894531,84.29000091552734,66.97728729248047,1019100
2010-11-11,84.2699966430664,84.27999877929688,84.12999725341797,84.16000366210938,66.87400817871094,553500
2010-11-12,84.20999908447266,84.25,84.16000366210938,84.16000366210938,66.87400817871094,1465400
2010-11-15,84.11000061035156,84.18000030517578,84.08999633789062,84.11000061035156,66.83426666259766,1869600
2010-11-16,84.1500015258789,84.18000030517578,84.11000061035156,84.1500015258789,66.86609649658203,1070400
2010-11-17,84.19999694824219,84.22000122070312,84.16999816894531,84.19999694824219,66.90575408935547,1860000
2010-11-18,84.16000366210938,84.20999908447266,84.12999725341797,84.20999908447266,66.91375732421875,799100
2010-11-19,84.16999816894531,84.19000244140625,84.16000366210938,84.16000366210938,66.87400817871094,1324400
2010-11-22,84.16000366210938,84.25,84.16000366210938,84.23999786376953,66.9375991821289,741000
2010-11-23,84.30999755859375,84.31999969482422,84.27999877929688,84.29000091552734,66.97728729248047,722600
2010-11-24,84.2300033569336,84.23999786376953,84.12999725341797,84.13999938964844,66.85811614990234,1604700
2010-11-26,84.1500015258789,84.19999694824219,84.1500015258789,84.19999694824219,66.90575408935547,221300
2010-11-29,84.20999908447266,84.20999908447266,84.16000366210938,84.19000244140625,66.89788055419922,664000
2010-11-30,84.25,84.2699966430664,84.2300033569336,84.25,66.9455337524414,884500
2010-12-01,84.11000061035156,84.12000274658203,84.05000305175781,84.05999755859375,66.8453598022461,1000000
2010-12-02,84.05999755859375,84.0999984741211,84.02999877929688,84.05999755859375,66.8453598022461,896500
2010-12-03,84.16000366210938,84.19000244140625,84.12000274658203,84.16999816894531,66.93282318115234,1364900
2010-12-06,84.22000122070312,84.25,84.19999694824219,84.22000122070312,66.97254180908203,1686500
2010-12-07,84.19999694824219,84.19999694824219,84.04000091552734,84.06999969482422,66.85321044921875,1018800
2010-12-08,83.9800033569336,83.98999786376953,83.9000015258789,83.94000244140625,66.74988555908203,1235900
2010-12-09,83.95999908447266,83.9800033569336,83.9000015258789,83.93000030517578,66.74197387695312,1132700
2010-12-10,83.94999694824219,83.95999908447266,83.88999938964844,83.9000015258789,66.71809387207031,912300
2010-12-13,83.91000366210938,83.98999786376953,83.87999725341797,83.94999694824219,66.75779724121094,944200
2010-12-14,83.95999908447266,83.97000122070312,83.8499984741211,83.91000366210938,66.72602081298828,873100
2010-12-15,83.88999938964844,83.94999694824219,83.83000183105469,83.87999725341797,66.70220184326172,720700
2010-12-16,83.86000061035156,83.93000030517578,83.81999969482422,83.9000015258789,66.71809387207031,1131600
2010-12-17,83.9000015258789,83.98999786376953,83.9000015258789,83.97000122070312,66.77373504638672,1075900
2010-12-20,83.98999786376953,84.04000091552734,83.97000122070312,83.98999786376953,66.78968048095703,621100
2010-12-21,83.98999786376953,83.98999786376953,83.93000030517578,83.97000122070312,66.77373504638672,879700
2010-12-22,83.97000122070312,83.9800033569336,83.9000015258789,83.94999694824219,66.75779724121094,526900
2010-12-23,83.87999725341797,83.9000015258789,83.83999633789062,83.83999633789062,66.67040252685547,581000
2010-12-27,83.81999969482422,83.88999938964844,83.7699966430664,83.88999938964844,66.71015167236328,730000
2010-12-28,83.79000091552734,83.83000183105469,83.70999908447266,83.70999908447266,66.62106323242188,823400
2010-12-29,83.75,83.94000244140625,83.73999786376953,83.91000366210938,66.7801742553711,1204800
2010-12-30,83.88999938964844,83.9000015258789,83.83000183105469,83.87999725341797,66.75633239746094,1119100
2010-12-31,83.9000015258789,83.98999786376953,83.88999938964844,83.9800033569336,66.83587646484375,664600
2011-01-03,83.94000244140625,83.97000122070312,83.9000015258789,83.95999908447266,66.81998443603516,676200
2011-01-04,83.95999908447266,84.01000213623047,83.91999816894531,83.94000244140625,66.80403900146484,2022500
2011-01-05,83.81999969482422,83.8499984741211,83.7699966430664,83.79000091552734,66.6846694946289,1276200
2011-01-06,83.83000183105469,83.9000015258789,83.80999755859375,83.87999725341797,66.75633239746094,1686600
2011-01-07,83.94000244140625,84.0199966430664,83.93000030517578,84.0,66.85181427001953,792200
2011-01-10,84.0,84.05000305175781,84.0,84.04000091552734,66.8836669921875,1202900
2011-01-11,84.05000305175781,84.05000305175781,83.9800033569336,83.98999786376953,66.84385681152344,1060400
2011-01-12,83.94999694824219,84.0,83.93000030517578,83.98999786376953,66.84385681152344,703200
2011-01-13,83.98999786376953,84.02999877929688,83.95999908447266,84.0199966430664,66.86772918701172,685900
2011-01-14,84.04000091552734,84.06999969482422,84.01000213623047,84.0199966430664,66.86772918701172,841900
2011-01-18,84.0,84.04000091552734,83.9800033569336,84.0,66.85181427001953,692200
2011-01-19,84.0199966430664,84.05000305175781,84.01000213623047,84.04000091552734,66.8836669921875,1450300
2011-01-20,84.0199966430664,84.0199966430664,83.94000244140625,83.94999694824219,66.81194305419922,781700
2011-01-21,83.94000244140625,83.9800033569336,83.94000244140625,83.97000122070312,66.82791137695312,463600
2011-01-24,83.94000244140625,83.9800033569336,83.94000244140625,83.95999908447266,66.81998443603516,631800
2011-01-25,83.95999908447266,84.04000091552734,83.94000244140625,84.0199966430664,66.86772918701172,1627100
2011-01-26,83.9800033569336,84.01000213623047,83.94999694824219,84.0,66.85181427001953,1130100
2011-01-27,84.04000091552734,84.06999969482422,84.01000213623047,84.05999755859375,66.89958953857422,917600
2011-01-28,84.05000305175781,84.13999938964844,84.04000091552734,84.0999984741211,66.93144226074219,678500
2011-01-31,84.12000274658203,84.12999725341797,84.06999969482422,84.08999633789062,66.92344665527344,1139000
2011-02-01,83.9800033569336,83.9800033569336,83.93000030517578,83.93000030517578,66.85016632080078,1358700
2011-02-02,83.93000030517578,83.95999908447266,83.8499984741211,83.87999725341797,66.81034851074219,1139300
2011-02-03,83.80999755859375,83.83999633789062,83.76000213623047,83.80000305175781,66.7466049194336,1843800
2011-02-04,83.75,83.77999877929688,83.69999694824219,83.7300033569336,66.69090270996094,612300
2011-02-07,83.66999816894531,83.72000122070312,83.6500015258789,83.69000244140625,66.65898895263672,532500
2011-02-08,83.68000030517578,83.69000244140625,83.55999755859375,83.58000183105469,66.5713882446289,1348600
2011-02-09,83.62000274658203,83.69000244140625,83.61000061035156,83.63999938964844,66.61917877197266,1278000
2011-02-10,83.62999725341797,83.66000366210938,83.58999633789062,83.5999984741211,66.58724975585938,607200
2011-02-11,83.6500015258789,83.69000244140625,83.5999984741211,83.5999984741211,66.58724975585938,786700
2011-02-14,83.58999633789062,83.62000274658203,83.58999633789062,83.5999984741211,66.58724975585938,1257700
2011-02-15,83.55999755859375,83.63999938964844,83.55999755859375,83.63999938964844,66.61917877197266,981700
2011-02-16,83.61000061035156,83.68000030517578,83.58999633789062,83.62999725341797,66.61119842529297,963300
2011-02-17,83.69000244140625,83.73999786376953,83.69000244140625,83.7300033569336,66.69090270996094,1095900
2011-02-18,83.69000244140625,83.7699966430664,83.68000030517578,83.76000213623047,66.7147445678711,709200
2011-02-22,83.80000305175781,83.87000274658203,83.7699966430664,83.8499984741211,66.78642272949219,1885000
2011-02-23,83.86000061035156,83.88999938964844,83.81999969482422,83.83000183105469,66.7705078125,831600
2011-02-24,83.8499984741211,83.88999938964844,83.83999633789062,83.87000274658203,66.80232238769531,666700
2011-02-25,83.83999633789062,83.9000015258789,83.83999633789062,83.88999938964844,66.81831359863281,786000
2011-02-28,83.91000366210938,83.94999694824219,83.88999938964844,83.91999816894531,66.84221649169922,667600
2011-03-01,83.80999755859375,83.91999816894531,83.80999755859375,83.91000366210938,66.8828125,785200
2011-03-02,83.91000366210938,83.93000030517578,83.86000061035156,83.87000274658203,66.85091400146484,834800
2011-03-03,83.75,83.7699966430664,83.69999694824219,83.69999694824219,66.7154312133789,740400
2011-03-04,83.79000091552734,83.88999938964844,83.79000091552734,83.88999938964844,66.86693572998047,627700
2011-03-07,83.80999755859375,83.88999938964844,83.80999755859375,83.83000183105469,66.81907653808594,668500
2011-03-08,83.79000091552734,83.81999969482422,83.7699966430664,83.80000305175781,66.79521179199219,863500
2011-03-09,83.8499984741211,83.91000366210938,83.81999969482422,83.86000061035156,66.84295654296875,924200
2011-03-10,83.88999938964844,83.97000122070312,83.86000061035156,83.94999694824219,66.91464233398438,692000
2011-03-11,83.94999694824219,83.9800033569336,83.93000030517578,83.95999908447266,66.92269897460938,678200
2011-03-14,84.02999877929688,84.08999633789062,84.01000213623047,84.01000213623047,66.96256256103516,1522200
2011-03-15,84.12999725341797,84.13999938964844,83.97000122070312,83.97000122070312,66.93067169189453,1152200
2011-03-16,84.04000091552734,84.16000366210938,84.0199966430664,84.12000274658203,67.05022430419922,2603900
2011-03-17,84.05999755859375,84.08999633789062,84.01000213623047,84.08000183105469,67.01832580566406,1012000
2011-03-18,84.04000091552734,84.08000183105469,84.02999877929688,84.04000091552734,66.98649597167969,814000
2011-03-21,84.01000213623047,84.01000213623047,83.94000244140625,83.94999694824219,66.91464233398438,611900
2011-03-22,83.9000015258789,83.94999694824219,83.9000015258789,83.93000030517578,66.89878845214844,1402600
2011-03-23,84.0,84.0,83.93000030517578,83.94000244140625,66.90670013427734,868700
2011-03-24,83.91000366210938,83.94000244140625,83.87000274658203,83.87999725341797,66.85892486572266,1038400
2011-03-25,83.91999816894531,83.91999816894531,83.80000305175781,83.81999969482422,66.81109619140625,811100
2011-03-28,83.77999877929688,83.83000183105469,83.76000213623047,83.77999877929688,66.77923583984375,1493000
2011-03-29,83.79000091552734,83.81999969482422,83.73999786376953,83.75,66.7553482055664,863400
2011-03-30,83.77999877929688,83.80999755859375,83.7699966430664,83.80000305175781,66.79521179199219,631200
2011-03-31,83.83000183105469,83.8499984741211,83.75,83.75,66.7553482055664,935200
2011-04-01,83.61000061035156,83.75,83.5999984741211,83.75,66.8087387084961,855800
2011-04-04,83.7699966430664,83.80999755859375,83.76000213623047,83.7699966430664,66.82469940185547,1159400
2011-04-05,83.73999786376953,83.7699966430664,83.68000030517578,83.68000030517578,66.75288391113281,1581000
2011-04-06,83.68000030517578,83.70999908447266,83.66000366210938,83.68000030517578,66.75288391113281,663000
2011-04-07,83.69999694824219,83.76000213623047,83.69000244140625,83.73999786376953,66.80072784423828,501800
2011-04-08,83.69999694824219,83.7300033569336,83.69000244140625,83.70999908447266,66.77684783935547,692200
2011-04-11,83.70999908447266,83.7300033569336,83.68000030517578,83.69999694824219,66.76889038085938,679500
2011-04-12,83.76000213623047,83.83999633789062,83.76000213623047,83.83999633789062,66.88056182861328,826100
2011-04-13,83.80000305175781,83.88999938964844,83.77999877929688,83.87999725341797,66.9124984741211,859000
2011-04-14,83.87000274658203,83.9000015258789,83.80000305175781,83.80000305175781,66.84867858886719,919400
2011-04-15,83.87000274658203,83.95999908447266,83.87000274658203,83.95999908447266,66.97627258300781,1139000
2011-04-18,83.98999786376953,84.02999877929688,83.97000122070312,83.9800033569336,66.99217987060547,616000
2011-04-19,84.0,84.0199966430664,83.9800033569336,84.0,67.0082015991211,628400
2011-04-20,83.97000122070312,84.0,83.94000244140625,83.98999786376953,67.00025177001953,746700
2011-04-21,83.98999786376953,84.01000213623047,83.95999908447266,83.97000122070312,66.98428344726562,1119500
2011-04-25,83.97000122070312,84.01000213623047,83.94999694824219,83.9800033569336,66.99217987060547,1049600
2011-04-26,84.0199966430664,84.08000183105469,84.0,84.05999755859375,67.05603790283203,569000
2011-04-27,84.01000213623047,84.08999633789062,83.9800033569336,84.08999633789062,67.08002471923828,1169700
2011-04-28,84.11000061035156,84.12000274658203,84.08000183105469,84.08999633789062,67.08002471923828,704400
2011-04-29,84.0999984741211,84.1500015258789,84.08000183105469,84.12999725341797,67.11182403564453,803000
2011-05-02,84.06999969482422,84.0999984741211,84.05000305175781,84.05000305175781,67.10075378417969,716200
2011-05-03,84.08000183105469,84.08999633789062,84.05000305175781,84.08000183105469,67.12467956542969,451000
2011-05-04,84.08000183105469,84.13999938964844,84.04000091552734,84.12000274658203,67.15660858154297,1527400
2011-05-05,84.11000061035156,84.13999938964844,84.0999984741211,84.13999938964844,67.1725845336914,899600
2011-05-06,84.08999633789062,84.19000244140625,84.06999969482422,84.1500015258789,67.18050384521484,1627000
2011-05-09,84.19000244140625,84.19999694824219,84.16999816894531,84.19000244140625,67.21250915527344,530900
2011-05-10,84.16999816894531,84.16999816894531,84.11000061035156,84.11000061035156,67.14860534667969,725400
2011-05-11,84.12999725341797,84.19999694824219,84.12000274658203,84.19000244140625,67.21250915527344,1403100
2011-05-12,84.19000244140625,84.19000244140625,84.12999725341797,84.1500015258789,67.18050384521484,745000
2011-05-13,84.16999816894531,84.20999908447266,84.16000366210938,84.19000244140625,67.21250915527344,683200
2011-05-16,84.19000244140625,84.2300033569336,84.16999816894531,84.2300033569336,67.24440002441406,1458600
2011-05-17,84.22000122070312,84.2699966430664,84.20999908447266,84.23999786376953,67.2523422241211,949700
2011-05-18,84.22000122070312,84.2300033569336,84.18000030517578,84.19999694824219,67.22045135498047,1321800
2011-05-19,84.11000061035156,84.2300033569336,84.11000061035156,84.20999908447266,67.22844696044922,756000
2011-05-20,84.2300033569336,84.26000213623047,84.22000122070312,84.23999786376953,67.2523422241211,1059900
2011-05-23,84.2699966430664,84.27999877929688,84.23999786376953,84.25,67.26040649414062,708400
2011-05-24,84.2300033569336,84.26000213623047,84.22000122070312,84.25,67.26040649414062,903000
2011-05-25,84.29000091552734,84.29000091552734,84.26000213623047,84.29000091552734,67.29230499267578,712100
2011-05-26,84.30000305175781,84.33999633789062,84.30000305175781,84.33999633789062,67.33230590820312,653800
2011-05-27,84.33000183105469,84.37000274658203,84.31999969482422,84.37000274658203,67.35614776611328,635700
2011-05-31,84.31999969482422,84.38999938964844,84.31999969482422,84.37000274658203,67.35614776611328,775300
2011-06-01,84.31999969482422,84.37000274658203,84.31999969482422,84.36000061035156,67.4009017944336,2248000
2011-06-02,84.31999969482422,84.3499984741211,84.30000305175781,84.30999755859375,67.36097717285156,696300
2011-06-03,84.37999725341797,84.37999725341797,84.30999755859375,84.33999633789062,67.3849105834961,975500
2011-06-06,84.33000183105469,84.37999725341797,84.31999969482422,84.3499984741211,67.3929214477539,1836500
2011-06-07,84.36000061035156,84.41000366210938,84.33000183105469,84.41000366210938,67.44091796875,1384700
2011-06-08,84.38999938964844,84.44000244140625,84.38999938964844,84.41999816894531,67.44886016845703,914300
2011-06-09,84.38999938964844,84.4000015258789,84.31999969482422,84.33000183105469,67.37694549560547,1145900
2011-06-10,84.36000061035156,84.4000015258789,84.36000061035156,84.4000015258789,67.432861328125,717200
2011-06-13,84.36000061035156,84.41999816894531,84.33999633789062,84.37000274658203,67.40895080566406,898400
2011-06-14,84.30999755859375,84.3499984741211,84.30000305175781,84.30000305175781,67.35296630859375,1300600
2011-06-15,84.3499984741211,84.44000244140625,84.3499984741211,84.41999816894531,67.44886016845703,695100
2011-06-16,84.43000030517578,84.44000244140625,84.38999938964844,84.43000030517578,67.45684814453125,1112300
2011-06-17,84.43000030517578,84.44999694824219,84.41000366210938,84.44999694824219,67.47282409667969,1689000
2011-06-20,84.44000244140625,84.44999694824219,84.4000015258789,84.44999694824219,67.47282409667969,917300
2011-06-21,84.41000366210938,84.45999908447266,84.41000366210938,84.45999908447266,67.48078155517578,7491500
2011-06-22,84.47000122070312,84.4800033569336,84.41999816894531,84.44000244140625,67.46487426757812,1174000
2011-06-23,84.48999786376953,84.51000213623047,84.47000122070312,84.48999786376953,67.5047378540039,1875000
2011-06-24,84.48999786376953,84.55000305175781,84.47000122070312,84.54000091552734,67.54472351074219,1068600
2011-06-27,84.5,84.5199966430664,84.43000030517578,84.45999908447266,67.48078155517578,1431800
2011-06-28,84.4000015258789,84.43000030517578,84.30000305175781,84.30999755859375,67.36097717285156,1126700
2011-06-29,84.31999969482422,84.33999633789062,84.27999877929688,84.30999755859375,67.36097717285156,1312800
2011-06-30,84.3499984741211,84.36000061035156,84.23999786376953,84.30000305175781,67.35296630859375,1898000
2011-07-01,84.27999877929688,84.29000091552734,84.19000244140625,84.20999908447266,67.3298110961914,3176800
2011-07-05,84.2699966430664,84.31999969482422,84.2699966430664,84.30999755859375,67.4097671508789,1128700
2011-07-06,84.31999969482422,84.36000061035156,84.31999969482422,84.33999633789062,67.43370056152344,669900
2011-07-07,84.29000091552734,84.29000091552734,84.2300033569336,84.26000213623047,67.36983489990234,959800
2011-07-08,84.37000274658203,84.41000366210938,84.37000274658203,84.37999725341797,67.46570587158203,830500
2011-07-11,84.4000015258789,84.44999694824219,84.4000015258789,84.44000244140625,67.51372528076172,1723500
2011-07-12,84.43000030517578,84.44999694824219,84.38999938964844,84.43000030517578,67.50568389892578,1065600
2011-07-13,84.43000030517578,84.45999908447266,84.41000366210938,84.44999694824219,67.52169036865234,612400
2011-07-14,84.4000015258789,84.44000244140625,84.4000015258789,84.41999816894531,67.49769592285156,920300
2011-07-15,84.4000015258789,84.44000244140625,84.38999938964844,84.44000244140625,67.51372528076172,607500
2011-07-18,84.43000030517578,84.45999908447266,84.41999816894531,84.44000244140625,67.51372528076172,1518000
2011-07-19,84.44999694824219,84.47000122070312,84.41999816894531,84.44000244140625,67.51372528076172,850000
2011-07-20,84.41999816894531,84.44000244140625,84.4000015258789,84.41000366210938,67.48973083496094,615600
2011-07-21,84.4000015258789,84.41999816894531,84.36000061035156,84.37000274658203,67.45775604248047,718900
2011-07-22,84.41000366210938,84.43000030517578,84.37999725341797,84.37999725341797,67.46570587158203,712600
2011-07-25,84.36000061035156,84.4000015258789,84.33999633789062,84.33999633789062,67.43370056152344,3881100
2011-07-26,84.36000061035156,84.41000366210938,84.36000061035156,84.38999938964844,67.4737548828125,1157200
2011-07-27,84.37000274658203,84.37999725341797,84.31999969482422,84.33999633789062,67.43370056152344,1120100
2011-07-28,84.41999816894531,84.43000030517578,84.37999725341797,84.38999938964844,67.4737548828125,3369200
2011-07-29,84.43000030517578,84.51000213623047,84.43000030517578,84.4800033569336,67.54573059082031,1178200
2011-08-01,84.4000015258789,84.44999694824219,84.37999725341797,84.38999938964844,67.52246856689453,2428900
2011-08-02,84.45999908447266,84.51000213623047,84.44000244140625,84.5,67.61044311523438,1104600
2011-08-03,84.47000122070312,84.51000213623047,84.45999908447266,84.48999786376953,67.60240936279297,2656600
2011-08-04,84.4800033569336,84.58000183105469,84.4800033569336,84.56999969482422,67.66649627685547,2556300
2011-08-05,84.51000213623047,84.58000183105469,84.48999786376953,84.55000305175781,67.65055847167969,3777400
2011-08-08,84.55999755859375,84.63999938964844,84.55999755859375,84.58000183105469,67.67450714111328,3003000
2011-08-09,84.55000305175781,84.73999786376953,84.51000213623047,84.66999816894531,67.74653625488281,5224400
2011-08-10,84.70999908447266,84.75,84.68000030517578,84.7300033569336,67.79454040527344,2682500
2011-08-11,84.70999908447266,84.7300033569336,84.68000030517578,84.70999908447266,67.77850341796875,1352200
2011-08-12,84.69000244140625,84.72000122070312,84.66999816894531,84.72000122070312,67.78651428222656,4026200
2011-08-15,84.69999694824219,84.69999694824219,84.66000366210938,84.69000244140625,67.76251220703125,924400
2011-08-16,84.68000030517578,84.69000244140625,84.66000366210938,84.69000244140625,67.76251220703125,2724700
2011-08-17,84.69999694824219,84.70999908447266,84.66000366210938,84.70999908447266,67.77850341796875,1471600
2011-08-18,84.7300033569336,84.73999786376953,84.69000244140625,84.69999694824219,67.77052307128906,1197000
2011-08-19,84.66999816894531,84.69999694824219,84.66999816894531,84.69999694824219,67.77052307128906,1894500
2011-08-22,84.68000030517578,84.69000244140625,84.66999816894531,84.69000244140625,67.76251220703125,1112400
2011-08-23,84.66999816894531,84.68000030517578,84.6500015258789,84.6500015258789,67.73049926757812,1531000
2011-08-24,84.66000366210938,84.66999816894531,84.62999725341797,84.6500015258789,67.73049926757812,780700
2011-08-25,84.68000030517578,84.70999908447266,84.68000030517578,84.69999694824219,67.77052307128906,1397200
2011-08-26,84.72000122070312,84.73999786376953,84.69999694824219,84.70999908447266,67.77850341796875,1011300
2011-08-29,84.69999694824219,84.70999908447266,84.68000030517578,84.69000244140625,67.76251220703125,533300
2011-08-30,84.69999694824219,84.7300033569336,84.69999694824219,84.70999908447266,67.77850341796875,2234000
2011-08-31,84.7300033569336,84.7300033569336,84.66999816894531,84.70999908447266,67.77850341796875,1416500
2011-09-01,84.68000030517578,84.69000244140625,84.63999938964844,84.68000030517578,67.79776000976562,1562800
2011-09-02,84.66000366210938,84.66000366210938,84.62000274658203,84.63999938964844,67.76569366455078,1988100
2011-09-06,84.63999938964844,84.6500015258789,84.61000061035156,84.6500015258789,67.7737045288086,1125600
2011-09-07,84.62000274658203,84.6500015258789,84.62000274658203,84.62999725341797,67.75767517089844,1087400
2011-09-08,84.66999816894531,84.66999816894531,84.63999938964844,84.66000366210938,67.78172302246094,755600
2011-09-09,84.68000030517578,84.69999694824219,84.66999816894531,84.69000244140625,67.80573272705078,921700
2011-09-12,84.66999816894531,84.66999816894531,84.62999725341797,84.62999725341797,67.75767517089844,2117700
2011-09-13,84.62999725341797,84.6500015258789,84.62000274658203,84.63999938964844,67.76569366455078,992400
2011-09-14,84.66000366210938,84.68000030517578,84.62999725341797,84.63999938964844,67.76569366455078,808700
2011-09-15,84.62999725341797,84.6500015258789,84.61000061035156,84.6500015258789,67.7737045288086,1466400
2011-09-16,84.62000274658203,84.68000030517578,84.62000274658203,84.66999816894531,67.78974914550781,997900
2011-09-19,84.70999908447266,84.72000122070312,84.69000244140625,84.70999908447266,67.82173919677734,644600
2011-09-20,84.68000030517578,84.70999908447266,84.66999816894531,84.66999816894531,67.78974914550781,1905900
2011-09-21,84.69999694824219,84.70999908447266,84.58000183105469,84.58000183105469,67.7176742553711,984800
2011-09-22,84.62999725341797,84.63999938964844,84.58999633789062,84.58999633789062,67.7256851196289,2479700
2011-09-23,84.62000274658203,84.62000274658203,84.58000183105469,84.5999984741211,67.73365783691406,2848600
2011-09-26,84.58999633789062,84.58999633789062,84.55999755859375,84.56999969482422,67.70965576171875,977500
2011-09-27,84.52999877929688,84.55999755859375,84.52999877929688,84.54000091552734,67.68563079833984,1303100
2011-09-28,84.5199966430664,84.54000091552734,84.5,84.51000213623047,67.66165161132812,2755700
2011-09-29,84.5199966430664,84.54000091552734,84.51000213623047,84.52999877929688,67.67767333984375,1206500
2011-09-30,84.55999755859375,84.56999969482422,84.52999877929688,84.56999969482422,67.70965576171875,2114100
2011-10-03,84.5199966430664,84.55000305175781,84.5,84.54000091552734,67.72491455078125,2885800
2011-10-04,84.52999877929688,84.54000091552734,84.48999786376953,84.48999786376953,67.6848373413086,4037200
2011-10-05,84.5,84.5,84.47000122070312,84.48999786376953,67.6848373413086,1734600
2011-10-06,84.47000122070312,84.48999786376953,84.47000122070312,84.47000122070312,67.66880798339844,1221500
2011-10-07,84.45999908447266,84.47000122070312,84.4000015258789,84.44000244140625,67.64473724365234,2255300
2011-10-10,84.47000122070312,84.47000122070312,84.3499984741211,84.37000274658203,67.58867645263672,1532300
2011-10-11,84.4000015258789,84.41999816894531,84.38999938964844,84.41000366210938,67.62071228027344,948000
2011-10-12,84.37000274658203,84.41000366210938,84.37000274658203,84.41000366210938,67.62071228027344,3140200
2011-10-13,84.45999908447266,84.47000122070312,84.43000030517578,84.43000030517578,67.63678741455078,2722800
2011-10-14,84.43000030517578,84.4800033569336,84.43000030517578,84.47000122070312,67.66880798339844,1096600
2011-10-17,84.47000122070312,84.48999786376953,84.45999908447266,84.4800033569336,67.67680358886719,834800
2011-10-18,84.4800033569336,84.5,84.47000122070312,84.4800033569336,67.67680358886719,1390000
2011-10-19,84.47000122070312,84.51000213623047,84.47000122070312,84.51000213623047,67.70085144042969,1987400
2011-10-20,84.48999786376953,84.5199966430664,84.4800033569336,84.5199966430664,67.7088623046875,2206000
2011-10-21,84.51000213623047,84.51000213623047,84.4800033569336,84.48999786376953,67.6848373413086,1426600
2011-10-24,84.48999786376953,84.48999786376953,84.47000122070312,84.48999786376953,67.6848373413086,1742300
2011-10-25,84.48999786376953,84.54000091552734,84.47000122070312,84.54000091552734,67.72491455078125,3601800
2011-10-26,84.5,84.51000213623047,84.4800033569336,84.48999786376953,67.6848373413086,1070400
2011-10-27,84.4800033569336,84.4800033569336,84.41999816894531,84.43000030517578,67.63678741455078,1521600
2011-10-28,84.45999908447266,84.4800033569336,84.41999816894531,84.47000122070312,67.66880798339844,2016000
2011-10-31,84.51000213623047,84.55000305175781,84.51000213623047,84.55000305175781,67.73287200927734,1376000
2011-11-01,84.54000091552734,84.54000091552734,84.5,84.51000213623047,67.73931121826172,5677600
2011-11-02,84.5199966430664,84.55000305175781,84.5199966430664,84.52999877929688,67.75533294677734,1863600
2011-11-03,84.52999877929688,84.54000091552734,84.5199966430664,84.54000091552734,67.76338958740234,1559800
2011-11-04,84.5199966430664,84.55000305175781,84.5199966430664,84.54000091552734,67.76338958740234,618700
2011-11-07,84.54000091552734,84.55999755859375,84.5199966430664,84.5199966430664,67.74726867675781,1082500
2011-11-08,84.51000213623047,84.54000091552734,84.51000213623047,84.51000213623047,67.73931121826172,711300
2011-11-09,84.5199966430664,84.55000305175781,84.5199966430664,84.52999877929688,67.75533294677734,1154900
2011-11-10,84.54000091552734,84.55000305175781,84.5199966430664,84.54000091552734,67.76338958740234,3677900
2011-11-11,84.5199966430664,84.54000091552734,84.5,84.5,67.73128509521484,1011800
2011-11-14,84.51000213623047,84.56999969482422,84.51000213623047,84.54000091552734,67.76338958740234,2637100
2011-11-15,84.54000091552734,84.55000305175781,84.5199966430664,84.52999877929688,67.75533294677734,788200
2011-11-16,84.52999877929688,84.54000091552734,84.51000213623047,84.51000213623047,67.73931121826172,978300
2011-11-17,84.5,84.5199966430664,84.48999786376953,84.5199966430664,67.74726867675781,1751200
2011-11-18,84.5,84.51000213623047,84.4800033569336,84.48999786376953,67.7232894897461,1504000
2011-11-21,84.5,84.5,84.4800033569336,84.5,67.73128509521484,1352100
2011-11-22,84.5199966430664,84.5199966430664,84.48999786376953,84.51000213623047,67.73931121826172,2871900
2011-11-23,84.48999786376953,84.52999877929688,84.48999786376953,84.5199966430664,67.74726867675781,1470200
2011-11-25,84.5199966430664,84.5199966430664,84.5,84.5199966430664,67.74726867675781,554700
2011-11-28,84.4800033569336,84.52999877929688,84.4800033569336,84.52999877929688,67.75533294677734,1210200
2011-11-29,84.5199966430664,84.54000091552734,84.51000213623047,84.54000091552734,67.76338958740234,1693200
2011-11-30,84.51000213623047,84.54000091552734,84.5,84.54000091552734,67.76338958740234,1486200
2011-12-01,84.5,84.5,84.45999908447266,84.5,67.767333984375,6682400
2011-12-02,84.48999786376953,84.48999786376953,84.45999908447266,84.4800033569336,67.75131225585938,1780300
2011-12-05,84.4800033569336,84.5,84.47000122070312,84.48999786376953,67.75933074951172,1356600
2011-12-06,84.4800033569336,84.5,84.47000122070312,84.48999786376953,67.75933074951172,817300
2011-12-07,84.48999786376953,84.5199966430664,84.48999786376953,84.5199966430664,67.78339385986328,1330000
2011-12-08,84.52999877929688,84.54000091552734,84.51000213623047,84.52999877929688,67.79141235351562,2097100
2011-12-09,84.52999877929688,84.54000091552734,84.5199966430664,84.52999877929688,67.79141235351562,1726600
2011-12-12,84.5199966430664,84.54000091552734,84.5199966430664,84.52999877929688,67.79141235351562,1750800
2011-12-13,84.5199966430664,84.54000091552734,84.51000213623047,84.52999877929688,67.79141235351562,836100
2011-12-14,84.48999786376953,84.5199966430664,84.48999786376953,84.51000213623047,67.77544403076172,2196200
2011-12-15,84.5199966430664,84.5199966430664,84.48999786376953,84.5,67.767333984375,2872000
2011-12-16,84.52999877929688,84.54000091552734,84.51000213623047,84.54000091552734,67.79943084716797,2330700
2011-12-19,84.52999877929688,84.54000091552734,84.51000213623047,84.52999877929688,67.79141235351562,1544000
2011-12-20,84.5199966430664,84.5199966430664,84.48999786376953,84.51000213623047,67.77544403076172,1549200
2011-12-21,84.48999786376953,84.5,84.45999908447266,84.4800033569336,67.75131225585938,1205300
2011-12-22,84.47000122070312,84.4800033569336,84.44000244140625,84.47000122070312,67.74327087402344,2395300
2011-12-23,84.44999694824219,84.48999786376953,84.44000244140625,84.48999786376953,67.75933074951172,1029000
2011-12-27,84.4000015258789,84.41999816894531,84.4000015258789,84.41999816894531,67.73442840576172,669100
2011-12-28,84.4000015258789,84.44999694824219,84.4000015258789,84.44000244140625,67.75051879882812,2493200
2011-12-29,84.43000030517578,84.45999908447266,84.43000030517578,84.44999694824219,67.75857543945312,1510900
2011-12-30,84.4800033569336,84.5,84.45999908447266,84.5,67.79863739013672,2343700
2012-01-03,84.48999786376953,84.48999786376953,84.44999694824219,84.44999694824219,67.75857543945312,5743100
2012-01-04,84.45999908447266,84.47000122070312,84.44999694824219,84.45999908447266,67.76654815673828,1767300
2012-01-05,84.44999694824219,84.4800033569336,84.44999694824219,84.47000122070312,67.77462005615234,1583400
2012-01-06,84.47000122070312,84.8499984741211,84.44999694824219,84.45999908447266,67.76654815673828,2068000
2012-01-09,84.48999786376953,84.48999786376953,84.47000122070312,84.4800033569336,67.78260803222656,1236100
2012-01-10,84.4800033569336,84.51000213623047,84.47000122070312,84.48999786376953,67.79061889648438,813400
2012-01-11,84.5,84.52999877929688,84.5,84.5199966430664,67.81468963623047,2467000
2012-01-12,84.51000213623047,84.54000091552734,84.51000213623047,84.51000213623047,67.80668640136719,2119900
2012-01-13,84.54000091552734,84.54000091552734,84.52999877929688,84.52999877929688,67.82271575927734,1151800
2012-01-17,84.54000091552734,84.55999755859375,84.52999877929688,84.54000091552734,67.83075714111328,2337200
2012-01-18,84.54000091552734,84.55000305175781,84.52999877929688,84.52999877929688,67.82271575927734,1189700
2012-01-19,84.5199966430664,84.54000091552734,84.5,84.52999877929688,67.82271575927734,2062000
2012-01-20,84.5,84.5199966430664,84.5,84.51000213623047,67.80668640136719,2601600
2012-01-23,84.51000213623047,84.5199966430664,84.48999786376953,84.5199966430664,67.81468963623047,2628500
2012-01-24,84.5199966430664,84.5199966430664,84.48999786376953,84.5199966430664,67.81468963623047,3799300
2012-01-25,84.51000213623047,84.58999633789062,84.51000213623047,84.56999969482422,67.85482025146484,2108000
2012-01-26,84.56999969482422,84.5999984741211,84.56999969482422,84.58000183105469,67.86284637451172,1436100
2012-01-27,84.58999633789062,84.5999984741211,84.58000183105469,84.5999984741211,67.87889099121094,1297900
2012-01-30,84.56999969482422,84.58999633789062,84.56999969482422,84.56999969482422,67.85482025146484,1885700
2012-01-31,84.55000305175781,84.56999969482422,84.55000305175781,84.56999969482422,67.85482025146484,2644300
2012-02-01,84.52999877929688,84.55000305175781,84.51000213623047,84.51000213623047,67.83154296875,5980200
2012-02-02,84.5199966430664,84.54000091552734,84.51000213623047,84.5199966430664,67.83955383300781,2990400
2012-02-03,84.51000213623047,84.52999877929688,84.5,84.5199966430664,67.83955383300781,2434800
2012-02-06,84.5199966430664,84.5199966430664,84.5,84.5,67.82349395751953,2384500
2012-02-07,84.5,84.5,84.47000122070312,84.4800033569336,67.80747985839844,1930100
2012-02-08,84.45999908447266,84.48999786376953,84.45999908447266,84.4800033569336,67.80747985839844,1207300
2012-02-09,84.4800033569336,84.4800033569336,84.44000244140625,84.44000244140625,67.77538299560547,766500
2012-02-10,84.44000244140625,84.47000122070312,84.44000244140625,84.45999908447266,67.79141998291016,1025300
2012-02-13,84.44000244140625,84.45999908447266,84.41000366210938,84.41000366210938,67.75128936767578,1083500
2012-02-14,84.41000366210938,84.43000030517578,84.41000366210938,84.43000030517578,67.76734161376953,1069400
2012-02-15,84.41999816894531,84.45999908447266,84.41000366210938,84.44000244140625,67.77538299560547,1229700
2012-02-16,84.44000244140625,84.44999694824219,84.41000366210938,84.41000366210938,67.75128936767578,1467200
2012-02-17,84.41000366210938,84.41999816894531,84.38999938964844,84.38999938964844,67.73519134521484,827900
2012-02-21,84.4000015258789,84.4000015258789,84.37000274658203,84.37000274658203,67.71920776367188,1954600
2012-02-22,84.38999938964844,84.41000366210938,84.37999725341797,84.41000366210938,67.75128936767578,1604800
2012-02-23,84.38999938964844,84.41999816894531,84.38999938964844,84.4000015258789,67.74324798583984,3341900
2012-02-24,84.4000015258789,84.41000366210938,84.37999725341797,84.37999725341797,67.72724151611328,3698600
2012-02-27,84.41999816894531,84.43000030517578,84.4000015258789,84.4000015258789,67.74324798583984,1060900
2012-02-28,84.41999816894531,84.44000244140625,84.41000366210938,84.41999816894531,67.7592544555664,982800
2012-02-29,84.41999816894531,84.41999816894531,84.38999938964844,84.41999816894531,67.7592544555664,656500
2012-03-01,84.3499984741211,84.37000274658203,84.3499984741211,84.37000274658203,67.74728393554688,1044000
2012-03-02,84.37999725341797,84.4000015258789,84.37999725341797,84.38999938964844,67.76335144042969,914500
2012-03-05,84.37999725341797,84.38999938964844,84.37000274658203,84.38999938964844,67.76335144042969,1166200
2012-03-06,84.41000366210938,84.41000366210938,84.38999938964844,84.38999938964844,67.76335144042969,2282700
2012-03-07,84.38999938964844,84.4000015258789,84.37000274658203,84.37000274658203,67.74728393554688,587900
2012-03-08,84.37000274658203,84.37000274658203,84.33999633789062,84.33999633789062,67.72319030761719,960100
2012-03-09,84.36000061035156,84.37000274658203,84.33999633789062,84.33999633789062,67.72319030761719,660400
2012-03-12,84.36000061035156,84.37000274658203,84.33999633789062,84.3499984741211,67.73116302490234,761700
2012-03-13,84.31999969482422,84.33000183105469,84.29000091552734,84.30000305175781,67.69111633300781,1284700
2012-03-14,84.26000213623047,84.2699966430664,84.18000030517578,84.18000030517578,67.5947036743164,1351500
2012-03-15,84.22000122070312,84.26000213623047,84.20999908447266,84.2300033569336,67.63487243652344,3730100
2012-03-16,84.2699966430664,84.29000091552734,84.23999786376953,84.27999877929688,67.6749496459961,2790700
2012-03-19,84.23999786376953,84.25,84.19999694824219,84.22000122070312,67.62683868408203,2260800
2012-03-20,84.22000122070312,84.23999786376953,84.18000030517578,84.19999694824219,67.61075592041016,793800
2012-03-21,84.2300033569336,84.25,84.20999908447266,84.25,67.65095520019531,572200
2012-03-22,84.2699966430664,84.2699966430664,84.25,84.26000213623047,67.6589584350586,840000
2012-03-23,84.27999877929688,84.29000091552734,84.2699966430664,84.2699966430664,67.66692352294922,698400
2012-03-26,84.27999877929688,84.29000091552734,84.2699966430664,84.29000091552734,67.68301391601562,1035600
2012-03-27,84.30999755859375,84.33000183105469,84.29000091552734,84.31999969482422,67.70710754394531,1091100
2012-03-28,84.31999969482422,84.33999633789062,84.30000305175781,84.30000305175781,67.69111633300781,736600
2012-03-29,84.33000183105469,84.33000183105469,84.30999755859375,84.33000183105469,67.71512603759766,739200
2012-03-30,84.31999969482422,84.33000183105469,84.30999755859375,84.31999969482422,67.70710754394531,949300
2012-04-02,84.33000183105469,84.33000183105469,84.29000091552734,84.30999755859375,67.72315979003906,695600
2012-04-03,84.30999755859375,84.30999755859375,84.23999786376953,84.25,67.67494201660156,1631600
2012-04-04,84.30000305175781,84.30000305175781,84.26000213623047,84.2699966430664,67.69110870361328,1395900
2012-04-05,84.29000091552734,84.30000305175781,84.27999877929688,84.30000305175781,67.71511840820312,758900
2012-04-09,84.33000183105469,84.36000061035156,84.33000183105469,84.36000061035156,67.76338958740234,898600
2012-04-10,84.36000061035156,84.4000015258789,84.3499984741211,84.4000015258789,67.79550170898438,1024900
2012-04-11,84.37000274658203,84.4000015258789,84.37000274658203,84.38999938964844,67.78743743896484,2299100
2012-04-12,84.41000366210938,84.41000366210938,84.38999938964844,84.4000015258789,67.79550170898438,845700
2012-04-13,84.41999816894531,84.41999816894531,84.4000015258789,84.41000366210938,67.8034439086914,2859200
2012-04-16,84.41999816894531,84.43000030517578,84.41000366210938,84.41000366210938,67.8034439086914,569900
2012-04-17,84.41999816894531,84.43000030517578,84.4000015258789,84.41000366210938,67.8034439086914,773000
2012-04-18,84.44000244140625,84.44000244140625,84.41999816894531,84.43000030517578,67.81954956054688,469200
2012-04-19,84.41999816894531,84.44000244140625,84.41999816894531,84.44000244140625,67.82759094238281,558800
2012-04-20,84.43000030517578,84.44000244140625,84.41000366210938,84.44000244140625,67.82759094238281,503200
2012-04-23,84.45999908447266,84.45999908447266,84.44000244140625,84.45999908447266,67.84368133544922,741000
2012-04-24,84.45999908447266,84.47000122070312,84.43000030517578,84.43000030517578,67.81954956054688,1149600
2012-04-25,84.41999816894531,84.45999908447266,84.41999816894531,84.44999694824219,67.83561706542969,914100
2012-04-26,84.45999908447266,84.47000122070312,84.44000244140625,84.45999908447266,67.84368133544922,711600
2012-04-27,84.47000122070312,84.47000122070312,84.44000244140625,84.44000244140625,67.82759094238281,741700
2012-04-30,84.47000122070312,84.47000122070312,84.44999694824219,84.45999908447266,67.84368133544922,644700
2012-05-01,84.43000030517578,84.44999694824219,84.41000366210938,84.43000030517578,67.84205627441406,8197400
2012-05-02,84.43000030517578,84.44000244140625,84.41999816894531,84.44000244140625,67.85010528564453,2107000
2012-05-03,84.43000030517578,84.44999694824219,84.41999816894531,84.43000030517578,67.84205627441406,876700
2012-05-04,84.45999908447266,84.45999908447266,84.44999694824219,84.45999908447266,67.86617279052734,798700
2012-05-07,84.45999908447266,84.47000122070312,84.44999694824219,84.45999908447266,67.86617279052734,1315200
2012-05-08,84.45999908447266,84.47000122070312,84.44000244140625,84.47000122070312,67.87422180175781,1016600
2012-05-09,84.45999908447266,84.47000122070312,84.44999694824219,84.45999908447266,67.86617279052734,1260700
2012-05-10,84.44000244140625,84.45999908447266,84.43000030517578,84.44999694824219,67.85811614990234,1071300
2012-05-11,84.45999908447266,84.45999908447266,84.44000244140625,84.45999908447266,67.86617279052734,432100
2012-05-14,84.44999694824219,84.45999908447266,84.44999694824219,84.44999694824219,67.85811614990234,799600
2012-05-15,84.44999694824219,84.47000122070312,84.43000030517578,84.44000244140625,67.85010528564453,3270000
2012-05-16,84.41999816894531,84.43000030517578,84.41000366210938,84.43000030517578,67.84205627441406,1186300
2012-05-17,84.41999816894531,84.41999816894531,84.38999938964844,84.38999938964844,67.80988311767578,1894100
2012-05-18,84.38999938964844,84.4000015258789,84.37000274658203,84.4000015258789,67.81795501708984,2716100
2012-05-21,84.4000015258789,84.41000366210938,84.37999725341797,84.41000366210938,67.82597351074219,954600
2012-05-22,84.4000015258789,84.4000015258789,84.37999725341797,84.37999725341797,67.80191040039062,1193100
2012-05-23,84.41000366210938,84.41999816894531,84.38999938964844,84.41999816894531,67.83401489257812,928000
2012-05-24,84.38999938964844,84.38999938964844,84.37999725341797,84.38999938964844,67.80988311767578,644900
2012-05-25,84.41999816894531,84.43000030517578,84.38999938964844,84.43000030517578,67.84205627441406,795600
2012-05-29,84.4000015258789,84.43000030517578,84.4000015258789,84.41000366210938,67.82597351074219,1296100
2012-05-30,84.41999816894531,84.45999908447266,84.41999816894531,84.44999694824219,67.85811614990234,1239600
2012-05-31,84.4800033569336,84.48999786376953,84.44000244140625,84.4800033569336,67.88223266601562,3737600
2012-06-01,84.48999786376953,84.48999786376953,84.44999694824219,84.45999908447266,67.88865661621094,2218600
2012-06-04,84.45999908447266,84.47000122070312,84.44999694824219,84.44999694824219,67.88063049316406,5799600
2012-06-05,84.45999908447266,84.47000122070312,84.44000244140625,84.47000122070312,67.89674377441406,1666200
2012-06-06,84.47000122070312,84.47000122070312,84.43000030517578,84.44000244140625,67.87260437011719,1382500
2012-06-07,84.44000244140625,84.44000244140625,84.4000015258789,84.43000030517578,67.86454772949219,2898800
2012-06-08,84.44000244140625,84.44000244140625,84.41999816894531,84.43000030517578,67.86454772949219,1090400
2012-06-11,84.4000015258789,84.43000030517578,84.4000015258789,84.43000030517578,67.86454772949219,1065300
2012-06-12,84.41999816894531,84.41999816894531,84.37000274658203,84.38999938964844,67.83238983154297,1588500
2012-06-13,84.4000015258789,84.4000015258789,84.37000274658203,84.37999725341797,67.82435607910156,537400
2012-06-14,84.41000366210938,84.41000366210938,84.37999725341797,84.38999938964844,67.83238983154297,996000
2012-06-15,84.4000015258789,84.41999816894531,84.38999938964844,84.41999816894531,67.8564682006836,478800
2012-06-18,84.41000366210938,84.41000366210938,84.38999938964844,84.4000015258789,67.84043884277344,3803700
2012-06-19,84.4000015258789,84.41000366210938,84.38999938964844,84.38999938964844,67.83238983154297,1761700
2012-06-20,84.4000015258789,84.41999816894531,84.3499984741211,84.36000061035156,67.80831146240234,3044100
2012-06-21,84.36000061035156,84.37999725341797,84.36000061035156,84.37000274658203,67.81633758544922,701000
2012-06-22,84.37000274658203,84.37999725341797,84.36000061035156,84.37999725341797,67.82435607910156,1243300
2012-06-25,84.37000274658203,84.4000015258789,84.37000274658203,84.37999725341797,67.82435607910156,2960900
2012-06-26,84.37000274658203,84.37999725341797,84.3499984741211,84.36000061035156,67.80831146240234,3320900
2012-06-27,84.37999725341797,84.37999725341797,84.33999633789062,84.36000061035156,67.80831146240234,3125900
2012-06-28,84.37999725341797,84.38999938964844,84.36000061035156,84.37000274658203,67.81633758544922,907000
2012-06-29,84.3499984741211,84.38999938964844,84.3499984741211,84.37000274658203,67.81633758544922,1163200
2012-07-02,84.3499984741211,84.37999725341797,84.3499984741211,84.37000274658203,67.83723449707031,14979800
2012-07-03,84.36000061035156,84.37999725341797,84.3499984741211,84.3499984741211,67.8211441040039,1127700
2012-07-05,84.37000274658203,84.38999938964844,84.37000274658203,84.37999725341797,67.8453140258789,1205400
2012-07-06,84.41000366210938,84.41999816894531,84.4000015258789,84.41000366210938,67.86937713623047,1603300
2012-07-09,84.41999816894531,84.43000030517578,84.41000366210938,84.41000366210938,67.86937713623047,561100
2012-07-10,84.43000030517578,84.43000030517578,84.41000366210938,84.41000366210938,67.86937713623047,490200
2012-07-11,84.41999816894531,84.43000030517578,84.41000366210938,84.41999816894531,67.87738800048828,559500
2012-07-12,84.43000030517578,84.44000244140625,84.41999816894531,84.44000244140625,67.89353942871094,356800
2012-07-13,84.44999694824219,84.47000122070312,84.43000030517578,84.45999908447266,67.90959930419922,634100
2012-07-16,84.48999786376953,84.51000213623047,84.48999786376953,84.48999786376953,67.9337158203125,830800
2012-07-17,84.4800033569336,84.48999786376953,84.47000122070312,84.4800033569336,67.92566680908203,2200000
2012-07-18,84.4800033569336,84.51000213623047,84.4800033569336,84.5,67.94171905517578,2998500
2012-07-19,84.51000213623047,84.52999877929688,84.51000213623047,84.5199966430664,67.9578628540039,1443300
2012-07-20,84.5199966430664,84.54000091552734,84.51000213623047,84.52999877929688,67.96588897705078,2246300
2012-07-23,84.54000091552734,84.55000305175781,84.5199966430664,84.54000091552734,67.97389221191406,403900
2012-07-24,84.52999877929688,84.54000091552734,84.5199966430664,84.5199966430664,67.9578628540039,2868800
2012-07-25,84.55000305175781,84.55000305175781,84.5199966430664,84.52999877929688,67.96588897705078,1007100
2012-07-26,84.5199966430664,84.52999877929688,84.5199966430664,84.52999877929688,67.96588897705078,2028400
2012-07-27,84.48999786376953,84.51000213623047,84.44999694824219,84.47000122070312,67.91767120361328,907800
2012-07-30,84.5,84.5199966430664,84.48999786376953,84.51000213623047,67.94979095458984,2318600
2012-07-31,84.54000091552734,84.55000305175781,84.5199966430664,84.52999877929688,67.96588897705078,917000
2012-08-01,84.52999877929688,84.52999877929688,84.48999786376953,84.48999786376953,67.95464324951172,2012600
2012-08-02,84.5,84.5199966430664,84.48999786376953,84.5,67.962646484375,591400
2012-08-03,84.4800033569336,84.48999786376953,84.45999908447266,84.47000122070312,67.93851470947266,909300
2012-08-06,84.48999786376953,84.48999786376953,84.47000122070312,84.4800033569336,67.94656372070312,2344700
2012-08-07,84.45999908447266,84.45999908447266,84.43000030517578,84.44000244140625,67.91436004638672,644100
2012-08-08,84.44000244140625,84.44000244140625,84.4000015258789,84.41000366210938,67.89024353027344,1274600
2012-08-09,84.4000015258789,84.41999816894531,84.4000015258789,84.41000366210938,67.89024353027344,557300
2012-08-10,84.44000244140625,84.44000244140625,84.43000030517578,84.43000030517578,67.9063949584961,622900
2012-08-13,84.43000030517578,84.44000244140625,84.43000030517578,84.44000244140625,67.91436004638672,619000
2012-08-14,84.43000030517578,84.43000030517578,84.41000366210938,84.41999816894531,67.8983154296875,1756500
2012-08-15,84.4000015258789,84.41000366210938,84.38999938964844,84.38999938964844,67.87417602539062,694000
2012-08-16,84.4000015258789,84.41000366210938,84.37000274658203,84.37999725341797,67.86614227294922,797700
2012-08-17,84.4000015258789,84.4000015258789,84.38999938964844,84.38999938964844,67.87417602539062,577100
2012-08-20,84.38999938964844,84.41000366210938,84.38999938964844,84.38999938964844,67.87417602539062,536500
2012-08-21,84.38999938964844,84.4000015258789,84.37000274658203,84.38999938964844,67.87417602539062,1660500
2012-08-22,84.41999816894531,84.44999694824219,84.4000015258789,84.44000244140625,67.91436004638672,632300
2012-08-23,84.44999694824219,84.47000122070312,84.44000244140625,84.44999694824219,67.92244720458984,488900
2012-08-24,84.44999694824219,84.45999908447266,84.43000030517578,84.44999694824219,67.92244720458984,646600
2012-08-27,84.44999694824219,84.44999694824219,84.44000244140625,84.44000244140625,67.91436004638672,731000
2012-08-28,84.44999694824219,84.44999694824219,84.43000030517578,84.44999694824219,67.92244720458984,759300
2012-08-29,84.44000244140625,84.44999694824219,84.43000030517578,84.44999694824219,67.92244720458984,512600
2012-08-30,84.45999908447266,84.4800033569336,84.44000244140625,84.45999908447266,67.93048858642578,664900
2012-08-31,84.4800033569336,84.52999877929688,84.4800033569336,84.51000213623047,67.97067260742188,944900
2012-09-04,84.51000213623047,84.51000213623047,84.45999908447266,84.4800033569336,67.96588897705078,1795800
2012-09-05,84.4800033569336,84.48999786376953,84.47000122070312,84.4800033569336,67.96588897705078,575500
2012-09-06,84.44000244140625,84.45999908447266,84.43000030517578,84.44000244140625,67.93368530273438,1133200
2012-09-07,84.45999908447266,84.48999786376953,84.44999694824219,84.45999908447266,67.94975280761719,1666500
2012-09-10,84.44999694824219,84.45999908447266,84.44000244140625,84.44000244140625,67.93368530273438,2298900
2012-09-11,84.44999694824219,84.45999908447266,84.44000244140625,84.45999908447266,67.94975280761719,526500
2012-09-12,84.44999694824219,84.45999908447266,84.44999694824219,84.44999694824219,67.94172668457031,1211800
2012-09-13,84.47000122070312,84.5,84.44000244140625,84.4800033569336,67.96588897705078,783900
2012-09-14,84.4800033569336,84.4800033569336,84.43000030517578,84.44000244140625,67.93368530273438,890100
2012-09-17,84.44000244140625,84.44999694824219,84.44000244140625,84.44000244140625,67.93368530273438,1002700
2012-09-18,84.44000244140625,84.44999694824219,84.44000244140625,84.44999694824219,67.94172668457031,626100
2012-09-19,84.44000244140625,84.44999694824219,84.44000244140625,84.44999694824219,67.94172668457031,533300
2012-09-20,84.44000244140625,84.45999908447266,84.43000030517578,84.43000030517578,67.92566680908203,702200
2012-09-21,84.43000030517578,84.44000244140625,84.41999816894531,84.44000244140625,67.93368530273438,625100
2012-09-24,84.44999694824219,84.44999694824219,84.44000244140625,84.44999694824219,67.94172668457031,578200
2012-09-25,84.43000030517578,84.44000244140625,84.41999816894531,84.43000030517578,67.92566680908203,1278800
2012-09-26,84.44000244140625,84.44999694824219,84.43000030517578,84.44999694824219,67.94172668457031,628800
2012-09-27,84.44999694824219,84.47000122070312,84.44000244140625,84.45999908447266,67.94975280761719,446100
2012-09-28,84.4800033569336,84.5,84.47000122070312,84.5,67.9819564819336,876400
2012-10-01,84.4800033569336,84.4800033569336,84.47000122070312,84.4800033569336,67.98358917236328,2690600
2012-10-02,84.47000122070312,84.47000122070312,84.45999908447266,84.45999908447266,67.96749877929688,677300
2012-10-03,84.45999908447266,84.47000122070312,84.45999908447266,84.45999908447266,67.96749877929688,2717100
2012-10-04,84.45999908447266,84.47000122070312,84.44999694824219,84.45999908447266,67.96749877929688,552900
2012-10-05,84.44000244140625,84.44999694824219,84.41999816894531,84.41999816894531,67.93531036376953,1617700
2012-10-08,84.41999816894531,84.44000244140625,84.41999816894531,84.43000030517578,67.94334411621094,350600
2012-10-09,84.41999816894531,84.43000030517578,84.41999816894531,84.43000030517578,67.94334411621094,1039400
2012-10-10,84.41999816894531,84.43000030517578,84.41999816894531,84.41999816894531,67.93531036376953,494500
2012-10-11,84.43000030517578,84.43000030517578,84.41000366210938,84.41000366210938,67.92719268798828,624400
2012-10-12,84.41000366210938,84.44000244140625,84.41000366210938,84.44000244140625,67.9513931274414,479000
2012-10-15,84.44000244140625,84.44000244140625,84.41999816894531,84.41999816894531,67.93531036376953,342800
2012-10-16,84.41999816894531,84.43000030517578,84.41000366210938,84.41999816894531,67.93531036376953,571500
2012-10-17,84.4000015258789,84.41000366210938,84.37000274658203,84.37000274658203,67.89508819580078,563400
2012-10-18,84.37000274658203,84.37999725341797,84.36000061035156,84.37999725341797,67.903076171875,1273100
2012-10-19,84.36000061035156,84.38999938964844,84.36000061035156,84.37999725341797,67.903076171875,426500
2012-10-22,84.3499984741211,84.37000274658203,84.3499984741211,84.3499984741211,67.87897491455078,264300
2012-10-23,84.37999725341797,84.38999938964844,84.36000061035156,84.38999938964844,67.91116333007812,491700
2012-10-24,84.37000274658203,84.4000015258789,84.37000274658203,84.37999725341797,67.903076171875,1059300
2012-10-25,84.3499984741211,84.37000274658203,84.3499984741211,84.3499984741211,67.87897491455078,588200
2012-10-26,84.37999725341797,84.37999725341797,84.36000061035156,84.37000274658203,67.89508819580078,478400
2012-10-31,84.37999725341797,84.41999816894531,84.37999725341797,84.41999816894531,67.93531036376953,1086600
2012-11-01,84.3499984741211,84.41000366210938,84.3499984741211,84.4000015258789,67.91920471191406,732800
2012-11-02,84.37000274658203,84.38999938964844,84.37000274658203,84.38999938964844,67.91116333007812,353200
2012-11-05,84.41999816894531,84.41999816894531,84.38999938964844,84.38999938964844,67.91116333007812,2192500
2012-11-06,84.4000015258789,84.41000366210938,84.36000061035156,84.36000061035156,67.88697814941406,583400
2012-11-07,84.41999816894531,84.44000244140625,84.41999816894531,84.43000030517578,67.94334411621094,697600
2012-11-08,84.43000030517578,84.44000244140625,84.41999816894531,84.43000030517578,67.94334411621094,779500
2012-11-09,84.43000030517578,84.44999694824219,84.41999816894531,84.43000030517578,67.94334411621094,2365500
2012-11-12,84.41999816894531,84.44000244140625,84.41999816894531,84.43000030517578,67.94334411621094,524300
2012-11-13,84.44999694824219,84.44999694824219,84.44000244140625,84.44000244140625,67.9513931274414,917300
2012-11-14,84.44000244140625,84.45999908447266,84.44000244140625,84.45999908447266,67.96749877929688,2273000
2012-11-15,84.45999908447266,84.47000122070312,84.44999694824219,84.45999908447266,67.96749877929688,1048700
2012-11-16,84.44999694824219,84.47000122070312,84.44999694824219,84.45999908447266,67.96749877929688,810500
2012-11-19,84.44999694824219,84.45999908447266,84.44999694824219,84.44999694824219,67.9594497680664,951700
2012-11-20,84.44999694824219,84.44999694824219,84.43000030517578,84.43000030517578,67.94334411621094,1248500
2012-11-21,84.41000366210938,84.41999816894531,84.41000366210938,84.41999816894531,67.93531036376953,422200
2012-11-23,84.4000015258789,84.41999816894531,84.4000015258789,84.41999816894531,67.93531036376953,157800
2012-11-26,84.41999816894531,84.43000030517578,84.41000366210938,84.41000366210938,67.92719268798828,746400
2012-11-27,84.4000015258789,84.43000030517578,84.4000015258789,84.41999816894531,67.93531036376953,527000
2012-11-28,84.43000030517578,84.44000244140625,84.41999816894531,84.43000030517578,67.94334411621094,352700
2012-11-29,84.41999816894531,84.44000244140625,84.41999816894531,84.43000030517578,67.94334411621094,496300
2012-11-30,84.44000244140625,84.44999694824219,84.44000244140625,84.44000244140625,67.9513931274414,1053400
2012-12-03,84.43000030517578,84.44000244140625,84.41000366210938,84.43000030517578,67.95943450927734,1090600
2012-12-04,84.43000030517578,84.44000244140625,84.43000030517578,84.43000030517578,67.95943450927734,1624900
2012-12-05,84.44000244140625,84.44999694824219,84.44000244140625,84.44999694824219,67.97552490234375,591000
2012-12-06,84.45999908447266,84.45999908447266,84.44000244140625,84.44999694824219,67.97552490234375,685300
2012-12-07,84.41999816894531,84.44999694824219,84.41999816894531,84.44999694824219,67.97552490234375,929500
2012-12-10,84.44000244140625,84.44999694824219,84.44000244140625,84.44999694824219,67.97552490234375,770500
2012-12-11,84.44999694824219,84.44999694824219,84.43000030517578,84.44999694824219,67.97552490234375,1157700
2012-12-12,84.44000244140625,84.44999694824219,84.43000030517578,84.44000244140625,67.9675064086914,1108500
2012-12-13,84.44000244140625,84.44999694824219,84.43000030517578,84.44000244140625,67.9675064086914,790400
2012-12-14,84.44000244140625,84.45999908447266,84.44000244140625,84.45999908447266,67.98360443115234,566300
2012-12-17,84.44999694824219,84.45999908447266,84.41999816894531,84.44000244140625,67.9675064086914,503900
2012-12-18,84.41999816894531,84.43000030517578,84.38999938964844,84.38999938964844,67.92719268798828,1295600
2012-12-19,84.4000015258789,84.41000366210938,84.4000015258789,84.41000366210938,67.94332122802734,1485100
2012-12-20,84.41999816894531,84.41999816894531,84.4000015258789,84.4000015258789,67.93531036376953,1167500
2012-12-21,84.41999816894531,84.43000030517578,84.41000366210938,84.41000366210938,67.94332122802734,899300
2012-12-24,84.41000366210938,84.41999816894531,84.41000366210938,84.41000366210938,67.94332122802734,388400
2012-12-26,84.38999938964844,84.41000366210938,84.38999938964844,84.38999938964844,67.9441146850586,677200
2012-12-27,84.38999938964844,84.41999816894531,84.38999938964844,84.41999816894531,67.96829223632812,1351200
2012-12-28,84.41000366210938,84.43000030517578,84.41000366210938,84.41999816894531,67.96829223632812,1334500
2012-12-31,84.44999694824219,84.44999694824219,84.38999938964844,84.41999816894531,67.96829223632812,818700
2013-01-02,84.4000015258789,84.41000366210938,84.4000015258789,84.4000015258789,67.95219421386719,2469100
2013-01-03,84.41000366210938,84.43000030517578,84.38999938964844,84.4000015258789,67.95219421386719,1816100
2013-01-04,84.38999938964844,84.41000366210938,84.38999938964844,84.41000366210938,67.9602279663086,1028700
2013-01-07,84.38999938964844,84.41000366210938,84.38999938964844,84.41000366210938,67.9602279663086,672300
2013-01-08,84.4000015258789,84.43000030517578,84.4000015258789,84.41999816894531,67.96829223632812,712300
2013-01-09,84.44000244140625,84.44999694824219,84.43000030517578,84.44999694824219,67.992431640625,1159100
2013-01-10,84.43000030517578,84.44999694824219,84.43000030517578,84.44000244140625,67.98443603515625,1687300
2013-01-11,84.43000030517578,84.44000244140625,84.41999816894531,84.43000030517578,67.97635650634766,824000
2013-01-14,84.44999694824219,84.44999694824219,84.43000030517578,84.43000030517578,67.97635650634766,472400
2013-01-15,84.44999694824219,84.45999908447266,84.44000244140625,84.44000244140625,67.98443603515625,521400
2013-01-16,84.44000244140625,84.44999694824219,84.44000244140625,84.44000244140625,67.98443603515625,499800
2013-01-17,84.41999816894531,84.44000244140625,84.41999816894531,84.43000030517578,67.97635650634766,5547800
2013-01-18,84.44000244140625,84.44000244140625,84.41999816894531,84.43000030517578,67.97635650634766,390500
2013-01-22,84.44000244140625,84.45999908447266,84.43000030517578,84.44999694824219,67.992431640625,956100
2013-01-23,84.44999694824219,84.45999908447266,84.44999694824219,84.44999694824219,67.992431640625,747300
2013-01-24,84.44999694824219,84.45999908447266,84.44000244140625,84.44999694824219,67.992431640625,595500
2013-01-25,84.44000244140625,84.44000244140625,84.4000015258789,84.41000366210938,67.9602279663086,694000
2013-01-28,84.37000274658203,84.4000015258789,84.37000274658203,84.37999725341797,67.93608093261719,642300
2013-01-29,84.41999816894531,84.41999816894531,84.38999938964844,84.38999938964844,67.9441146850586,672300
2013-01-30,84.4000015258789,84.41999816894531,84.38999938964844,84.41999816894531,67.96829223632812,526500
2013-01-31,84.44000244140625,84.44000244140625,84.41999816894531,84.43000030517578,67.97635650634766,641600
2013-02-01,84.41999816894531,84.44999694824219,84.4000015258789,84.4000015258789,67.96907043457031,1081200
2013-02-04,84.41999816894531,84.44000244140625,84.41000366210938,84.41999816894531,67.9852294921875,749700
2013-02-05,84.41000366210938,84.41999816894531,84.41000366210938,84.41999816894531,67.9852294921875,2165500
2013-02-06,84.43000030517578,84.44000244140625,84.43000030517578,84.44000244140625,68.0013427734375,1691600
2013-02-07,84.44999694824219,84.44999694824219,84.43000030517578,84.44000244140625,68.0013427734375,672800
2013-02-08,84.41999816894531,84.44999694824219,84.41999816894531,84.44999694824219,68.0093765258789,590500
2013-02-11,84.43000030517578,84.44000244140625,84.41999816894531,84.41999816894531,67.9852294921875,755100
2013-02-12,84.41999816894531,84.41999816894531,84.4000015258789,84.4000015258789,67.96907043457031,529600
2013-02-13,84.41999816894531,84.41999816894531,84.38999938964844,84.38999938964844,67.96100616455078,505800
2013-02-14,84.4000015258789,84.41000366210938,84.4000015258789,84.4000015258789,67.96907043457031,580400
2013-02-15,84.4000015258789,84.41000366210938,84.4000015258789,84.41000366210938,67.97713470458984,1113600
2013-02-19,84.41000366210938,84.41999816894531,84.4000015258789,84.4000015258789,67.96907043457031,793000
2013-02-20,84.4000015258789,84.41000366210938,84.4000015258789,84.4000015258789,67.96907043457031,480300
2013-02-21,84.43000030517578,84.44000244140625,84.41999816894531,84.43000030517578,67.99322509765625,610700
2013-02-22,84.43000030517578,84.44000244140625,84.43000030517578,84.43000030517578,67.99322509765625,693200
2013-02-25,84.41999816894531,84.45999908447266,84.41999816894531,84.44999694824219,68.0093765258789,433500
2013-02-26,84.44999694824219,84.47000122070312,84.44999694824219,84.47000122070312,68.02545928955078,1370600
2013-02-27,84.45999908447266,84.47000122070312,84.45999908447266,84.47000122070312,68.02545928955078,1158800
2013-02-28,84.45999908447266,84.4800033569336,84.45999908447266,84.45999908447266,68.0174331665039,663800
2013-03-01,84.44999694824219,84.45999908447266,84.44999694824219,84.45999908447266,68.03194427490234,1563100
2013-03-04,84.44999694824219,84.45999908447266,84.44999694824219,84.44999694824219,68.02388000488281,485800
2013-03-05,84.44000244140625,84.44999694824219,84.44000244140625,84.44000244140625,68.01580810546875,583200
2013-03-06,84.43000030517578,84.43000030517578,84.41999816894531,84.43000030517578,68.00773620605469,452800
2013-03-07,84.41999816894531,84.43000030517578,84.41000366210938,84.41000366210938,67.99161529541016,519800
2013-03-08,84.4000015258789,84.41999816894531,84.38999938964844,84.41999816894531,67.99970245361328,727400
2013-03-11,84.41999816894531,84.41999816894531,84.41000366210938,84.41000366210938,67.99161529541016,1269800
2013-03-12,84.41999816894531,84.43000030517578,84.41000366210938,84.43000030517578,68.00773620605469,1154800
2013-03-13,84.41000366210938,84.41999816894531,84.4000015258789,84.41000366210938,67.99161529541016,858800
2013-03-14,84.4000015258789,84.41999816894531,84.4000015258789,84.41000366210938,67.99161529541016,480900
2013-03-15,84.41999816894531,84.44000244140625,84.41000366210938,84.44000244140625,68.01580810546875,599400
2013-03-18,84.43000030517578,84.45999908447266,84.43000030517578,84.45999908447266,68.03194427490234,416900
2013-03-19,84.45999908447266,84.45999908447266,84.44000244140625,84.44999694824219,68.02388000488281,528700
2013-03-20,84.43000030517578,84.44000244140625,84.43000030517578,84.44000244140625,68.01580810546875,592000
2013-03-21,84.43000030517578,84.44999694824219,84.43000030517578,84.44999694824219,68.02388000488281,691200
2013-03-22,84.45999908447266,84.45999908447266,84.43000030517578,84.43000030517578,68.00773620605469,593700
2013-03-25,84.43000030517578,84.44000244140625,84.43000030517578,84.43000030517578,68.00773620605469,610500
2013-03-26,84.44000244140625,84.44000244140625,84.41999816894531,84.44000244140625,68.01580810546875,504300
2013-03-27,84.45999908447266,84.47000122070312,84.44000244140625,84.45999908447266,68.03194427490234,1263800
2013-03-28,84.44000244140625,84.47000122070312,84.44000244140625,84.47000122070312,68.04000091552734,691200
2013-04-01,84.38999938964844,84.45999908447266,84.38999938964844,84.45999908447266,68.04640197753906,1015600
2013-04-02,84.43000030517578,84.47000122070312,84.43000030517578,84.45999908447266,68.04640197753906,5059900
2013-04-03,84.41999816894531,84.45999908447266,84.41999816894531,84.44999694824219,68.03837585449219,723400
2013-04-04,84.45999908447266,84.4800033569336,84.45999908447266,84.4800033569336,68.0625,457100
2013-04-05,84.47000122070312,84.4800033569336,84.47000122070312,84.4800033569336,68.0625,614100
2013-04-08,84.45999908447266,84.4800033569336,84.45999908447266,84.45999908447266,68.04640197753906,596500
2013-04-09,84.45999908447266,84.4800033569336,84.45999908447266,84.45999908447266,68.04640197753906,1046800
2013-04-10,84.44999694824219,84.47000122070312,84.44999694824219,84.45999908447266,68.04640197753906,1647200
2013-04-11,84.45999908447266,84.47000122070312,84.44999694824219,84.45999908447266,68.04640197753906,4089300
2013-04-12,84.45999908447266,84.4800033569336,84.45999908447266,84.47000122070312,68.05450439453125,486700
2013-04-15,84.47000122070312,84.48999786376953,84.47000122070312,84.4800033569336,68.0625,604000
2013-04-16,84.47000122070312,84.4800033569336,84.47000122070312,84.4800033569336,68.0625,533500
2013-04-17,84.47000122070312,84.48999786376953,84.47000122070312,84.4800033569336,68.0625,386900
2013-04-18,84.47000122070312,84.48999786376953,84.47000122070312,84.4800033569336,68.0625,1195100
2013-04-19,84.47000122070312,84.4800033569336,84.45999908447266,84.4800033569336,68.0625,591800
2013-04-22,84.4800033569336,84.48999786376953,84.45999908447266,84.48999786376953,68.0705795288086,797400
2013-04-23,84.48999786376953,84.48999786376953,84.4800033569336,84.4800033569336,68.0625,524900
2013-04-24,84.4800033569336,84.48999786376953,84.47000122070312,84.48999786376953,68.0705795288086,578300
2013-04-25,84.47000122070312,84.5,84.47000122070312,84.4800033569336,68.0625,688100
2013-04-26,84.4800033569336,84.51000213623047,84.4800033569336,84.5,68.07862854003906,685900
2013-04-29,84.5,84.5199966430664,84.5,84.5199966430664,68.09481811523438,496700
2013-04-30,84.52999877929688,84.52999877929688,84.51000213623047,84.51000213623047,68.08670806884766,506700
2013-05-01,84.5,84.5199966430664,84.48999786376953,84.51000213623047,68.10044860839844,1051500
2013-05-02,84.48999786376953,84.51000213623047,84.48999786376953,84.5,68.09235382080078,544900
2013-05-03,84.5,84.5,84.47000122070312,84.47000122070312,68.06817626953125,1145200
2013-05-06,84.48999786376953,84.48999786376953,84.47000122070312,84.47000122070312,68.06817626953125,576100
2013-05-07,84.47000122070312,84.48999786376953,84.47000122070312,84.47000122070312,68.06817626953125,539800
2013-05-08,84.4800033569336,84.4800033569336,84.47000122070312,84.4800033569336,68.07620239257812,540000
2013-05-09,84.47000122070312,84.4800033569336,84.47000122070312,84.47000122070312,68.06817626953125,353500
2013-05-10,84.47000122070312,84.4800033569336,84.44999694824219,84.45999908447266,68.06006622314453,470800
2013-05-13,84.45999908447266,84.45999908447266,84.44000244140625,84.44000244140625,68.04397583007812,829600
2013-05-14,84.44000244140625,84.45999908447266,84.43000030517578,84.44000244140625,68.04397583007812,517900
2013-05-15,84.44999694824219,84.45999908447266,84.44999694824219,84.44999694824219,68.05209350585938,538400
2013-05-16,84.45999908447266,84.4800033569336,84.45999908447266,84.47000122070312,68.06817626953125,499400
2013-05-17,84.4800033569336,84.4800033569336,84.44999694824219,84.44999694824219,68.05209350585938,460300
2013-05-20,84.4800033569336,84.4800033569336,84.44000244140625,84.45999908447266,68.06006622314453,364700
2013-05-21,84.44999694824219,84.47000122070312,84.44999694824219,84.45999908447266,68.06006622314453,440800
2013-05-22,84.45999908447266,84.47000122070312,84.43000030517578,84.43000030517578,68.03595733642578,1022500
2013-05-23,84.44999694824219,84.45999908447266,84.43000030517578,84.44999694824219,68.05209350585938,835700
2013-05-24,84.44999694824219,84.44999694824219,84.43000030517578,84.43000030517578,68.03595733642578,1251800
2013-05-28,84.45999908447266,84.45999908447266,84.37000274658203,84.37000274658203,67.98761749267578,995800
2013-05-29,84.37000274658203,84.38999938964844,84.36000061035156,84.37000274658203,67.98761749267578,796000
2013-05-30,84.4000015258789,84.4000015258789,84.37999725341797,84.38999938964844,68.00370788574219,1437300
2013-05-31,84.4000015258789,84.4000015258789,84.3499984741211,84.37999725341797,67.99565124511719,1320700
2013-06-03,84.37000274658203,84.41000366210938,84.3499984741211,84.38999938964844,68.01741790771484,2606400
2013-06-04,84.37999725341797,84.38999938964844,84.3499984741211,84.38999938964844,68.01741790771484,764900
2013-06-05,84.37000274658203,84.4000015258789,84.36000061035156,84.4000015258789,68.02548217773438,663900
2013-06-06,84.38999938964844,84.41000366210938,84.37000274658203,84.38999938964844,68.01741790771484,1572400
2013-06-07,84.3499984741211,84.37999725341797,84.3499984741211,84.37999725341797,68.00935363769531,501800
2013-06-10,84.33999633789062,84.3499984741211,84.31999969482422,84.3499984741211,67.98517608642578,789800
2013-06-11,84.31999969482422,84.33999633789062,84.30000305175781,84.33999633789062,67.97711181640625,683100
2013-06-12,84.31999969482422,84.36000061035156,84.30999755859375,84.33000183105469,67.96905517578125,2149200
2013-06-13,84.30999755859375,84.38999938964844,84.30999755859375,84.37000274658203,68.00131225585938,1568700
2013-06-14,84.38999938964844,84.43000030517578,84.38999938964844,84.43000030517578,68.04966735839844,791700
2013-06-17,84.44000244140625,84.44000244140625,84.41999816894531,84.43000030517578,68.04966735839844,890800
2013-06-18,84.41000366210938,84.44000244140625,84.38999938964844,84.43000030517578,68.04966735839844,1762700
2013-06-19,84.41999816894531,84.43000030517578,84.31999969482422,84.33000183105469,67.96905517578125,884400
2013-06-20,84.30000305175781,84.33999633789062,84.29000091552734,84.31999969482422,67.96098327636719,3282200
2013-06-21,84.27999877929688,84.30000305175781,84.2300033569336,84.25,67.9045639038086,3785200
2013-06-24,84.13999938964844,84.2300033569336,84.13999938964844,84.20999908447266,67.87232971191406,1885200
2013-06-25,84.23999786376953,84.23999786376953,84.18000030517578,84.19999694824219,67.8642578125,2382600
2013-06-26,84.23999786376953,84.25,84.19999694824219,84.23999786376953,67.89651489257812,1452800
2013-06-27,84.2699966430664,84.30000305175781,84.25,84.29000091552734,67.93680572509766,2783900
2013-06-28,84.2699966430664,84.30999755859375,84.25,84.27999877929688,67.92871856689453,3109100
2013-07-01,84.26000213623047,84.30999755859375,84.25,84.30000305175781,67.95858764648438,4884800
2013-07-02,84.30000305175781,84.30999755859375,84.29000091552734,84.30999755859375,67.96662139892578,1026500
2013-07-03,84.31999969482422,84.31999969482422,84.26000213623047,84.30000305175781,67.95858764648438,692600
2013-07-05,84.19000244140625,84.23999786376953,84.19000244140625,84.20999908447266,67.8860092163086,484500
2013-07-08,84.20999908447266,84.27999877929688,84.20999908447266,84.2699966430664,67.93440246582031,753800
2013-07-09,84.30000305175781,84.30000305175781,84.25,84.26000213623047,67.92633056640625,947900
2013-07-10,84.25,84.2699966430664,84.23999786376953,84.26000213623047,67.92633056640625,1401900
2013-07-11,84.30000305175781,84.33000183105469,84.2699966430664,84.33000183105469,67.98277282714844,835200
2013-07-12,84.30999755859375,84.3499984741211,84.27999877929688,84.27999877929688,67.94242095947266,2106800
2013-07-15,84.30999755859375,84.33000183105469,84.30000305175781,84.31999969482422,67.97467803955078,1025700
2013-07-16,84.3499984741211,84.36000061035156,84.31999969482422,84.33000183105469,67.98277282714844,836000
2013-07-17,84.37999725341797,84.4000015258789,84.3499984741211,84.36000061035156,68.00692749023438,728400
2013-07-18,84.37000274658203,84.38999938964844,84.33999633789062,84.3499984741211,67.99889373779297,909900
2013-07-19,84.37000274658203,84.4000015258789,84.3499984741211,84.38999938964844,68.0311279296875,519100
2013-07-22,84.37999725341797,84.4000015258789,84.36000061035156,84.38999938964844,68.0311279296875,1377400
2013-07-23,84.38999938964844,84.38999938964844,84.36000061035156,84.37999725341797,68.02307891845703,1087100
2013-07-24,84.33999633789062,84.37999725341797,84.30999755859375,84.33999633789062,67.99082946777344,575400
2013-07-25,84.31999969482422,84.38999938964844,84.31999969482422,84.38999938964844,68.0311279296875,582700
2013-07-26,84.37999725341797,84.4000015258789,84.37000274658203,84.4000015258789,68.03919982910156,644800
2013-07-29,84.37000274658203,84.4000015258789,84.37000274658203,84.38999938964844,68.0311279296875,440300
2013-07-30,84.37999725341797,84.41000366210938,84.37999725341797,84.4000015258789,68.03919982910156,542100
2013-07-31,84.37000274658203,84.41000366210938,84.33999633789062,84.4000015258789,68.03919982910156,1283900
2013-08-01,84.36000061035156,84.37000274658203,84.30999755859375,84.3499984741211,68.01336669921875,6766100
2013-08-02,84.33000183105469,84.41000366210938,84.33000183105469,84.41000366210938,68.06171417236328,1187100
2013-08-05,84.4000015258789,84.41000366210938,84.37000274658203,84.4000015258789,68.05372619628906,870600
2013-08-06,84.37000274658203,84.4000015258789,84.37000274658203,84.38999938964844,68.04564666748047,881800
2013-08-07,84.4000015258789,84.41000366210938,84.37999725341797,84.41000366210938,68.06171417236328,704600
2013-08-08,84.38999938964844,84.41000366210938,84.38999938964844,84.41000366210938,68.06171417236328,709400
2013-08-09,84.4000015258789,84.41000366210938,84.38999938964844,84.38999938964844,68.04564666748047,566000
2013-08-12,84.43000030517578,84.43000030517578,84.38999938964844,84.38999938964844,68.04564666748047,511600
2013-08-13,84.37999725341797,84.37999725341797,84.33999633789062,84.3499984741211,68.01336669921875,531400
2013-08-14,84.3499984741211,84.37000274658203,84.33999633789062,84.3499984741211,68.01336669921875,972600
2013-08-15,84.30999755859375,84.33999633789062,84.30000305175781,84.31999969482422,67.9891586303711,704200
2013-08-16,84.30999755859375,84.33999633789062,84.29000091552734,84.33000183105469,67.99726867675781,2293500
2013-08-19,84.31999969482422,84.31999969482422,84.27999877929688,84.30999755859375,67.98108673095703,1951100
2013-08-20,84.31999969482422,84.33999633789062,84.31999969482422,84.33000183105469,67.99726867675781,1649400
2013-08-21,84.31999969482422,84.33999633789062,84.27999877929688,84.27999877929688,67.95695495605469,651200
2013-08-22,84.26000213623047,84.27999877929688,84.22000122070312,84.25,67.9327392578125,735000
2013-08-23,84.19000244140625,84.27999877929688,84.19000244140625,84.25,67.9327392578125,638200
2013-08-26,84.2699966430664,84.30000305175781,84.2699966430664,84.27999877929688,67.95695495605469,733100
2013-08-27,84.27999877929688,84.31999969482422,84.27999877929688,84.31999969482422,67.9891586303711,802800
2013-08-28,84.2699966430664,84.30000305175781,84.25,84.2699966430664,67.94889831542969,709200
2013-08-29,84.2699966430664,84.29000091552734,84.23999786376953,84.29000091552734,67.96502685546875,653200
2013-08-30,84.27999877929688,84.30000305175781,84.2699966430664,84.30000305175781,67.97305297851562,847700
2013-09-03,84.20999908447266,84.25,84.19999694824219,84.25,67.947265625,2991200
2013-09-04,84.20999908447266,84.2300033569336,84.16000366210938,84.16999816894531,67.88276672363281,947200
2013-09-05,84.08999633789062,84.12000274658203,84.05000305175781,84.08999633789062,67.8182144165039,1315100
2013-09-06,84.12999725341797,84.19999694824219,84.12999725341797,84.16999816894531,67.88276672363281,765500
2013-09-09,84.18000030517578,84.20999908447266,84.18000030517578,84.19000244140625,67.89887237548828,795600
2013-09-10,84.16000366210938,84.16999816894531,84.13999938964844,84.16000366210938,67.87471008300781,922200
2013-09-11,84.18000030517578,84.20999908447266,84.16000366210938,84.19999694824219,67.90692901611328,864100
2013-09-12,84.20999908447266,84.2300033569336,84.19000244140625,84.19999694824219,67.90692901611328,1586100
2013-09-13,84.19000244140625,84.22000122070312,84.19000244140625,84.19999694824219,67.90692901611328,564700
2013-09-16,84.31999969482422,84.31999969482422,84.26000213623047,84.26000213623047,67.95536804199219,737400
2013-09-17,84.27999877929688,84.30999755859375,84.2699966430664,84.29000091552734,67.97953796386719,668400
2013-09-18,84.29000091552734,84.41999816894531,84.26000213623047,84.4000015258789,68.06827545166016,744300
2013-09-19,84.41000366210938,84.43000030517578,84.37000274658203,84.37000274658203,68.0440673828125,5185900
2013-09-20,84.37999725341797,84.38999938964844,84.36000061035156,84.37999725341797,68.05210876464844,606600
2013-09-23,84.36000061035156,84.4000015258789,84.36000061035156,84.4000015258789,68.06827545166016,849600
2013-09-24,84.41000366210938,84.41999816894531,84.37999725341797,84.41000366210938,68.07632446289062,674500
2013-09-25,84.41000366210938,84.44000244140625,84.38999938964844,84.44000244140625,68.10049438476562,1570500
2013-09-26,84.44999694824219,84.44999694824219,84.38999938964844,84.4000015258789,68.06827545166016,497100
2013-09-27,84.44000244140625,84.47000122070312,84.41999816894531,84.44999694824219,68.10853576660156,2082200
2013-09-30,84.43000030517578,84.47000122070312,84.43000030517578,84.47000122070312,68.12467956542969,1717500
2013-10-01,84.44000244140625,84.44999694824219,84.4000015258789,84.43000030517578,68.10697937011719,7696500
2013-10-02,84.44000244140625,84.45999908447266,84.43000030517578,84.44000244140625,68.1150131225586,1773800
2013-10-03,84.41999816894531,84.45999908447266,84.41999816894531,84.44000244140625,68.1150131225586,693200
2013-10-04,84.41999816894531,84.44000244140625,84.41000366210938,84.41000366210938,68.09082794189453,498600
2013-10-07,84.44000244140625,84.44000244140625,84.38999938964844,84.41000366210938,68.09082794189453,602100
2013-10-08,84.38999938964844,84.38999938964844,84.33000183105469,84.33999633789062,68.03435516357422,572200
2013-10-09,84.36000061035156,84.37999725341797,84.33000183105469,84.37000274658203,68.0585708618164,696200
2013-10-10,84.3499984741211,84.37000274658203,84.3499984741211,84.37000274658203,68.0585708618164,469700
2013-10-11,84.41000366210938,84.41999816894531,84.37000274658203,84.37000274658203,68.0585708618164,889600
2013-10-14,84.3499984741211,84.37000274658203,84.31999969482422,84.33999633789062,68.03435516357422,581200
2013-10-15,84.37000274658203,84.38999938964844,84.3499984741211,84.37000274658203,68.0585708618164,1396400
2013-10-16,84.37999725341797,84.41000366210938,84.33999633789062,84.4000015258789,68.08275604248047,785600
2013-10-17,84.44000244140625,84.44999694824219,84.41999816894531,84.43000030517578,68.10697937011719,1823500
2013-10-18,84.44000244140625,84.44999694824219,84.43000030517578,84.43000030517578,68.10697937011719,647100
2013-10-21,84.44000244140625,84.44999694824219,84.41999816894531,84.43000030517578,68.10697937011719,453700
2013-10-22,84.47000122070312,84.5,84.47000122070312,84.5,68.16339111328125,1274200
2013-10-23,84.5,84.5,84.47000122070312,84.47000122070312,68.13919830322266,1109600
2013-10-24,84.47000122070312,84.4800033569336,84.45999908447266,84.45999908447266,68.1311264038086,1312200
2013-10-25,84.4800033569336,84.5,84.45999908447266,84.4800033569336,68.14725494384766,1739300
2013-10-28,84.47000122070312,84.5,84.47000122070312,84.5,68.16339111328125,716400
2013-10-29,84.48999786376953,84.5,84.4800033569336,84.5,68.16339111328125,548500
2013-10-30,84.5,84.5199966430664,84.48999786376953,84.5,68.16339111328125,524500
2013-10-31,84.5,84.51000213623047,84.4800033569336,84.51000213623047,68.17151641845703,1532500
2013-11-01,84.47000122070312,84.4800033569336,84.45999908447266,84.45999908447266,68.14644622802734,1213600
2013-11-04,84.47000122070312,84.48999786376953,84.47000122070312,84.4800033569336,68.16259002685547,933500
2013-11-05,84.4800033569336,84.4800033569336,84.44999694824219,84.4800033569336,68.16259002685547,1523800
2013-11-06,84.5,84.5199966430664,84.48999786376953,84.5,68.17874908447266,1145400
2013-11-07,84.5199966430664,84.52999877929688,84.51000213623047,84.5199966430664,68.19490051269531,627300
2013-11-08,84.4800033569336,84.48999786376953,84.45999908447266,84.45999908447266,68.14644622802734,1591100
2013-11-11,84.44999694824219,84.4800033569336,84.44999694824219,84.4800033569336,68.16259002685547,257500
2013-11-12,84.44000244140625,84.47000122070312,84.44000244140625,84.45999908447266,68.14644622802734,1296400
2013-11-13,84.47000122070312,84.48999786376953,84.45999908447266,84.45999908447266,68.14644622802734,3394800
2013-11-14,84.48999786376953,84.5199966430664,84.4800033569336,84.51000213623047,68.18682098388672,470300
2013-11-15,84.52999877929688,84.52999877929688,84.51000213623047,84.51000213623047,68.18682098388672,544700
2013-11-18,84.52999877929688,84.55000305175781,84.51000213623047,84.55000305175781,68.21907806396484,1592900
2013-11-19,84.5199966430664,84.54000091552734,84.5199966430664,84.5199966430664,68.19490051269531,729700
2013-11-20,84.54000091552734,84.56999969482422,84.5199966430664,84.52999877929688,68.20288848876953,862500
2013-11-21,84.54000091552734,84.56999969482422,84.52999877929688,84.56999969482422,68.23516845703125,490600
2013-11-22,84.55000305175781,84.55000305175781,84.52999877929688,84.55000305175781,68.21907806396484,661800
2013-11-25,84.55000305175781,84.55000305175781,84.52999877929688,84.55000305175781,68.21907806396484,462700
2013-11-26,84.52999877929688,84.55999755859375,84.52999877929688,84.55999755859375,68.22714233398438,505800
2013-11-27,84.55000305175781,84.55999755859375,84.54000091552734,84.55999755859375,68.22714233398438,449600
2013-11-29,84.51000213623047,84.56999969482422,84.51000213623047,84.56999969482422,68.23516845703125,627900
2013-12-02,84.44000244140625,84.54000091552734,84.44000244140625,84.5,68.19405364990234,2508400
2013-12-03,84.5199966430664,84.52999877929688,84.5199966430664,84.5199966430664,68.2102279663086,577400
2013-12-04,84.48999786376953,84.5199966430664,84.48999786376953,84.5,68.19405364990234,827700
2013-12-05,84.5,84.5199966430664,84.4800033569336,84.51000213623047,68.20211029052734,454600
2013-12-06,84.4800033569336,84.5,84.47000122070312,84.4800033569336,68.17794799804688,984900
2013-12-09,84.4800033569336,84.5,84.47000122070312,84.4800033569336,68.17794799804688,397300
2013-12-10,84.5,84.51000213623047,84.4800033569336,84.51000213623047,68.20211029052734,390100
2013-12-11,84.48999786376953,84.51000213623047,84.4800033569336,84.4800033569336,68.17794799804688,418400
2013-12-12,84.47000122070312,84.47000122070312,84.43000030517578,84.44999694824219,68.15372467041016,1247900
2013-12-13,84.45999908447266,84.47000122070312,84.44000244140625,84.47000122070312,68.16986083984375,445300
2013-12-16,84.44999694824219,84.4800033569336,84.44999694824219,84.47000122070312,68.16986083984375,724700
2013-12-17,84.47000122070312,84.48999786376953,84.45999908447266,84.48999786376953,68.18597412109375,826700
2013-12-18,84.47000122070312,84.5199966430664,84.45999908447266,84.48999786376953,68.18597412109375,1675600
2013-12-19,84.44000244140625,84.47000122070312,84.43000030517578,84.44000244140625,68.1456298828125,767900
2013-12-20,84.41000366210938,84.44999694824219,84.41000366210938,84.41000366210938,68.12139129638672,851000
2013-12-23,84.41999816894531,84.41999816894531,84.4000015258789,84.4000015258789,68.11334991455078,624400
2013-12-24,84.37999725341797,84.4000015258789,84.37000274658203,84.37000274658203,68.08914184570312,711000
2013-12-26,84.3499984741211,84.37000274658203,84.33999633789062,84.33999633789062,68.08189392089844,729000
2013-12-27,84.37999725341797,84.38999938964844,84.37000274658203,84.37999725341797,68.11415100097656,423700
2013-12-30,84.38999938964844,84.4000015258789,84.37999725341797,84.4000015258789,68.13030242919922,442900
2013-12-31,84.38999938964844,84.41000366210938,84.37999725341797,84.37999725341797,68.11415100097656,609800
2014-01-02,84.4000015258789,84.41999816894531,84.38999938964844,84.41999816894531,68.14643859863281,2412500
2014-01-03,84.38999938964844,84.41999816894531,84.37999725341797,84.38999938964844,68.12224578857422,1062700
2014-01-06,84.37999725341797,84.4000015258789,84.37999725341797,84.4000015258789,68.13030242919922,699500
2014-01-07,84.4000015258789,84.4000015258789,84.38999938964844,84.4000015258789,68.13030242919922,664900
2014-01-08,84.37000274658203,84.37000274658203,84.30999755859375,84.31999969482422,68.06575775146484,608600
2014-01-09,84.33999633789062,84.33999633789062,84.30999755859375,84.33999633789062,68.08189392089844,1121100
2014-01-10,84.38999938964844,84.43000030517578,84.37999725341797,84.41999816894531,68.14643859863281,491900
2014-01-13,84.43000030517578,84.45999908447266,84.43000030517578,84.44000244140625,68.16259765625,1269200
2014-01-14,84.43000030517578,84.44999694824219,84.4000015258789,84.41999816894531,68.14643859863281,487000
2014-01-15,84.38999938964844,84.38999938964844,84.37000274658203,84.38999938964844,68.12224578857422,800100
2014-01-16,84.4000015258789,84.41000366210938,84.38999938964844,84.41000366210938,68.13838195800781,738600
2014-01-17,84.41999816894531,84.41999816894531,84.4000015258789,84.41000366210938,68.13838195800781,418300
2014-01-21,84.41999816894531,84.43000030517578,84.4000015258789,84.4000015258789,68.13030242919922,498600
2014-01-22,84.37000274658203,84.38999938964844,84.36000061035156,84.36000061035156,68.0980224609375,622700
2014-01-23,84.36000061035156,84.44999694824219,84.36000061035156,84.44000244140625,68.16259765625,886600
2014-01-24,84.43000030517578,84.5,84.43000030517578,84.47000122070312,68.18684387207031,781200
2014-01-27,84.44999694824219,84.4800033569336,84.44000244140625,84.45999908447266,68.17877197265625,1166400
2014-01-28,84.47000122070312,84.4800033569336,84.44999694824219,84.45999908447266,68.17877197265625,645100
2014-01-29,84.48999786376953,84.5199966430664,84.4800033569336,84.5199966430664,68.22715759277344,538500
2014-01-30,84.5,84.51000213623047,84.4800033569336,84.51000213623047,68.2191162109375,579400
2014-01-31,84.54000091552734,84.55000305175781,84.5199966430664,84.55000305175781,68.25142669677734,939500
2014-02-03,84.51000213623047,84.58000183105469,84.48999786376953,84.55000305175781,68.27000427246094,54448200
2014-02-04,84.52999877929688,84.55999755859375,84.52999877929688,84.55999755859375,68.27804565429688,2357300
2014-02-05,84.52999877929688,84.55000305175781,84.5199966430664,84.5199966430664,68.2457275390625,3985300
2014-02-06,84.5199966430664,84.52999877929688,84.5,84.52999877929688,68.25376892089844,1420700
2014-02-07,84.5199966430664,84.55999755859375,84.5199966430664,84.55000305175781,68.27000427246094,1426700
2014-02-10,84.54000091552734,84.55000305175781,84.5199966430664,84.52999877929688,68.25376892089844,1571900
2014-02-11,84.5,84.51000213623047,84.48999786376953,84.51000213623047,68.23768615722656,1295500
2014-02-12,84.48999786376953,84.48999786376953,84.45999908447266,84.47000122070312,68.20539093017578,2196700
2014-02-13,84.5,84.54000091552734,84.44999694824219,84.5199966430664,68.2457275390625,1334300
2014-02-14,84.5199966430664,84.54000091552734,84.51000213623047,84.5199966430664,68.2457275390625,1279000
2014-02-18,84.52999877929688,84.56999969482422,84.52999877929688,84.55000305175781,68.27000427246094,1081300
2014-02-19,84.56999969482422,84.58000183105469,84.5199966430664,84.5199966430664,68.2457275390625,1357800
2014-02-20,84.5,84.52999877929688,84.5,84.52999877929688,68.25376892089844,1012600
2014-02-21,84.51000213623047,84.54000091552734,84.5,84.54000091552734,68.26188659667969,750300
2014-02-24,84.5199966430664,84.54000091552734,84.51000213623047,84.54000091552734,68.26188659667969,1647600
2014-02-25,84.52999877929688,84.55000305175781,84.5199966430664,84.52999877929688,68.25376892089844,666400
2014-02-26,84.52999877929688,84.58000183105469,84.52999877929688,84.56999969482422,68.2861328125,2079600
2014-02-27,84.56999969482422,84.58000183105469,84.55999755859375,84.55999755859375,68.27804565429688,362600
2014-02-28,84.55000305175781,84.56999969482422,84.52999877929688,84.55999755859375,68.27804565429688,2360500
2014-03-03,84.55000305175781,84.58999633789062,84.55000305175781,84.58999633789062,68.31681060791016,2587200
2014-03-04,84.55000305175781,84.55000305175781,84.51000213623047,84.5199966430664,68.26026153564453,49419100
2014-03-05,84.5,84.55000305175781,84.48999786376953,84.55000305175781,68.2845230102539,2176200
2014-03-06,84.5,84.5199966430664,84.48999786376953,84.5,68.2441177368164,1044400
2014-03-07,84.44000244140625,84.4800033569336,84.44000244140625,84.44000244140625,68.19567108154297,807400
2014-03-10,84.43000030517578,84.47000122070312,84.43000030517578,84.44999694824219,68.20372772216797,450100
2014-03-11,84.45999908447266,84.47000122070312,84.44000244140625,84.44999694824219,68.20372772216797,337500
2014-03-12,84.48999786376953,84.48999786376953,84.47000122070312,84.4800033569336,68.22798156738281,342400
2014-03-13,84.44999694824219,84.52999877929688,84.43000030517578,84.52999877929688,68.268310546875,2012000
2014-03-14,84.54000091552734,84.54000091552734,84.51000213623047,84.51000213623047,68.25220489501953,1035600
2014-03-17,84.5,84.51000213623047,84.47000122070312,84.4800033569336,68.22798156738281,659700
2014-03-18,84.48999786376953,84.51000213623047,84.4800033569336,84.5,68.2441177368164,317000
2014-03-19,84.48999786376953,84.51000213623047,84.33000183105469,84.36000061035156,68.13108825683594,567200
2014-03-20,84.36000061035156,84.37999725341797,84.3499984741211,84.37000274658203,68.13914489746094,826800
2014-03-21,84.37000274658203,84.38999938964844,84.3499984741211,84.37999725341797,68.14718627929688,452200
2014-03-24,84.30999755859375,84.36000061035156,84.30999755859375,84.33999633789062,68.11491394042969,1761600
2014-03-25,84.33999633789062,84.37999725341797,84.33999633789062,84.3499984741211,68.12298583984375,962000
2014-03-26,84.36000061035156,84.43000030517578,84.36000061035156,84.41000366210938,68.17144775390625,598400
2014-03-27,84.37999725341797,84.41999816894531,84.37999725341797,84.4000015258789,68.16336059570312,447800
2014-03-28,84.37000274658203,84.41000366210938,84.37000274658203,84.4000015258789,68.16336059570312,335900
2014-03-31,84.38999938964844,84.44999694824219,84.37999725341797,84.44999694824219,68.20372772216797,1502200
2014-04-01,84.4000015258789,84.41000366210938,84.37999725341797,84.37999725341797,68.16413879394531,4107900
2014-04-02,84.36000061035156,84.37000274658203,84.3499984741211,84.3499984741211,68.13990020751953,504800
2014-04-03,84.3499984741211,84.37999725341797,84.3499984741211,84.37000274658203,68.15608978271484,2637400
2014-04-04,84.41999816894531,84.44000244140625,84.4000015258789,84.44000244140625,68.212646484375,726400
2014-04-07,84.44000244140625,84.47000122070312,84.44000244140625,84.44999694824219,68.2207260131836,423300
2014-04-08,84.45999908447266,84.47000122070312,84.44000244140625,84.45999908447266,68.22880554199219,455900
2014-04-09,84.44999694824219,84.5199966430664,84.41999816894531,84.5,68.2611083984375,939600
2014-04-10,84.5199966430664,84.55999755859375,84.51000213623047,84.55000305175781,68.30149841308594,731900
2014-04-11,84.55000305175781,84.55999755859375,84.52999877929688,84.54000091552734,68.29341888427734,2225800
2014-04-14,84.56999969482422,84.56999969482422,84.5,84.52999877929688,68.28534698486328,520300
2014-04-15,84.51000213623047,84.54000091552734,84.48999786376953,84.52999877929688,68.28534698486328,303500
2014-04-16,84.5,84.5199966430664,84.48999786376953,84.5,68.2611083984375,381100
2014-04-17,84.48999786376953,84.5,84.44999694824219,84.4800033569336,68.24494171142578,2592700
2014-04-21,84.45999908447266,84.4800033569336,84.44999694824219,84.4800033569336,68.24494171142578,592800
2014-04-22,84.45999908447266,84.47000122070312,84.44000244140625,84.44000244140625,68.212646484375,543100
2014-04-23,84.4800033569336,84.5,84.47000122070312,84.4800033569336,68.24494171142578,553100
2014-04-24,84.44999694824219,84.48999786376953,84.44999694824219,84.45999908447266,68.22880554199219,979000
2014-04-25,84.4800033569336,84.5,84.47000122070312,84.47000122070312,68.23686218261719,270300
2014-04-28,84.47000122070312,84.5,84.47000122070312,84.47000122070312,68.23686218261719,280400
2014-04-29,84.4800033569336,84.4800033569336,84.45999908447266,84.45999908447266,68.22880554199219,401300
2014-04-30,84.5,84.5199966430664,84.5,84.5199966430664,68.2772445678711,484000
2014-05-01,84.4800033569336,84.5199966430664,84.4800033569336,84.5,68.27806854248047,1141100
2014-05-02,84.44999694824219,84.5,84.44000244140625,84.48999786376953,68.2700424194336,543100
2014-05-05,84.48999786376953,84.5,84.47000122070312,84.5,68.27806854248047,1540800
2014-05-06,84.47000122070312,84.4800033569336,84.45999908447266,84.47000122070312,68.25377655029297,432900
2014-05-07,84.45999908447266,84.5199966430664,84.45999908447266,84.5,68.27806854248047,645400
2014-05-08,84.5199966430664,84.55000305175781,84.5,84.5199966430664,68.29422760009766,729300
2014-05-09,84.47000122070312,84.55000305175781,84.47000122070312,84.55000305175781,68.31844329833984,361700
2014-05-12,84.51000213623047,84.55000305175781,84.51000213623047,84.52999877929688,68.30226135253906,1001200
2014-05-13,84.55999755859375,84.56999969482422,84.54000091552734,84.55999755859375,68.3265380859375,486500
2014-05-14,84.55999755859375,84.62000274658203,84.55999755859375,84.58999633789062,68.35079193115234,644600
2014-05-15,84.58999633789062,84.62000274658203,84.58000183105469,84.5999984741211,68.35887145996094,337200
2014-05-16,84.58999633789062,84.62000274658203,84.58999633789062,84.61000061035156,68.36699676513672,446600
2014-05-19,84.62000274658203,84.6500015258789,84.61000061035156,84.62999725341797,68.38309478759766,362200
2014-05-20,84.61000061035156,84.6500015258789,84.61000061035156,84.63999938964844,68.39117431640625,349900
2014-05-21,84.61000061035156,84.63999938964844,84.61000061035156,84.63999938964844,68.39117431640625,372800
2014-05-22,84.61000061035156,84.62999725341797,84.5999984741211,84.62000274658203,68.37503814697266,468300
2014-05-23,84.62999725341797,84.6500015258789,84.55999755859375,84.5999984741211,68.35887145996094,381500
2014-05-27,84.62999725341797,84.62999725341797,84.5999984741211,84.62000274658203,68.37503814697266,850200
2014-05-28,84.63999938964844,84.66999816894531,84.63999938964844,84.63999938964844,68.39117431640625,562000
2014-05-29,84.6500015258789,84.68000030517578,84.62999725341797,84.62999725341797,68.38309478759766,1651000
2014-05-30,84.62999725341797,84.66000366210938,84.62000274658203,84.6500015258789,68.3992691040039,895600
2014-06-02,84.5999984741211,84.61000061035156,84.55999755859375,84.56999969482422,68.3531723022461,978100
2014-06-03,84.55999755859375,84.58000183105469,84.55000305175781,84.55000305175781,68.33702087402344,411200
2014-06-04,84.55999755859375,84.58000183105469,84.55000305175781,84.58000183105469,68.36128234863281,1034300
2014-06-05,84.55999755859375,84.5999984741211,84.55999755859375,84.58999633789062,68.36933898925781,1187800
2014-06-06,84.58000183105469,84.5999984741211,84.55000305175781,84.56999969482422,68.3531723022461,733600
2014-06-09,84.5199966430664,84.54000091552734,84.51000213623047,84.51000213623047,68.30467987060547,586500
2014-06-10,84.66000366210938,84.66000366210938,84.48999786376953,84.48999786376953,68.28857421875,662600
2014-06-11,84.51000213623047,84.5199966430664,84.5,84.5199966430664,68.31278991699219,288000
2014-06-12,84.5,84.55999755859375,84.5,84.55000305175781,68.33702087402344,1129200
2014-06-13,84.44999694824219,84.51000213623047,84.44999694824219,84.5,68.2966079711914,582100
2014-06-16,84.45999908447266,84.48999786376953,84.45999908447266,84.4800033569336,68.28041076660156,337700
2014-06-17,84.41999816894531,84.44999694824219,84.41000366210938,84.41000366210938,68.2238998413086,726900
2014-06-18,84.45999908447266,84.4800033569336,84.44000244140625,84.4800033569336,68.28041076660156,540100
2014-06-19,84.5,84.5,84.45999908447266,84.47000122070312,68.2723388671875,318700
2014-06-20,84.4800033569336,84.4800033569336,84.44000244140625,84.47000122070312,68.2723388671875,508700
2014-06-23,84.5,84.5,84.45999908447266,84.47000122070312,68.2723388671875,668600
2014-06-24,84.47000122070312,84.5,84.45999908447266,84.5,68.2966079711914,576000
2014-06-25,84.5,84.52999877929688,84.5,84.51000213623047,68.30467987060547,453700
2014-06-26,84.61000061035156,84.61000061035156,84.52999877929688,84.52999877929688,68.32083129882812,368700
2014-06-27,84.55999755859375,84.56999969482422,84.54000091552734,84.55000305175781,68.33702087402344,524900
2014-06-30,84.55000305175781,84.56999969482422,84.54000091552734,84.55999755859375,68.34512329101562,1091800
2014-07-01,84.54000091552734,84.54000091552734,84.5,84.5,68.31683349609375,542700
2014-07-02,84.45999908447266,84.5,84.45999908447266,84.47000122070312,68.29254150390625,594300
2014-07-03,84.44000244140625,84.45999908447266,84.41999816894531,84.45999908447266,68.28446197509766,492600
2014-07-07,84.41000366210938,84.44000244140625,84.41000366210938,84.44000244140625,68.26827239990234,506100
2014-07-08,84.44999694824219,84.47000122070312,84.43000030517578,84.45999908447266,68.28446197509766,627700
2014-07-09,84.44000244140625,84.48999786376953,84.4000015258789,84.47000122070312,68.29254150390625,380900
2014-07-10,84.5,84.54000091552734,84.5,84.51000213623047,68.32487487792969,466100
2014-07-11,84.54000091552734,84.55000305175781,84.5199966430664,84.52999877929688,68.341064453125,2614500
2014-07-14,84.5,84.52999877929688,84.5,84.5199966430664,68.33300018310547,672900
2014-07-15,84.5,84.55000305175781,84.47000122070312,84.4800033569336,68.30064392089844,435700
2014-07-16,84.48999786376953,84.5,84.45999908447266,84.47000122070312,68.29254150390625,426700
2014-07-17,84.5,84.54000091552734,84.4800033569336,84.54000091552734,68.34915924072266,2408500
2014-07-18,84.5,84.5199966430664,84.47000122070312,84.47000122070312,68.29254150390625,2316600
2014-07-21,84.5199966430664,84.5199966430664,84.47000122070312,84.4800033569336,68.30064392089844,2455200
2014-07-22,84.4800033569336,84.5,84.47000122070312,84.4800033569336,68.30064392089844,2456000
2014-07-23,84.5199966430664,84.5199966430664,84.5,84.51000213623047,68.32487487792969,478400
2014-07-24,84.47000122070312,84.48999786376953,84.45999908447266,84.4800033569336,68.30064392089844,221200
2014-07-25,84.48999786376953,84.5,84.47000122070312,84.48999786376953,68.3087158203125,2324500
2014-07-28,84.45999908447266,84.4800033569336,84.44999694824219,84.44999694824219,68.27638244628906,2286900
2014-07-29,84.45999908447266,84.47000122070312,84.44999694824219,84.47000122070312,68.29254150390625,255200
2014-07-30,84.43000030517578,84.43000030517578,84.37999725341797,84.43000030517578,68.26020812988281,1110200
2014-07-31,84.43000030517578,84.47000122070312,84.41000366210938,84.47000122070312,68.29254150390625,1446200
2014-08-01,84.47000122070312,84.55999755859375,84.47000122070312,84.55000305175781,68.37905883789062,19826500
2014-08-04,84.54000091552734,84.55999755859375,84.52999877929688,84.55000305175781,68.37905883789062,1419200
2014-08-05,84.5199966430664,84.56999969482422,84.5199966430664,84.55000305175781,68.37905883789062,1278200
2014-08-06,84.55999755859375,84.58999633789062,84.55000305175781,84.56999969482422,68.3952407836914,949900
2014-08-07,84.58000183105469,84.61000061035156,84.54000091552734,84.61000061035156,68.4275894165039,1129200
2014-08-08,84.5999984741211,84.62000274658203,84.55999755859375,84.55999755859375,68.38719177246094,500400
2014-08-11,84.58000183105469,84.58999633789062,84.55999755859375,84.55999755859375,68.38719177246094,1264700
2014-08-12,84.56999969482422,84.58999633789062,84.55000305175781,84.55999755859375,68.38719177246094,1587100
2014-08-13,84.62000274658203,84.62000274658203,84.58000183105469,84.5999984741211,68.41956329345703,708500
2014-08-14,84.56999969482422,84.63999938964844,84.56999969482422,84.62000274658203,68.43573760986328,975800
2014-08-15,84.58999633789062,84.68000030517578,84.58000183105469,84.62000274658203,68.43573760986328,911200
2014-08-18,84.56999969482422,84.62999725341797,84.56999969482422,84.62000274658203,68.43573760986328,721600
2014-08-19,84.62999725341797,84.62999725341797,84.5999984741211,84.62000274658203,68.43573760986328,1047000
2014-08-20,84.5999984741211,84.5999984741211,84.52999877929688,84.54000091552734,68.37104034423828,668300
2014-08-21,84.52999877929688,84.58000183105469,84.52999877929688,84.54000091552734,68.37104034423828,720300
2014-08-22,84.5199966430664,84.55999755859375,84.5,84.5199966430664,68.35480499267578,758700
2014-08-25,84.5,84.5199966430664,84.48999786376953,84.48999786376953,68.3305435180664,1146100
2014-08-26,84.5199966430664,84.52999877929688,84.5,84.5199966430664,68.35480499267578,372100
2014-08-27,84.52999877929688,84.55000305175781,84.52999877929688,84.54000091552734,68.37104034423828,473300
2014-08-28,84.52999877929688,84.56999969482422,84.52999877929688,84.55999755859375,68.38719177246094,459100
2014-08-29,84.55999755859375,84.5999984741211,84.55000305175781,84.5999984741211,68.41956329345703,515700
2014-09-02,84.54000091552734,84.55000305175781,84.5,84.5,68.36127471923828,13519800
2014-09-03,84.5,84.52999877929688,84.48999786376953,84.5199966430664,68.37742614746094,741300
2014-09-04,84.51000213623047,84.54000091552734,84.4800033569336,84.51000213623047,68.36937713623047,1702900
2014-09-05,84.54000091552734,84.55999755859375,84.52999877929688,84.54000091552734,68.39368438720703,422000
2014-09-08,84.54000091552734,84.55999755859375,84.48999786376953,84.48999786376953,68.35317993164062,533300
2014-09-09,84.48999786376953,84.5,84.44000244140625,84.44000244140625,68.3127670288086,506900
2014-09-10,84.43000030517578,84.45999908447266,84.43000030517578,84.44999694824219,68.32080841064453,367900
2014-09-11,84.4800033569336,84.48999786376953,84.44999694824219,84.45999908447266,68.32894134521484,774800
2014-09-12,84.43000030517578,84.45999908447266,84.43000030517578,84.44000244140625,68.3127670288086,340600
2014-09-15,84.45999908447266,84.48999786376953,84.45999908447266,84.4800033569336,68.34507751464844,431000
2014-09-16,84.5,84.52999877929688,84.47000122070312,84.52999877929688,68.38555145263672,1624100
2014-09-17,84.47000122070312,84.58000183105469,84.43000030517578,84.44000244140625,68.3127670288086,541600
2014-09-18,84.41999816894531,84.44999694824219,84.41000366210938,84.44999694824219,68.32080841064453,419000
2014-09-19,84.43000030517578,84.45999908447266,84.41999816894531,84.44000244140625,68.3127670288086,425400
2014-09-22,84.47000122070312,84.5,84.45999908447266,84.5,68.36127471923828,332600
2014-09-23,84.4800033569336,84.5199966430664,84.4800033569336,84.5199966430664,68.37742614746094,745800
2014-09-24,84.5,84.5199966430664,84.4800033569336,84.48999786376953,68.35317993164062,1455900
2014-09-25,84.4800033569336,84.55000305175781,84.4800033569336,84.55000305175781,68.40168762207031,892400
2014-09-26,84.52999877929688,84.52999877929688,84.4800033569336,84.51000213623047,68.36937713623047,1486300
2014-09-29,84.52999877929688,84.54000091552734,84.51000213623047,84.52999877929688,68.38555145263672,533200
2014-09-30,84.51000213623047,84.52999877929688,84.48999786376953,84.51000213623047,68.36937713623047,1508000
2014-10-01,84.55000305175781,84.5999984741211,84.52999877929688,84.56999969482422,68.44222259521484,20930800
2014-10-02,84.58000183105469,84.58999633789062,84.54000091552734,84.55999755859375,68.43406677246094,1828300
2014-10-03,84.51000213623047,84.5199966430664,84.47000122070312,84.4800033569336,68.3693618774414,2110100
2014-10-06,84.54000091552734,84.58000183105469,84.51000213623047,84.55999755859375,68.43406677246094,841300
2014-10-07,84.56999969482422,84.62000274658203,84.56999969482422,84.61000061035156,68.47455596923828,1333900
2014-10-08,84.5999984741211,84.70999908447266,84.58999633789062,84.69999694824219,68.54743957519531,1367200
2014-10-09,84.69000244140625,84.72000122070312,84.68000030517578,84.69999694824219,68.54743957519531,623000
2014-10-10,84.70999908447266,84.73999786376953,84.69000244140625,84.73999786376953,68.57976531982422,629300
2014-10-13,84.79000091552734,85.37000274658203,84.76000213623047,84.7699966430664,68.60404968261719,1239000
2014-10-14,84.80999755859375,84.83999633789062,84.79000091552734,84.81999969482422,68.64452362060547,2228800
2014-10-15,85.01000213623047,85.06999969482422,84.83000183105469,84.93000030517578,68.7335433959961,2526700
2014-10-16,84.94999694824219,84.95999908447266,84.86000061035156,84.87999725341797,68.69313049316406,27217300
2014-10-17,84.8499984741211,84.86000061035156,84.80999755859375,84.83000183105469,68.652587890625,2035000
2014-10-20,84.83999633789062,84.87999725341797,84.83999633789062,84.87999725341797,68.69313049316406,1139800
2014-10-21,84.83999633789062,84.87999725341797,84.83999633789062,84.86000061035156,68.67692565917969,1356700
2014-10-22,84.81999969482422,84.83999633789062,84.80999755859375,84.83999633789062,68.66070556640625,1814100
2014-10-23,84.79000091552734,84.81999969482422,84.77999877929688,84.80000305175781,68.62834930419922,1081500
2014-10-24,84.79000091552734,84.83000183105469,84.79000091552734,84.81999969482422,68.64452362060547,1171400
2014-10-27,84.80000305175781,84.83999633789062,84.80000305175781,84.81999969482422,68.64452362060547,919700
2014-10-28,84.81999969482422,84.83999633789062,84.79000091552734,84.80000305175781,68.62834930419922,738300
2014-10-29,84.79000091552734,84.80000305175781,84.69000244140625,84.69000244140625,68.53933715820312,1452200
2014-10-30,84.70999908447266,84.75,84.69999694824219,84.72000122070312,68.56360626220703,1485800
2014-10-31,84.68000030517578,84.72000122070312,84.68000030517578,84.69999694824219,68.54743957519531,1770200
2014-11-03,84.72000122070312,84.72000122070312,84.61000061035156,84.66000366210938,68.5385513305664,14207300
2014-11-04,84.62000274658203,84.66999816894531,84.58999633789062,84.6500015258789,68.53040313720703,1177700
2014-11-05,84.63999938964844,84.63999938964844,84.62000274658203,84.62999725341797,68.51420593261719,1289700
2014-11-06,84.61000061035156,84.63999938964844,84.5999984741211,84.61000061035156,68.49803924560547,815200
2014-11-07,84.6500015258789,84.69000244140625,84.62999725341797,84.66999816894531,68.54662322998047,1389000
2014-11-10,84.66999816894531,84.69000244140625,84.61000061035156,84.61000061035156,68.49803924560547,1381700
2014-11-11,84.58000183105469,84.70999908447266,84.56999969482422,84.5999984741211,68.48995971679688,580300
2014-11-12,84.62999725341797,84.66000366210938,84.61000061035156,84.62999725341797,68.51420593261719,894600
2014-11-13,84.62999725341797,84.66000366210938,84.62999725341797,84.6500015258789,68.53040313720703,746300
2014-11-14,84.63999938964844,84.69000244140625,84.61000061035156,84.69000244140625,68.56281280517578,1064400
2014-11-17,84.66999816894531,84.69000244140625,84.66000366210938,84.68000030517578,68.5546875,850000
2014-11-18,84.69000244140625,84.69000244140625,84.66000366210938,84.66999816894531,68.54662322998047,23372000
2014-11-19,84.62999725341797,84.69999694824219,84.62999725341797,84.66000366210938,68.5385513305664,962000
2014-11-20,84.69999694824219,84.70999908447266,84.66000366210938,84.68000030517578,68.5546875,723600
2014-11-21,84.70999908447266,84.72000122070312,84.69000244140625,84.69999694824219,68.57087707519531,1048700
2014-11-24,84.66000366210938,84.70999908447266,84.66000366210938,84.70999908447266,68.57899475097656,1582100
2014-11-25,84.69999694824219,84.73999786376953,84.69000244140625,84.72000122070312,68.58706665039062,472700
2014-11-26,84.72000122070312,84.76000213623047,84.72000122070312,84.7300033569336,68.5951919555664,840000
2014-11-28,84.77999877929688,84.77999877929688,84.75,84.76000213623047,68.61946105957031,319700
2014-12-01,84.79000091552734,84.80999755859375,84.7300033569336,84.7300033569336,68.61865997314453,2475900
2014-12-02,84.70999908447266,84.70999908447266,84.66000366210938,84.68000030517578,68.57815551757812,825300
2014-12-03,84.66999816894531,84.66999816894531,84.62999725341797,84.63999938964844,68.54576110839844,782100
2014-12-04,84.66000366210938,84.69000244140625,84.6500015258789,84.69000244140625,68.58625793457031,901400
2014-12-05,84.52999877929688,84.56999969482422,84.51000213623047,84.52999877929688,68.45671081542969,494200
2014-12-08,84.51000213623047,84.54000091552734,84.48999786376953,84.5199966430664,68.44857025146484,427400
2014-12-09,84.58000183105469,84.61000061035156,84.54000091552734,84.55000305175781,68.47286224365234,545000
2014-12-10,84.54000091552734,84.63999938964844,84.54000091552734,84.62000274658203,68.52960205078125,734300
2014-12-11,84.5999984741211,84.5999984741211,84.55999755859375,84.58000183105469,68.49722290039062,678900
2014-12-12,84.6500015258789,84.72000122070312,84.62000274658203,84.66000366210938,68.56196594238281,942700
2014-12-15,84.62999725341797,84.66000366210938,84.58999633789062,84.5999984741211,68.51338958740234,1662100
2014-12-16,84.66999816894531,84.69000244140625,84.62000274658203,84.6500015258789,68.55387115478516,1239500
2014-12-17,84.62999725341797,84.72000122070312,84.51000213623047,84.56999969482422,68.48905944824219,966900
2014-12-18,84.48999786376953,84.52999877929688,84.48999786376953,84.5199966430664,68.44857025146484,1009100
2014-12-19,84.55999755859375,84.55999755859375,84.45999908447266,84.45999908447266,68.4000015258789,785100
2014-12-22,84.45999908447266,84.5,84.45999908447266,84.4800033569336,68.41613006591797,680300
2014-12-23,84.47000122070312,84.47000122070312,84.38999938964844,84.38999938964844,68.3432388305664,1083500
2014-12-24,84.36000061035156,84.44000244140625,84.3499984741211,84.4000015258789,68.37816619873047,958700
2014-12-26,84.3499984741211,84.4000015258789,84.3499984741211,84.37000274658203,68.35386657714844,414300
2014-12-29,84.43000030517578,84.45999908447266,84.43000030517578,84.44999694824219,68.41868591308594,749500
2014-12-30,84.48999786376953,84.51000213623047,84.45999908447266,84.4800033569336,68.44290161132812,665900
2014-12-31,84.47000122070312,84.5199966430664,84.44999694824219,84.44999694824219,68.41868591308594,724100
2015-01-02,84.48999786376953,84.54000091552734,84.47000122070312,84.54000091552734,68.49156188964844,1735400
2015-01-05,84.47000122070312,84.55000305175781,84.47000122070312,84.54000091552734,68.49156188964844,1214300
2015-01-06,84.55999755859375,84.68000030517578,84.55999755859375,84.58000183105469,68.5240249633789,959400
2015-01-07,84.58999633789062,84.62999725341797,84.56999969482422,84.62000274658203,68.55642700195312,768800
2015-01-08,84.61000061035156,84.63999938964844,84.58999633789062,84.61000061035156,68.54830932617188,862500
2015-01-09,84.66999816894531,84.7300033569336,84.66999816894531,84.68000030517578,68.60496520996094,422200
2015-01-12,84.7300033569336,84.75,84.69999694824219,84.7300033569336,68.64549255371094,641700
2015-01-13,84.73999786376953,84.79000091552734,84.70999908447266,84.77999877929688,68.68601989746094,525600
2015-01-14,84.8499984741211,84.87999725341797,84.83000183105469,84.83000183105469,68.72650909423828,690800
2015-01-15,84.8499984741211,84.95999908447266,84.83999633789062,84.95999908447266,68.83187866210938,577900
2015-01-16,84.93000030517578,84.93000030517578,84.86000061035156,84.87999725341797,68.76702117919922,756300
2015-01-20,84.87000274658203,84.91000366210938,84.83999633789062,84.83999633789062,68.734619140625,696000
2015-01-21,84.83000183105469,84.88999938964844,84.81999969482422,84.83999633789062,68.734619140625,606400
2015-01-22,84.87000274658203,84.87000274658203,84.77999877929688,84.80999755859375,68.71028137207031,588900
2015-01-23,84.83000183105469,84.86000061035156,84.80999755859375,84.8499984741211,68.74275207519531,1089900
2015-01-26,84.83000183105469,84.8499984741211,84.79000091552734,84.80000305175781,68.70221710205078,1576400
2015-01-27,84.86000061035156,84.87999725341797,84.81999969482422,84.8499984741211,68.74275207519531,414900
2015-01-28,84.83000183105469,84.91999816894531,84.81999969482422,84.91000366210938,68.79132080078125,743900
2015-01-29,84.87999725341797,84.87999725341797,84.83000183105469,84.87999725341797,68.76702117919922,516100
2015-01-30,84.94000244140625,84.9800033569336,84.87000274658203,84.9800033569336,68.8480453491211,474400
2015-02-02,84.94000244140625,84.94999694824219,84.87999725341797,84.91999816894531,68.82615661621094,1883800
2015-02-03,84.88999938964844,84.88999938964844,84.83000183105469,84.8499984741211,68.76946258544922,1015000
2015-02-04,84.81999969482422,84.87999725341797,84.79000091552734,84.86000061035156,68.77751159667969,798200
2015-02-05,84.8499984741211,84.8499984741211,84.80999755859375,84.83000183105469,68.75321960449219,428400
2015-02-06,84.69999694824219,84.69999694824219,84.61000061035156,84.62999725341797,68.59114074707031,774300
2015-02-09,84.6500015258789,84.6500015258789,84.61000061035156,84.62000274658203,68.58304595947266,1616200
2015-02-10,84.62999725341797,84.62999725341797,84.58999633789062,84.5999984741211,68.56680297851562,1194500
2015-02-11,84.62999725341797,84.62999725341797,84.5999984741211,84.61000061035156,68.57496643066406,840500
2015-02-12,84.63999938964844,84.68000030517578,84.62000274658203,84.63999938964844,68.59920501708984,1036300
2015-02-13,84.66000366210938,84.69000244140625,84.63999938964844,84.63999938964844,68.59920501708984,1118600
2015-02-17,84.62000274658203,84.66000366210938,84.56999969482422,84.5999984741211,68.56680297851562,562400
2015-02-18,84.62000274658203,84.7300033569336,84.58999633789062,84.69999694824219,68.64789581298828,998400
2015-02-19,84.6500015258789,84.72000122070312,84.63999938964844,84.6500015258789,68.60733032226562,744000
2015-02-20,84.69999694824219,84.72000122070312,84.61000061035156,84.63999938964844,68.59920501708984,415200
2015-02-23,84.66999816894531,84.69000244140625,84.63999938964844,84.68000030517578,68.63163757324219,715500
2015-02-24,84.66999816894531,84.76000213623047,84.62000274658203,84.75,68.68841552734375,482800
2015-02-25,84.70999908447266,84.75,84.70999908447266,84.75,68.68841552734375,485300
2015-02-26,84.68000030517578,84.70999908447266,84.6500015258789,84.66999816894531,68.62357330322266,530600
2015-02-27,84.70999908447266,84.72000122070312,84.66999816894531,84.69999694824219,68.64789581298828,3103100
2015-03-02,84.63999938964844,84.66000366210938,84.5999984741211,84.5999984741211,68.59192657470703,3233200
2015-03-03,84.5999984741211,84.62000274658203,84.56999969482422,84.58000183105469,68.57573699951172,1288800
2015-03-04,84.61000061035156,84.62999725341797,84.58000183105469,84.5999984741211,68.59192657470703,572900
2015-03-05,84.63999938964844,84.66000366210938,84.61000061035156,84.62999725341797,68.6162338256836,386800
2015-03-06,84.51000213623047,84.55999755859375,84.5,84.54000091552734,68.54326629638672,503300
2015-03-09,84.54000091552734,84.58000183105469,84.52999877929688,84.58000183105469,68.57573699951172,367200
2015-03-10,84.62999725341797,84.62999725341797,84.56999969482422,84.5999984741211,68.59192657470703,1039600
2015-03-11,84.5999984741211,84.62000274658203,84.56999969482422,84.5999984741211,68.59192657470703,607500
2015-03-12,84.63999938964844,84.66999816894531,84.5999984741211,84.62000274658203,68.608154296875,1158100
2015-03-13,84.61000061035156,84.66999816894531,84.61000061035156,84.62999725341797,68.6162338256836,436500
2015-03-16,84.63999938964844,84.68000030517578,84.62999725341797,84.63999938964844,68.62434387207031,934000
2015-03-17,84.66999816894531,84.66999816894531,84.62000274658203,84.62000274658203,68.608154296875,1255600
2015-03-18,84.62000274658203,84.83000183105469,84.58000183105469,84.81999969482422,68.77030944824219,873500
2015-03-19,84.75,84.77999877929688,84.69999694824219,84.70999908447266,68.68108367919922,351000
2015-03-20,84.77999877929688,84.79000091552734,84.75,84.7699966430664,68.72974395751953,721900
2015-03-23,84.77999877929688,84.80999755859375,84.75,84.80000305175781,68.75406646728516,683900
2015-03-24,84.80000305175781,84.83000183105469,84.7699966430664,84.83000183105469,68.77835845947266,535900
2015-03-25,84.83000183105469,84.83999633789062,84.77999877929688,84.80999755859375,68.76215362548828,932000
2015-03-26,84.77999877929688,84.77999877929688,84.7300033569336,84.7699966430664,68.72974395751953,963400
2015-03-27,84.79000091552734,84.83000183105469,84.79000091552734,84.81999969482422,68.77030944824219,595300
2015-03-30,84.83000183105469,84.83999633789062,84.80000305175781,84.80999755859375,68.76215362548828,793600
2015-03-31,84.83000183105469,84.87999725341797,84.81999969482422,84.87999725341797,68.81893157958984,1035200
2015-04-01,84.83999633789062,84.87999725341797,84.83999633789062,84.87999725341797,68.84895324707031,2228700
2015-04-02,84.87999725341797,84.87999725341797,84.83000183105469,84.87000274658203,68.84080505371094,643500
2015-04-06,84.9800033569336,84.9800033569336,84.91000366210938,84.94000244140625,68.89763641357422,1162400
2015-04-07,84.87999725341797,84.9000015258789,84.87999725341797,84.87999725341797,68.84895324707031,544500
2015-04-08,84.88999938964844,84.9000015258789,84.83999633789062,84.87999725341797,68.84895324707031,1086800
2015-04-09,84.86000061035156,84.87000274658203,84.83999633789062,84.8499984741211,68.82462310791016,459000
2015-04-10,84.86000061035156,84.87000274658203,84.83000183105469,84.83000183105469,68.80836486816406,614400
2015-04-13,84.83000183105469,84.87999725341797,84.83000183105469,84.87999725341797,68.84895324707031,754400
2015-04-14,84.9000015258789,84.94000244140625,84.88999938964844,84.91999816894531,68.88140869140625,449200
2015-04-15,84.91000366210938,84.93000030517578,84.9000015258789,84.91999816894531,68.88140869140625,772200
2015-04-16,84.94000244140625,84.97000122070312,84.9000015258789,84.95999908447266,68.91383361816406,11419400
2015-04-17,84.91000366210938,84.94999694824219,84.91000366210938,84.91999816894531,68.88140869140625,727200
2015-04-20,84.9000015258789,84.93000030517578,84.87999725341797,84.91000366210938,68.87322998046875,460900
2015-04-21,84.86000061035156,84.91999816894531,84.86000061035156,84.91999816894531,68.88140869140625,565700
2015-04-22,84.87000274658203,84.88999938964844,84.8499984741211,84.8499984741211,68.82462310791016,582200
2015-04-23,84.86000061035156,84.88999938964844,84.86000061035156,84.88999938964844,68.85700988769531,561700
2015-04-24,84.91999816894531,84.93000030517578,84.9000015258789,84.91999816894531,68.88140869140625,405800
2015-04-27,84.91999816894531,84.91999816894531,84.88999938964844,84.91000366210938,68.87322998046875,439300
2015-04-28,84.87000274658203,84.91000366210938,84.87000274658203,84.87000274658203,68.84080505371094,506400
2015-04-29,84.8499984741211,84.87999725341797,84.83000183105469,84.87999725341797,68.84895324707031,461400
2015-04-30,84.83999633789062,84.87999725341797,84.80000305175781,84.87000274658203,68.84080505371094,746800
2015-05-01,84.80000305175781,84.81999969482422,84.77999877929688,84.80000305175781,68.81239318847656,1996300
2015-05-04,84.79000091552734,84.81999969482422,84.7699966430664,84.80000305175781,68.81239318847656,535700
2015-05-05,84.77999877929688,84.81999969482422,84.73999786376953,84.77999877929688,68.79618072509766,8800900
2015-05-06,84.75,84.7699966430664,84.72000122070312,84.75,68.77186584472656,1583000
2015-05-07,84.75,84.76000213623047,84.72000122070312,84.72000122070312,68.7475357055664,909500
2015-05-08,84.83999633789062,84.86000061035156,84.81999969482422,84.83999633789062,68.84487915039062,855400
2015-05-11,84.81999969482422,84.83000183105469,84.76000213623047,84.76000213623047,68.77994537353516,2438600
2015-05-12,84.77999877929688,84.80000305175781,84.75,84.7699966430664,68.78809356689453,497600
2015-05-13,84.83000183105469,84.86000061035156,84.80000305175781,84.80999755859375,68.820556640625,670900
2015-05-14,84.8499984741211,84.88999938964844,84.8499984741211,84.88999938964844,68.88544464111328,992800
2015-05-15,84.8499984741211,84.91000366210938,84.8499984741211,84.88999938964844,68.88544464111328,599200
2015-05-18,84.87000274658203,84.88999938964844,84.81999969482422,84.83999633789062,68.84487915039062,5576400
2015-05-19,84.77999877929688,84.81999969482422,84.7699966430664,84.79000091552734,68.80435943603516,544600
2015-05-20,84.80999755859375,84.83000183105469,84.79000091552734,84.81999969482422,68.82864379882812,541600
2015-05-21,84.81999969482422,84.86000061035156,84.80999755859375,84.8499984741211,68.8530044555664,677900
2015-05-22,84.80000305175781,84.81999969482422,84.77999877929688,84.79000091552734,68.80435943603516,530500
2015-05-26,84.76000213623047,84.81999969482422,84.76000213623047,84.80000305175781,68.81239318847656,634000
2015-05-27,84.77999877929688,84.81999969482422,84.7699966430664,84.80999755859375,68.820556640625,597100
2015-05-28,84.80999755859375,84.86000061035156,84.80999755859375,84.8499984741211,68.8530044555664,888200
2015-05-29,84.83999633789062,84.88999938964844,84.83999633789062,84.87000274658203,68.86917877197266,565900
2015-06-01,84.86000061035156,84.86000061035156,84.76000213623047,84.77999877929688,68.82621002197266,8556400
2015-06-02,84.73999786376953,84.7699966430664,84.73999786376953,84.7699966430664,68.81804656982422,715300
2015-06-03,84.72000122070312,84.73999786376953,84.70999908447266,84.73999786376953,68.79376220703125,1359800
2015-06-04,84.75,84.7699966430664,84.72000122070312,84.75,68.80186462402344,934300
2015-06-05,84.62999725341797,84.69000244140625,84.62999725341797,84.66999816894531,68.73692321777344,599300
2015-06-08,84.68000030517578,84.72000122070312,84.68000030517578,84.72000122070312,68.77753448486328,985400
2015-06-09,84.70999908447266,84.70999908447266,84.66000366210938,84.68000030517578,68.74504852294922,1189700
2015-06-10,84.66999816894531,84.66999816894531,84.63999938964844,84.66000366210938,68.72876739501953,817100
2015-06-11,84.66000366210938,84.68000030517578,84.62999725341797,84.68000030517578,68.74504852294922,938600
2015-06-12,84.63999938964844,84.69000244140625,84.63999938964844,84.66000366210938,68.72876739501953,398900
2015-06-15,84.70999908447266,84.7300033569336,84.69000244140625,84.69999694824219,68.7612075805664,542700
2015-06-16,84.69999694824219,84.7300033569336,84.69999694824219,84.7300033569336,68.78562927246094,6452900
2015-06-17,84.68000030517578,84.79000091552734,84.58999633789062,84.79000091552734,68.83434295654297,2940900
2015-06-18,84.7699966430664,84.80999755859375,84.75,84.80999755859375,68.8506088256836,625900
2015-06-19,84.83999633789062,84.8499984741211,84.81999969482422,84.83000183105469,68.86678314208984,397700
2015-06-22,84.80000305175781,84.80000305175781,84.76000213623047,84.7699966430664,68.81804656982422,438100
2015-06-23,84.72000122070312,84.7699966430664,84.72000122070312,84.75,68.80186462402344,495300
2015-06-24,84.76000213623047,84.79000091552734,84.7300033569336,84.79000091552734,68.83434295654297,681800
2015-06-25,84.75,84.77999877929688,84.7300033569336,84.7699966430664,68.81804656982422,461900
2015-06-26,84.72000122070312,84.75,84.72000122070312,84.72000122070312,68.77753448486328,476600
2015-06-29,84.83000183105469,84.87000274658203,84.79000091552734,84.86000061035156,68.89118194580078,895700
2015-06-30,84.83999633789062,84.88999938964844,84.83000183105469,84.86000061035156,68.89118194580078,3121300
2015-07-01,84.76000213623047,84.77999877929688,84.73999786376953,84.75,68.83269500732422,11473000
2015-07-02,84.8499984741211,84.87999725341797,84.80000305175781,84.87999725341797,68.93827819824219,2175100
2015-07-06,84.9000015258789,84.91999816894531,84.86000061035156,84.9000015258789,68.95451354980469,1088300
2015-07-07,84.94999694824219,84.9800033569336,84.88999938964844,84.88999938964844,68.94638061523438,2665300
2015-07-08,84.91999816894531,84.98999786376953,84.91000366210938,84.9800033569336,69.01946258544922,1628600
2015-07-09,84.93000030517578,84.94000244140625,84.9000015258789,84.91999816894531,68.97074127197266,1995800
2015-07-10,84.86000061035156,84.87999725341797,84.80999755859375,84.83999633789062,68.90575408935547,1999200
2015-07-13,84.79000091552734,84.80000305175781,84.7699966430664,84.80000305175781,68.87325286865234,856700
2015-07-14,84.81999969482422,84.83999633789062,84.81999969482422,84.83999633789062,68.90575408935547,1062100
2015-07-15,84.81999969482422,84.87000274658203,84.79000091552734,84.87000274658203,68.93010711669922,1068800
2015-07-16,84.7699966430664,84.83000183105469,84.7699966430664,84.83000183105469,68.89766693115234,5841900
2015-07-17,84.77999877929688,84.81999969482422,84.77999877929688,84.80999755859375,68.88146209716797,934900
2015-07-20,84.75,84.7699966430664,84.73999786376953,84.76000213623047,68.84076690673828,1104900
2015-07-21,84.7300033569336,84.80000305175781,84.7300033569336,84.7699966430664,68.84888458251953,653400
2015-07-22,84.76000213623047,84.7699966430664,84.73999786376953,84.76000213623047,68.84076690673828,760400
2015-07-23,84.70999908447266,84.77999877929688,84.70999908447266,84.7699966430664,68.84888458251953,854200
2015-07-24,84.7699966430664,84.83000183105469,84.76000213623047,84.79000091552734,68.86518859863281,810500
2015-07-27,84.86000061035156,84.87000274658203,84.83000183105469,84.8499984741211,68.91388702392578,4482800
2015-07-28,84.83000183105469,84.8499984741211,84.80999755859375,84.83000183105469,68.89766693115234,2113800
2015-07-29,84.81999969482422,84.8499984741211,84.79000091552734,84.80999755859375,68.88146209716797,1590900
2015-07-30,84.7699966430664,84.79000091552734,84.75,84.7699966430664,68.84888458251953,581400
2015-07-31,84.86000061035156,84.87999725341797,84.83999633789062,84.86000061035156,68.92203521728516,4190600
2015-08-03,84.79000091552734,84.86000061035156,84.79000091552734,84.8499984741211,68.94474792480469,5562900
2015-08-04,84.80000305175781,84.81999969482422,84.72000122070312,84.72000122070312,68.83919525146484,1228800
2015-08-05,84.70999908447266,84.7300033569336,84.68000030517578,84.7300033569336,68.8472671508789,1825600
2015-08-06,84.73999786376953,84.7699966430664,84.7300033569336,84.75,68.8635025024414,1132300
2015-08-07,84.69999694824219,84.75,84.69000244140625,84.70999908447266,68.83097839355469,934300
2015-08-10,84.70999908447266,84.7300033569336,84.69999694824219,84.70999908447266,68.83097839355469,1397700
2015-08-11,84.81999969482422,84.83000183105469,84.79000091552734,84.81999969482422,68.92037963867188,1889400
2015-08-12,84.83999633789062,84.87999725341797,84.80000305175781,84.81999969482422,68.92037963867188,1508300
2015-08-13,84.77999877929688,84.80000305175781,84.73999786376953,84.75,68.8635025024414,537000
2015-08-14,84.70999908447266,84.75,84.70999908447266,84.70999908447266,68.83097839355469,837600
2015-08-17,84.75,84.77999877929688,84.75,84.76000213623047,68.87162017822266,646700
2015-08-18,84.73999786376953,84.76000213623047,84.72000122070312,84.75,68.8635025024414,466300
2015-08-19,84.73999786376953,84.83999633789062,84.70999908447266,84.83000183105469,68.92852020263672,960600
2015-08-20,84.83999633789062,84.83999633789062,84.80000305175781,84.80000305175781,68.90413665771484,5879000
2015-08-21,84.8499984741211,84.9000015258789,84.83000183105469,84.88999938964844,68.97721862792969,2062900
2015-08-24,85.05000305175781,85.05000305175781,84.88999938964844,84.93000030517578,69.00978088378906,4491400
2015-08-25,84.88999938964844,84.94000244140625,84.8499984741211,84.88999938964844,68.97721862792969,2708000
2015-08-26,84.87000274658203,84.94000244140625,84.83999633789062,84.83999633789062,68.93663024902344,2519400
2015-08-27,84.83999633789062,84.87000274658203,84.80000305175781,84.8499984741211,68.94474792480469,2985300
2015-08-28,84.87000274658203,84.87999725341797,84.77999877929688,84.80999755859375,68.91230773925781,1683200
2015-08-31,84.80999755859375,84.83999633789062,84.7699966430664,84.77999877929688,68.88788604736328,7294500
2015-09-01,84.77999877929688,84.80000305175781,84.75,84.7699966430664,68.91232299804688,6317000
2015-09-02,84.79000091552734,84.80000305175781,84.75,84.79000091552734,68.92854309082031,5691300
2015-09-03,84.83000183105469,84.83000183105469,84.77999877929688,84.79000091552734,68.92854309082031,2627800
2015-09-04,84.80999755859375,84.83999633789062,84.77999877929688,84.80000305175781,68.93666076660156,1393900
2015-09-08,84.76000213623047,84.77999877929688,84.75,84.7699966430664,68.91232299804688,3251500
2015-09-09,84.72000122070312,84.7699966430664,84.72000122070312,84.75,68.89604187011719,1721000
2015-09-10,84.7699966430664,84.77999877929688,84.75,84.77999877929688,68.92039489746094,1004100
2015-09-11,84.77999877929688,84.81999969482422,84.77999877929688,84.80999755859375,68.94476318359375,539600
2015-09-14,84.80999755859375,84.83000183105469,84.79000091552734,84.79000091552734,68.92854309082031,1649100
2015-09-15,84.77999877929688,84.77999877929688,84.66999816894531,84.66999816894531,68.83096313476562,2200100
2015-09-16,84.68000030517578,84.7300033569336,84.66000366210938,84.66000366210938,68.82284545898438,1454200
2015-09-17,84.66000366210938,84.87000274658203,84.66000366210938,84.8499984741211,68.9772720336914,1268200
2015-09-18,84.8499984741211,84.88999938964844,84.8499984741211,84.88999938964844,69.00984191894531,1424900
2015-09-21,84.83999633789062,84.8499984741211,84.81999969482422,84.83999633789062,68.96920013427734,1668200
2015-09-22,84.87999725341797,84.9000015258789,84.86000061035156,84.88999938964844,69.00984191894531,834300
2015-09-23,84.87000274658203,84.9000015258789,84.83999633789062,84.86000061035156,68.98542022705078,1659800
2015-09-24,84.88999938964844,84.94999694824219,84.88999938964844,84.91000366210938,69.02610778808594,1480700
2015-09-25,84.9000015258789,84.91999816894531,84.8499984741211,84.87000274658203,68.99356842041016,1115900
2015-09-28,84.9000015258789,84.94000244140625,84.87999725341797,84.93000030517578,69.04234313964844,2572000
2015-09-29,84.94999694824219,84.98999786376953,84.93000030517578,84.97000122070312,69.07488250732422,1896600
2015-09-30,84.94999694824219,85.0,84.94999694824219,84.98999786376953,69.09113311767578,9534800
2015-10-01,84.94999694824219,84.9800033569336,84.91999816894531,84.94999694824219,69.09109497070312,5262900
2015-10-02,85.0999984741211,85.12000274658203,85.05000305175781,85.06999969482422,69.18871307373047,1668700
2015-10-05,85.05000305175781,85.05000305175781,84.9800033569336,85.01000213623047,69.139892578125,5500700
2015-10-06,84.97000122070312,85.0199966430664,84.97000122070312,85.0,69.13177490234375,1519100
2015-10-07,84.9800033569336,84.98999786376953,84.94999694824219,84.9800033569336,69.11551666259766,3660700
2015-10-08,84.94000244140625,85.0,84.94000244140625,84.95999908447266,69.09920501708984,1793100
2015-10-09,84.93000030517578,84.95999908447266,84.91999816894531,84.95999908447266,69.09920501708984,1107700
2015-10-12,84.9000015258789,84.9800033569336,84.9000015258789,84.94000244140625,69.08297729492188,1486900
2015-10-13,84.95999908447266,84.9800033569336,84.94999694824219,84.97000122070312,69.10739135742188,1071300
2015-10-14,85.08000183105469,85.0999984741211,85.02999877929688,85.08999633789062,69.20496368408203,3419100
2015-10-15,85.0199966430664,85.05000305175781,85.01000213623047,85.04000091552734,69.16431427001953,1586000
2015-10-16,85.01000213623047,85.02999877929688,85.0,85.0,69.13177490234375,942500
2015-10-19,85.01000213623047,85.02999877929688,84.98999786376953,85.02999877929688,69.15617370605469,1434900
2015-10-20,84.97000122070312,84.9800033569336,84.95999908447266,84.9800033569336,69.11551666259766,1029400
2015-10-21,84.9800033569336,85.02999877929688,84.97000122070312,85.01000213623047,69.139892578125,11122200
2015-10-22,85.01000213623047,85.05999755859375,85.01000213623047,85.04000091552734,69.16431427001953,2382400
2015-10-23,84.9800033569336,85.01000213623047,84.94999694824219,84.97000122070312,69.10739135742188,5657200
2015-10-26,84.97000122070312,84.98999786376953,84.95999908447266,84.97000122070312,69.10739135742188,5901700
2015-10-27,85.0,85.02999877929688,85.0,85.0,69.13177490234375,1024600
2015-10-28,84.9800033569336,85.0,84.8499984741211,84.88999938964844,69.0423355102539,1658900
2015-10-29,84.83999633789062,84.86000061035156,84.83000183105469,84.83000183105469,68.9935073852539,1526500
2015-10-30,84.83000183105469,84.8499984741211,84.81999969482422,84.83000183105469,68.9935073852539,3242400
2015-11-02,84.70999908447266,84.77999877929688,84.70999908447266,84.73999786376953,68.95365142822266,14599400
2015-11-03,84.72000122070312,84.73999786376953,84.70999908447266,84.7300033569336,68.94556427001953,3643500
2015-11-04,84.69999694824219,84.7300033569336,84.63999938964844,84.63999938964844,68.87228393554688,2120500
2015-11-05,84.63999938964844,84.66000366210938,84.61000061035156,84.63999938964844,68.87228393554688,2775300
2015-11-06,84.55999755859375,84.58000183105469,84.54000091552734,84.55999755859375,68.80720520019531,1832700
2015-11-09,84.54000091552734,84.55999755859375,84.52999877929688,84.54000091552734,68.79090881347656,1619900
2015-11-10,84.58000183105469,84.61000061035156,84.55000305175781,84.58000183105469,68.82344818115234,2139300
2015-11-11,84.62000274658203,84.63999938964844,84.55999755859375,84.55999755859375,68.80720520019531,6885500
2015-11-12,84.58000183105469,84.62000274658203,84.58000183105469,84.58999633789062,68.83158874511719,5866500
2015-11-13,84.5999984741211,84.66000366210938,84.5999984741211,84.66000366210938,68.88854217529297,771100
2015-11-16,84.66000366210938,84.68000030517578,84.63999938964844,84.66000366210938,68.88854217529297,1835200
2015-11-17,84.58999633789062,84.66000366210938,84.58000183105469,84.62999725341797,68.86416625976562,4707700
2015-11-18,84.62000274658203,84.63999938964844,84.58000183105469,84.5999984741211,68.83977508544922,1803400
2015-11-19,84.62000274658203,84.62999725341797,84.58000183105469,84.58000183105469,68.82344818115234,1707300
2015-11-20,84.58999633789062,84.62000274658203,84.56999969482422,84.58000183105469,68.82344818115234,798800
2015-11-23,84.54000091552734,84.58000183105469,84.54000091552734,84.56999969482422,68.81527709960938,936600
2015-11-24,84.58000183105469,84.58999633789062,84.55999755859375,84.56999969482422,68.81527709960938,1024300
2015-11-25,84.58000183105469,84.58999633789062,84.55000305175781,84.58000183105469,68.82344818115234,3067800
2015-11-27,84.58000183105469,84.61000061035156,84.58000183105469,84.5999984741211,68.83977508544922,429600
2015-11-30,84.58000183105469,84.58999633789062,84.55999755859375,84.56999969482422,68.81527709960938,1469300
2015-12-01,84.51000213623047,84.5999984741211,84.51000213623047,84.58000183105469,68.8568344116211,4410600
2015-12-02,84.54000091552734,84.54000091552734,84.5,84.51000213623047,68.79988861083984,1008700
2015-12-03,84.51000213623047,84.51000213623047,84.43000030517578,84.51000213623047,68.79988861083984,4856400
2015-12-04,84.54000091552734,84.56999969482422,84.51000213623047,84.52999877929688,68.81612396240234,4440400
2015-12-07,84.5199966430664,84.54000091552734,84.51000213623047,84.5199966430664,68.80799865722656,2025600
2015-12-08,84.52999877929688,84.54000091552734,84.48999786376953,84.51000213623047,68.79988861083984,1043000
2015-12-09,84.5,84.55000305175781,84.47000122070312,84.54000091552734,68.82427215576172,3642800
2015-12-10,84.5199966430664,84.52999877929688,84.4800033569336,84.48999786376953,68.78358459472656,963000
2015-12-11,84.54000091552734,84.62000274658203,84.52999877929688,84.58999633789062,68.864990234375,1073800
2015-12-14,84.5199966430664,84.55000305175781,84.4800033569336,84.48999786376953,68.78358459472656,1757400
2015-12-15,84.44999694824219,84.4800033569336,84.44000244140625,84.4800033569336,68.77542877197266,1052100
2015-12-16,84.44000244140625,84.45999908447266,84.30999755859375,84.41000366210938,68.71844482421875,1241600
2015-12-17,84.4000015258789,84.44999694824219,84.4000015258789,84.41000366210938,68.71844482421875,1777400
2015-12-18,84.4800033569336,84.5199966430664,84.45999908447266,84.5199966430664,68.80799865722656,1494800
2015-12-21,84.5199966430664,84.5199966430664,84.48999786376953,84.51000213623047,68.79988861083984,3037200
2015-12-22,84.48999786376953,84.51000213623047,84.45999908447266,84.48999786376953,68.78358459472656,1234700
2015-12-23,84.48999786376953,84.5,84.44000244140625,84.45999908447266,68.75916290283203,2785800
2015-12-24,84.44000244140625,84.44999694824219,84.41000366210938,84.44999694824219,68.78605651855469,564600
2015-12-28,84.4000015258789,84.41999816894531,84.38999938964844,84.4000015258789,68.74531555175781,1096700
2015-12-29,84.36000061035156,84.4000015258789,84.3499984741211,84.37999725341797,68.72900390625,1085100
2015-12-30,84.36000061035156,84.4000015258789,84.33999633789062,84.4000015258789,68.74531555175781,4797000
2015-12-31,84.43000030517578,84.44000244140625,84.36000061035156,84.36000061035156,68.7127456665039,2466200
2016-01-04,84.4800033569336,84.48999786376953,84.44000244140625,84.47000122070312,68.80232238769531,7548000
2016-01-05,84.44000244140625,84.45999908447266,84.41000366210938,84.41999816894531,68.7615737915039,2472200
2016-01-06,84.4800033569336,84.5,84.44999694824219,84.47000122070312,68.80232238769531,2409900
2016-01-07,84.52999877929688,84.54000091552734,84.47000122070312,84.5,68.82679748535156,2702800
2016-01-08,84.52999877929688,84.58000183105469,84.5,84.55999755859375,68.87560272216797,7139900
2016-01-11,84.54000091552734,84.61000061035156,84.5199966430664,84.58999633789062,68.90007781982422,3557700
2016-01-12,84.54000091552734,84.62999725341797,84.52999877929688,84.5999984741211,68.90818786621094,1275600
2016-01-13,84.58999633789062,84.6500015258789,84.56999969482422,84.6500015258789,68.94893646240234,1820800
2016-01-14,84.6500015258789,84.66999816894531,84.62000274658203,84.66999816894531,68.96526336669922,1297400
2016-01-15,84.7300033569336,84.77999877929688,84.70999908447266,84.73999786376953,69.02225494384766,2136000
2016-01-19,84.72000122070312,84.75,84.69999694824219,84.7300033569336,69.01409149169922,5109900
2016-01-20,84.77999877929688,84.83999633789062,84.7699966430664,84.79000091552734,69.06300354003906,2140400
2016-01-21,84.80999755859375,84.81999969482422,84.76000213623047,84.77999877929688,69.0548324584961,2326500
2016-01-22,84.70999908447266,84.75,84.69999694824219,84.75,69.03038787841797,3184900
2016-01-25,84.7300033569336,84.7699966430664,84.7300033569336,84.75,69.03038787841797,1800100
2016-01-26,84.75,84.80000305175781,84.73999786376953,84.79000091552734,69.06300354003906,1176800
2016-01-27,84.73999786376953,84.80999755859375,84.72000122070312,84.80999755859375,69.07925415039062,1742300
2016-01-28,84.80000305175781,84.83999633789062,84.77999877929688,84.80999755859375,69.07925415039062,1272200
2016-01-29,84.9000015258789,84.91000366210938,84.86000061035156,84.91000366210938,69.16069793701172,1521400
2016-02-01,84.83999633789062,84.83999633789062,84.80000305175781,84.81999969482422,69.12405395507812,5665300
2016-02-02,84.86000061035156,84.93000030517578,84.86000061035156,84.93000030517578,69.21366119384766,2528200
2016-02-03,84.91000366210938,85.0199966430664,84.91000366210938,84.94999694824219,69.22999572753906,1962400
2016-02-04,84.94999694824219,84.9800033569336,84.94999694824219,84.97000122070312,69.24624633789062,1305700
2016-02-05,84.91000366210938,84.97000122070312,84.9000015258789,84.94999694824219,69.22999572753906,1294800
2016-02-08,85.01000213623047,85.06999969482422,84.98999786376953,85.05000305175781,69.31143188476562,1467700
2016-02-09,85.08000183105469,85.08000183105469,85.0,85.0199966430664,69.28699493408203,1919200
2016-02-10,84.94999694824219,85.02999877929688,84.94999694824219,85.0199966430664,69.28699493408203,1061200
2016-02-11,85.1500015258789,85.18000030517578,85.08000183105469,85.0999984741211,69.35221099853516,1814400
2016-02-12,85.05999755859375,85.08000183105469,84.98999786376953,85.0,69.27074432373047,1194000
2016-02-16,84.98999786376953,85.0,84.94999694824219,84.94999694824219,69.22999572753906,2545900
2016-02-17,84.91999816894531,84.97000122070312,84.91000366210938,84.97000122070312,69.24624633789062,1999400
2016-02-18,84.94000244140625,85.04000091552734,84.94000244140625,85.04000091552734,69.30329895019531,859100
2016-02-19,84.9800033569336,85.01000213623047,84.95999908447266,84.95999908447266,69.23807525634766,975400
2016-02-22,84.93000030517578,84.97000122070312,84.93000030517578,84.97000122070312,69.24624633789062,1101600
2016-02-23,84.95999908447266,85.0,84.94000244140625,84.9800033569336,69.25444030761719,1227700
2016-02-24,85.0199966430664,85.08000183105469,84.9800033569336,85.0,69.27074432373047,1066800
2016-02-25,85.01000213623047,85.04000091552734,85.0,85.0199966430664,69.28699493408203,1526500
2016-02-26,84.95999908447266,84.97000122070312,84.88999938964844,84.91000366210938,69.19734954833984,1891100
2016-02-29,84.87999725341797,84.95999908447266,84.87999725341797,84.95999908447266,69.23807525634766,2634200
2016-03-01,84.91999816894531,84.91999816894531,84.79000091552734,84.80000305175781,69.14596557617188,4584800
2016-03-02,84.7699966430664,84.80000305175781,84.75,84.79000091552734,69.13786315917969,2652000
2016-03-03,84.77999877929688,84.81999969482422,84.7699966430664,84.81999969482422,69.16231536865234,5601100
2016-03-04,84.7699966430664,84.80999755859375,84.73999786376953,84.76000213623047,69.11339569091797,1532600
2016-03-07,84.72000122070312,84.73999786376953,84.69999694824219,84.69999694824219,69.06446075439453,1990800
2016-03-08,84.76000213623047,84.80000305175781,84.75,84.76000213623047,69.11339569091797,2878900
2016-03-09,84.75,84.76000213623047,84.7300033569336,84.7300033569336,69.08891296386719,1284400
2016-03-10,84.69999694824219,84.7300033569336,84.68000030517578,84.72000122070312,69.08077239990234,2227500
2016-03-11,84.68000030517578,84.68000030517578,84.62999725341797,84.63999938964844,69.01553344726562,4112200
2016-03-14,84.66999816894531,84.66999816894531,84.63999938964844,84.63999938964844,69.01553344726562,1875500
2016-03-15,84.68000030517578,84.69999694824219,84.62999725341797,84.66999816894531,69.03999328613281,1508600
2016-03-16,84.58999633789062,84.83999633789062,84.55000305175781,84.83999633789062,69.17861938476562,5972100
2016-03-17,84.80000305175781,84.83000183105469,84.7699966430664,84.83000183105469,69.17046356201172,1677000
2016-03-18,84.8499984741211,84.87999725341797,84.83000183105469,84.8499984741211,69.18675231933594,3010000
2016-03-21,84.83000183105469,84.83999633789062,84.80000305175781,84.83999633789062,69.17861938476562,1892100
2016-03-22,84.8499984741211,84.86000061035156,84.7699966430664,84.79000091552734,69.13786315917969,1899800
2016-03-23,84.79000091552734,84.86000061035156,84.77999877929688,84.83999633789062,69.17861938476562,1357600
2016-03-24,84.8499984741211,84.8499984741211,84.79000091552734,84.80000305175781,69.14596557617188,859800
2016-03-28,84.81999969482422,84.86000061035156,84.81999969482422,84.81999969482422,69.16231536865234,2820600
2016-03-29,84.8499984741211,84.9800033569336,84.8499984741211,84.9800033569336,69.29277038574219,1219700
2016-03-30,84.97000122070312,85.0,84.93000030517578,84.98999786376953,69.3009262084961,1307600
2016-03-31,85.0199966430664,85.05999755859375,84.98999786376953,85.02999877929688,69.33353424072266,1555000
2016-04-01,84.93000030517578,84.97000122070312,84.91000366210938,84.93000030517578,69.29354095458984,5307200
2016-04-04,84.94999694824219,84.98999786376953,84.93000030517578,84.98999786376953,69.34249877929688,2863500
2016-04-05,85.0,85.0199966430664,84.9800033569336,85.0199966430664,69.36695861816406,4655000
2016-04-06,85.01000213623047,85.01000213623047,84.94999694824219,84.98999786376953,69.34249877929688,1029200
2016-04-07,85.01000213623047,85.05999755859375,85.0,85.04000091552734,69.38326263427734,1475200
2016-04-08,85.01000213623047,85.05000305175781,85.01000213623047,85.04000091552734,69.38326263427734,594300
2016-04-11,85.0199966430664,85.05999755859375,85.01000213623047,85.02999877929688,69.37513732910156,851100
2016-04-12,85.01000213623047,85.0199966430664,85.0,85.01000213623047,69.35882568359375,524900
2016-04-13,84.98999786376953,84.98999786376953,84.95999908447266,84.97000122070312,69.32618713378906,1365800
2016-04-14,84.9800033569336,84.98999786376953,84.94999694824219,84.97000122070312,69.32618713378906,1103500
2016-04-15,84.9800033569336,85.02999877929688,84.9800033569336,85.02999877929688,69.37513732910156,825600
2016-04-18,85.01000213623047,85.02999877929688,85.0,85.0199966430664,69.36695861816406,870900
2016-04-19,85.0199966430664,85.0199966430664,84.97000122070312,84.98999786376953,69.34249877929688,1508400
2016-04-20,85.01000213623047,85.01000213623047,84.91999816894531,84.93000030517578,69.29354095458984,1080700
2016-04-21,84.9000015258789,84.94999694824219,84.9000015258789,84.91000366210938,69.27726745605469,1599900
2016-04-22,84.91000366210938,84.91999816894531,84.9000015258789,84.91000366210938,69.27726745605469,2593200
2016-04-25,84.9000015258789,84.93000030517578,84.88999938964844,84.88999938964844,69.26091003417969,1512900
2016-04-26,84.88999938964844,84.9000015258789,84.86000061035156,84.87000274658203,69.24459075927734,969300
2016-04-27,84.9000015258789,84.93000030517578,84.81999969482422,84.93000030517578,69.29354095458984,748300
2016-04-28,84.94000244140625,85.01000213623047,84.93000030517578,84.9800033569336,69.33435821533203,694300
2016-04-29,84.97000122070312,85.02999877929688,84.95999908447266,85.01000213623047,69.35882568359375,1609600
2016-05-02,84.94000244140625,84.95999908447266,84.91999816894531,84.93000030517578,69.3335189819336,1017800
2016-05-03,85.02999877929688,85.02999877929688,84.9800033569336,85.0199966430664,69.40699768066406,3788100
2016-05-04,85.02999877929688,85.02999877929688,84.97000122070312,85.01000213623047,69.39881134033203,1621100
2016-05-05,85.02999877929688,85.06999969482422,84.9800033569336,85.04000091552734,69.42332458496094,556900
2016-05-06,85.08999633789062,85.0999984741211,85.0199966430664,85.0199966430664,69.40699768066406,1117600
2016-05-09,85.08000183105469,85.08999633789062,85.05000305175781,85.05999755859375,69.439697265625,610000
2016-05-10,85.06999969482422,85.08000183105469,85.04000091552734,85.08000183105469,69.45598602294922,2854800
2016-05-11,85.05999755859375,85.08000183105469,85.04000091552734,85.05000305175781,69.43146514892578,1607400
2016-05-12,85.02999877929688,85.04000091552734,85.0,85.0,69.390625,562700
2016-05-13,84.98999786376953,85.02999877929688,84.9800033569336,85.01000213623047,69.39881134033203,1115000
2016-05-16,85.0,85.0,84.94999694824219,84.97000122070312,69.36621856689453,600800
2016-05-17,84.94999694824219,84.97000122070312,84.91000366210938,84.94000244140625,69.34165954589844,819500
2016-05-18,84.86000061035156,84.9000015258789,84.77999877929688,84.79000091552734,69.2192153930664,3690500
2016-05-19,84.80999755859375,84.8499984741211,84.80999755859375,84.80999755859375,69.23551940917969,1619600
2016-05-20,84.80999755859375,84.8499984741211,84.80000305175781,84.83999633789062,69.2600326538086,1942600
2016-05-23,84.79000091552734,84.83000183105469,84.79000091552734,84.83000183105469,69.25188446044922,654700
2016-05-24,84.80000305175781,84.80999755859375,84.76000213623047,84.7699966430664,69.20289611816406,778200
2016-05-25,84.80000305175781,84.81999969482422,84.7699966430664,84.81999969482422,69.24372100830078,5242400
2016-05-26,84.8499984741211,84.88999938964844,84.83000183105469,84.87000274658203,69.28453063964844,1253100
2016-05-27,84.87000274658203,84.9000015258789,84.79000091552734,84.81999969482422,69.24372100830078,696200
2016-05-31,84.77999877929688,84.88999938964844,84.77999877929688,84.86000061035156,69.27632904052734,1368300
2016-06-01,84.80999755859375,84.83999633789062,84.75,84.75,69.22816467285156,1484500
2016-06-02,84.77999877929688,84.81999969482422,84.77999877929688,84.81999969482422,69.28535461425781,4565800
2016-06-03,84.97000122070312,84.98999786376953,84.94999694824219,84.95999908447266,69.39971923828125,1874900
2016-06-06,84.94999694824219,84.9800033569336,84.91000366210938,84.94000244140625,69.38336944580078,672100
2016-06-07,84.95999908447266,84.98999786376953,84.94999694824219,84.95999908447266,69.39971923828125,624800
2016-06-08,84.94999694824219,84.98999786376953,84.94999694824219,84.9800033569336,69.41603088378906,906600
2016-06-09,85.0199966430664,85.0199966430664,84.9800033569336,85.0,69.43235778808594,794400
2016-06-10,85.01000213623047,85.06999969482422,85.01000213623047,85.05000305175781,69.47321319580078,425100
2016-06-13,85.08000183105469,85.11000061035156,85.06999969482422,85.06999969482422,69.48956298828125,610500
2016-06-14,85.12999725341797,85.12999725341797,85.06999969482422,85.08000183105469,69.49774932861328,990200
2016-06-15,85.06999969482422,85.31999969482422,85.06999969482422,85.18000030517578,69.57939147949219,785700
2016-06-16,85.18000030517578,85.20999908447266,85.12000274658203,85.12999725341797,69.53857421875,1129500
2016-06-17,85.13999938964844,85.16000366210938,85.11000061035156,85.13999938964844,69.54674530029297,1574700
2016-06-20,85.08000183105469,85.0999984741211,85.05000305175781,85.08999633789062,69.5059585571289,1698800
2016-06-21,85.06999969482422,85.0999984741211,85.02999877929688,85.02999877929688,69.45687866210938,919100
2016-06-22,85.06999969482422,85.08000183105469,85.04000091552734,85.05999755859375,69.48141479492188,1740300
2016-06-23,85.02999877929688,85.05000305175781,85.0,85.02999877929688,69.45687866210938,2302800
2016-06-24,85.27999877929688,85.30000305175781,85.19999694824219,85.2300033569336,69.62030029296875,2321800
2016-06-27,85.30000305175781,85.3499984741211,85.27999877929688,85.27999877929688,69.6611328125,1166100
2016-06-28,85.2699966430664,85.30999755859375,85.26000213623047,85.30999755859375,69.68562316894531,1590900
2016-06-29,85.25,85.29000091552734,85.25,85.27999877929688,69.6611328125,838800
2016-06-30,85.29000091552734,85.33999633789062,85.26000213623047,85.31999969482422,69.69377899169922,2284000
2016-07-01,85.33000183105469,85.33000183105469,85.25,85.30000305175781,69.71830749511719,3690200
2016-07-05,85.30999755859375,85.3499984741211,85.29000091552734,85.33999633789062,69.7509994506836,1974600
2016-07-06,85.30999755859375,85.33999633789062,85.27999877929688,85.30000305175781,69.71830749511719,5742300
2016-07-07,85.2699966430664,85.30000305175781,85.23999786376953,85.26000213623047,69.68563079833984,1094600
2016-07-08,85.23999786376953,85.2699966430664,85.19999694824219,85.26000213623047,69.68563079833984,1157600
2016-07-11,85.20999908447266,85.2300033569336,85.16999816894531,85.16999816894531,69.61203002929688,1619200
2016-07-12,85.16999816894531,85.16999816894531,85.11000061035156,85.13999938964844,69.58751678466797,5990100
2016-07-13,85.16999816894531,85.18000030517578,85.13999938964844,85.16000366210938,69.60387420654297,836600
2016-07-14,85.0999984741211,85.1500015258789,85.08999633789062,85.11000061035156,69.5630111694336,638500
2016-07-15,85.0999984741211,85.0999984741211,85.05999755859375,85.06999969482422,69.5302734375,1532100
2016-07-18,85.11000061035156,85.12999725341797,85.08999633789062,85.12000274658203,69.57121276855469,867800
2016-07-19,85.11000061035156,85.12999725341797,85.0999984741211,85.12999725341797,69.5793228149414,739400
2016-07-20,85.08999633789062,85.11000061035156,85.06999969482422,85.08999633789062,69.54666900634766,627500
2016-07-21,85.08000183105469,85.1500015258789,85.06999969482422,85.1500015258789,69.59575653076172,465500
2016-07-22,85.11000061035156,85.13999938964844,85.0999984741211,85.12000274658203,69.57121276855469,382700
2016-07-25,85.0999984741211,85.11000061035156,85.05999755859375,85.05999755859375,69.52210235595703,803500
2016-07-26,85.08999633789062,85.08999633789062,85.04000091552734,85.06999969482422,69.5302734375,1348500
2016-07-27,85.06999969482422,85.12999725341797,85.05000305175781,85.12999725341797,69.5793228149414,657400
2016-07-28,85.12000274658203,85.1500015258789,85.0999984741211,85.12000274658203,69.57121276855469,913700
2016-07-29,85.18000030517578,85.2300033569336,85.16999816894531,85.2300033569336,69.66112518310547,1041500
2016-08-01,85.11000061035156,85.1500015258789,85.11000061035156,85.1500015258789,69.63739776611328,3053400
2016-08-02,85.11000061035156,85.16000366210938,85.08999633789062,85.12000274658203,69.61286926269531,967700
2016-08-03,85.1500015258789,85.16000366210938,85.0999984741211,85.12999725341797,69.62101745605469,3365300
2016-08-04,85.16999816894531,85.19999694824219,85.16000366210938,85.19000244140625,69.67009735107422,610500
2016-08-05,85.12000274658203,85.12000274658203,85.05000305175781,85.06999969482422,69.57196044921875,1170900
2016-08-08,85.04000091552734,85.06999969482422,85.0199966430664,85.04000091552734,69.54745483398438,2576800
2016-08-09,85.05999755859375,85.08999633789062,85.02999877929688,85.08999633789062,69.58831787109375,2337300
2016-08-10,85.11000061035156,85.12999725341797,85.08999633789062,85.12999725341797,69.62101745605469,971900
2016-08-11,85.12999725341797,85.12999725341797,85.0199966430664,85.05000305175781,69.55561828613281,929600
2016-08-12,85.13999938964844,85.1500015258789,85.08999633789062,85.11000061035156,69.6046371459961,584100
2016-08-15,85.08000183105469,85.0999984741211,85.05999755859375,85.08999633789062,69.58831787109375,873200
2016-08-16,85.05000305175781,85.06999969482422,85.02999877929688,85.05999755859375,69.56378936767578,774400
2016-08-17,85.02999877929688,85.0999984741211,85.01000213623047,85.05999755859375,69.56378936767578,1221300
2016-08-18,85.06999969482422,85.12000274658203,85.04000091552734,85.12000274658203,69.61286926269531,696500
2016-08-19,85.05999755859375,85.08000183105469,85.02999877929688,85.04000091552734,69.54745483398438,590000
2016-08-22,85.06999969482422,85.08000183105469,85.05000305175781,85.05000305175781,69.55561828613281,480000
2016-08-23,85.05000305175781,85.08000183105469,85.04000091552734,85.05999755859375,69.56378936767578,455200
2016-08-24,85.08000183105469,85.08000183105469,85.04000091552734,85.04000091552734,69.54745483398438,466400
2016-08-25,85.04000091552734,85.04000091552734,85.0,85.01000213623047,69.52285766601562,547300
2016-08-26,85.0199966430664,85.06999969482422,84.93000030517578,84.93000030517578,69.45745849609375,709800
2016-08-29,84.93000030517578,85.0,84.93000030517578,84.9800033569336,69.49833679199219,473600
2016-08-30,84.98999786376953,85.01000213623047,84.97000122070312,84.98999786376953,69.5064926147461,480400
2016-08-31,85.0,85.02999877929688,84.9800033569336,84.9800033569336,69.49833679199219,937400
2016-09-01,84.91000366210938,84.9800033569336,84.88999938964844,84.97000122070312,69.53103637695312,1191600
2016-09-02,84.9800033569336,84.98999786376953,84.93000030517578,84.97000122070312,69.53103637695312,726100
2016-09-06,84.95999908447266,85.08000183105469,84.94999694824219,85.02999877929688,69.58018493652344,1335800
2016-09-07,85.05999755859375,85.08000183105469,85.02999877929688,85.02999877929688,69.58018493652344,1049300
2016-09-08,85.0199966430664,85.04000091552734,84.97000122070312,84.97000122070312,69.53103637695312,614200
2016-09-09,84.94999694824219,84.9800033569336,84.93000030517578,84.94000244140625,69.50650024414062,2727300
2016-09-12,84.94999694824219,85.01000213623047,84.94000244140625,84.97000122070312,69.53103637695312,2123600
2016-09-13,84.98999786376953,85.0,84.91000366210938,84.94000244140625,69.50650024414062,1108600
2016-09-14,84.95999908447266,85.0199966430664,84.95999908447266,84.98999786376953,69.54747772216797,1632600
2016-09-15,85.01000213623047,85.08000183105469,84.98999786376953,85.05999755859375,69.60469818115234,10599200
2016-09-16,85.0199966430664,85.05000305175781,85.0,85.0199966430664,69.57200622558594,846200
2016-09-19,85.0,85.0199966430664,84.98999786376953,85.0,69.5556411743164,657700
2016-09-20,85.0,85.01000213623047,84.9800033569336,84.9800033569336,69.53929138183594,984300
2016-09-21,84.95999908447266,85.0,84.91000366210938,85.0,69.5556411743164,816300
2016-09-22,84.98999786376953,85.0199966430664,84.97000122070312,84.9800033569336,69.53929138183594,759500
2016-09-23,85.0,85.02999877929688,84.9800033569336,85.02999877929688,69.58018493652344,7016900
2016-09-26,85.05000305175781,85.08999633789062,85.04000091552734,85.08000183105469,69.62110137939453,786300
2016-09-27,85.11000061035156,85.11000061035156,85.05999755859375,85.08999633789062,69.62926483154297,645300
2016-09-28,85.06999969482422,85.08999633789062,85.05999755859375,85.08000183105469,69.62110137939453,1017300
2016-09-29,85.05000305175781,85.11000061035156,85.02999877929688,85.11000061035156,69.64564514160156,1164000
2016-09-30,85.0999984741211,85.11000061035156,85.04000091552734,85.04000091552734,69.58836364746094,1380000
2016-10-03,84.98999786376953,84.98999786376953,84.94999694824219,84.9800033569336,69.5793685913086,1646500
2016-10-04,84.94999694824219,84.94999694824219,84.9000015258789,84.91000366210938,69.52205657958984,933100
2016-10-05,84.94000244140625,84.94000244140625,84.86000061035156,84.86000061035156,69.4811019897461,1644000
2016-10-06,84.86000061035156,84.91000366210938,84.8499984741211,84.86000061035156,69.4811019897461,679500
2016-10-07,84.87999725341797,84.91000366210938,84.86000061035156,84.88999938964844,69.50567626953125,809000
2016-10-10,84.86000061035156,84.87000274658203,84.83000183105469,84.8499984741211,69.47289276123047,924000
2016-10-11,84.81999969482422,84.8499984741211,84.81999969482422,84.83999633789062,69.46469116210938,1259100
2016-10-12,84.83000183105469,84.83999633789062,84.80000305175781,84.83999633789062,69.46469116210938,1311100
2016-10-13,84.86000061035156,84.88999938964844,84.83999633789062,84.87000274658203,69.48926544189453,5123300
2016-10-14,84.87000274658203,84.9000015258789,84.8499984741211,84.8499984741211,69.47289276123047,1481100
2016-10-17,84.9000015258789,84.93000030517578,84.88999938964844,84.91999816894531,69.53019714355469,3860400
2016-10-18,84.91999816894531,84.94999694824219,84.87999725341797,84.94999694824219,69.55477905273438,2067400
2016-10-19,84.93000030517578,84.95999908447266,84.91999816894531,84.94999694824219,69.55477905273438,643300
2016-10-20,84.94999694824219,84.94999694824219,84.9000015258789,84.91000366210938,69.52205657958984,2593200
2016-10-21,84.93000030517578,84.94000244140625,84.9000015258789,84.93000030517578,69.53839111328125,1041900
2016-10-24,84.91999816894531,84.93000030517578,84.87999725341797,84.9000015258789,69.5138168334961,582600
2016-10-25,84.88999938964844,84.91999816894531,84.87000274658203,84.9000015258789,69.5138168334961,3762400
2016-10-26,84.87999725341797,84.88999938964844,84.86000061035156,84.87000274658203,69.48926544189453,517000
2016-10-27,84.87000274658203,84.88999938964844,84.83999633789062,84.88999938964844,69.50567626953125,724800
2016-10-28,84.86000061035156,84.93000030517578,84.86000061035156,84.88999938964844,69.50567626953125,1229300
2016-10-31,84.91999816894531,84.94999694824219,84.91999816894531,84.94999694824219,69.55477905273438,1346300
2016-11-01,84.87000274658203,84.94000244140625,84.86000061035156,84.9000015258789,69.5555648803711,8239600
2016-11-02,84.93000030517578,84.97000122070312,84.91000366210938,84.94999694824219,69.5965576171875,1516600
2016-11-03,84.91999816894531,84.95999908447266,84.91999816894531,84.95999908447266,69.60478973388672,2616600
2016-11-04,84.94999694824219,85.0,84.94000244140625,84.98999786376953,69.62934875488281,2108300
2016-11-07,84.93000030517578,84.95999908447266,84.91999816894531,84.95999908447266,69.60478973388672,2698400
2016-11-08,84.93000030517578,84.94000244140625,84.86000061035156,84.87000274658203,69.53102111816406,1944600
2016-11-09,84.88999938964844,84.91000366210938,84.76000213623047,84.76000213623047,69.44087982177734,1784100
2016-11-10,84.79000091552734,84.83999633789062,84.7300033569336,84.7300033569336,69.41632843017578,1927100
2016-11-11,84.75,84.7699966430664,84.69999694824219,84.7300033569336,69.41632843017578,3405000
2016-11-14,84.63999938964844,84.69000244140625,84.5999984741211,84.5999984741211,69.30982208251953,18305000
2016-11-15,84.5999984741211,84.62999725341797,84.58999633789062,84.62999725341797,69.33440399169922,2080800
2016-11-16,84.61000061035156,84.63999938964844,84.58000183105469,84.62000274658203,69.32620239257812,1007900
2016-11-17,84.62000274658203,84.62999725341797,84.58999633789062,84.61000061035156,69.31798553466797,1145600
2016-11-18,84.58999633789062,84.61000061035156,84.52999877929688,84.55999755859375,69.27703857421875,2044500
2016-11-21,84.55000305175781,84.58000183105469,84.51000213623047,84.55000305175781,69.26885223388672,889300
2016-11-22,84.52999877929688,84.58000183105469,84.5199966430664,84.52999877929688,69.2524642944336,2122600
2016-11-23,84.47000122070312,84.5199966430664,84.44999694824219,84.4800033569336,69.21150970458984,1433600
2016-11-25,84.47000122070312,84.51000213623047,84.45999908447266,84.47000122070312,69.20336151123047,347400
2016-11-28,84.48999786376953,84.55000305175781,84.48999786376953,84.5199966430664,69.24430847167969,1131300
2016-11-29,84.5,84.56999969482422,84.5,84.52999877929688,69.2524642944336,1232600
2016-11-30,84.5,84.54000091552734,84.5,84.5,69.22785949707031,1449700
2016-12-01,84.4000015258789,84.44999694824219,84.37999725341797,84.41000366210938,69.19512176513672,6249100
2016-12-02,84.48999786376953,84.5199966430664,84.47000122070312,84.5,69.26885986328125,2449000
2016-12-05,84.47000122070312,84.5199966430664,84.44000244140625,84.5,69.26885986328125,1785700
2016-12-06,84.51000213623047,84.51000213623047,84.47000122070312,84.4800033569336,69.25248718261719,1325500
2016-12-07,84.5199966430664,84.52999877929688,84.5,84.51000213623047,69.27708435058594,1282700
2016-12-08,84.4800033569336,84.5199966430664,84.4800033569336,84.5,69.26885986328125,1272500
2016-12-09,84.5199966430664,84.5199966430664,84.45999908447266,84.48999786376953,69.26069641113281,1321200
2016-12-12,84.45999908447266,84.48999786376953,84.44999694824219,84.45999908447266,69.23609161376953,931300
2016-12-13,84.45999908447266,84.45999908447266,84.41000366210938,84.44999694824219,69.2278823852539,1926700
2016-12-14,84.44999694824219,84.45999908447266,84.25,84.29000091552734,69.09674072265625,1157600
2016-12-15,84.25,84.29000091552734,84.2300033569336,84.25,69.06394958496094,1355800
2016-12-16,84.2699966430664,84.33000183105469,84.26000213623047,84.29000091552734,69.09674072265625,937900
2016-12-19,84.30999755859375,84.3499984741211,84.30999755859375,84.33000183105469,69.1295394897461,1258800
2016-12-20,84.29000091552734,84.3499984741211,84.27999877929688,84.33999633789062,69.13772583007812,1089800
2016-12-21,84.3499984741211,84.37999725341797,84.33999633789062,84.37999725341797,69.1705322265625,1657900
2016-12-22,84.30999755859375,84.33999633789062,84.30000305175781,84.33999633789062,69.187744140625,1388100
2016-12-23,84.33999633789062,84.33999633789062,84.31999969482422,84.33999633789062,69.187744140625,1058500
2016-12-27,84.29000091552734,84.30999755859375,84.27999877929688,84.30000305175781,69.1549301147461,893600
2016-12-28,84.30000305175781,84.3499984741211,84.27999877929688,84.33000183105469,69.17958068847656,1312300
2016-12-29,84.36000061035156,84.41999816894531,84.3499984741211,84.41999816894531,69.25334930419922,1274800
2016-12-30,84.43000030517578,84.45999908447266,84.41999816894531,84.44999694824219,69.27799987792969,1214600
2017-01-03,84.37000274658203,84.41000366210938,84.3499984741211,84.37999725341797,69.2205810546875,4196100
2017-01-04,84.3499984741211,84.4000015258789,84.3499984741211,84.4000015258789,69.23702239990234,2182500
2017-01-05,84.41000366210938,84.48999786376953,84.4000015258789,84.45999908447266,69.28618621826172,1614200
2017-01-06,84.41000366210938,84.43000030517578,84.37999725341797,84.38999938964844,69.22875213623047,919000
2017-01-09,84.43000030517578,84.45999908447266,84.41999816894531,84.45999908447266,69.28618621826172,1014100
2017-01-10,84.44000244140625,84.45999908447266,84.43000030517578,84.43000030517578,69.2615737915039,1125800
2017-01-11,84.47000122070312,84.5,84.41999816894531,84.47000122070312,69.29437255859375,1166800
2017-01-12,84.5,84.51000213623047,84.45999908447266,84.5,69.31901550292969,820900
2017-01-13,84.45999908447266,84.45999908447266,84.38999938964844,84.45999908447266,69.28618621826172,1436300
2017-01-17,84.52999877929688,84.55000305175781,84.5,84.5199966430664,69.33541870117188,1326600
2017-01-18,84.48999786376953,84.5199966430664,84.41999816894531,84.44000244140625,69.26980590820312,996100
2017-01-19,84.38999938964844,84.44000244140625,84.38999938964844,84.41000366210938,69.24517822265625,963500
2017-01-20,84.41999816894531,84.5,84.41999816894531,84.45999908447266,69.28618621826172,1134400
2017-01-23,84.5199966430664,84.56999969482422,84.48999786376953,84.54000091552734,69.35181427001953,1546900
2017-01-24,84.52999877929688,84.52999877929688,84.4800033569336,84.48999786376953,69.31077575683594,5300100
2017-01-25,84.4800033569336,84.4800033569336,84.44000244140625,84.47000122070312,69.29437255859375,1454500
2017-01-26,84.45999908447266,84.5,84.44000244140625,84.4800033569336,69.30261993408203,1658000
2017-01-27,84.48999786376953,84.52999877929688,84.48999786376953,84.5199966430664,69.33541870117188,1184700
2017-01-30,84.5199966430664,84.54000091552734,84.5,84.5199966430664,69.33541870117188,1381300
2017-01-31,84.51000213623047,84.56999969482422,84.51000213623047,84.54000091552734,69.35181427001953,1207800
2017-02-01,84.41000366210938,84.5,84.37999725341797,84.45999908447266,69.32801055908203,2079600
2017-02-02,84.4800033569336,84.51000213623047,84.47000122070312,84.48999786376953,69.35263061523438,1341800
2017-02-03,84.5199966430664,84.55000305175781,84.45999908447266,84.45999908447266,69.32801055908203,1433300
2017-02-06,84.52999877929688,84.56999969482422,84.5199966430664,84.55000305175781,69.40189361572266,1663400
2017-02-07,84.55999755859375,84.58000183105469,84.52999877929688,84.52999877929688,69.38546752929688,730000
2017-02-08,84.56999969482422,84.61000061035156,84.55000305175781,84.61000061035156,69.45112609863281,1197000
2017-02-09,84.58000183105469,84.58999633789062,84.5199966430664,84.54000091552734,69.3936996459961,1149800
2017-02-10,84.51000213623047,84.55000305175781,84.51000213623047,84.52999877929688,69.38546752929688,968400
2017-02-13,84.5,84.5199966430664,84.48999786376953,84.51000213623047,69.36905670166016,666000
2017-02-14,84.48999786376953,84.51000213623047,84.43000030517578,84.44999694824219,69.31979370117188,781100
2017-02-15,84.4000015258789,84.44000244140625,84.38999938964844,84.41999816894531,69.295166015625,963900
2017-02-16,84.44999694824219,84.5,84.43000030517578,84.45999908447266,69.32801055908203,1933700
2017-02-17,84.52999877929688,84.54000091552734,84.5,84.5199966430664,69.37724304199219,986600
2017-02-21,84.51000213623047,84.52999877929688,84.48999786376953,84.52999877929688,69.38546752929688,840400
2017-02-22,84.55000305175781,84.56999969482422,84.48999786376953,84.55000305175781,69.40189361572266,695300
2017-02-23,84.56999969482422,84.5999984741211,84.56999969482422,84.58999633789062,69.4346923828125,1517100
2017-02-24,84.62000274658203,84.66999816894531,84.62000274658203,84.62999725341797,69.46754455566406,587700
2017-02-27,84.63999938964844,84.63999938964844,84.55000305175781,84.55999755859375,69.41007232666016,1030700
2017-02-28,84.56999969482422,84.5999984741211,84.5199966430664,84.5199966430664,69.37724304199219,1043500
2017-03-01,84.37000274658203,84.4000015258789,84.36000061035156,84.4000015258789,69.32305908203125,1541500
2017-03-02,84.3499984741211,84.36000061035156,84.29000091552734,84.30999755859375,69.2491226196289,930300
2017-03-03,84.31999969482422,84.36000061035156,84.30000305175781,84.33000183105469,69.26557922363281,1569200
2017-03-06,84.33999633789062,84.36000061035156,84.33000183105469,84.3499984741211,69.281982421875,684600
2017-03-07,84.33000183105469,84.33999633789062,84.30000305175781,84.31999969482422,69.25731658935547,652600
2017-03-08,84.25,84.29000091552734,84.23999786376953,84.25,69.1998291015625,862700
2017-03-09,84.26000213623047,84.2699966430664,84.2300033569336,84.23999786376953,69.19158935546875,862900
2017-03-10,84.26000213623047,84.29000091552734,84.25,84.29000091552734,69.23270416259766,784400
2017-03-13,84.27999877929688,84.29000091552734,84.25,84.25,69.1998291015625,884100
2017-03-14,84.23999786376953,84.29000091552734,84.23999786376953,84.23999786376953,69.19158935546875,966000
2017-03-15,84.26000213623047,84.41000366210938,84.23999786376953,84.4000015258789,69.32305908203125,1102800
2017-03-16,84.3499984741211,84.38999938964844,84.33999633789062,84.33999633789062,69.27375030517578,925700
2017-03-17,84.37999725341797,84.41000366210938,84.36000061035156,84.37999725341797,69.30662536621094,657800
2017-03-20,84.4000015258789,84.43000030517578,84.37999725341797,84.43000030517578,69.34769439697266,778000
2017-03-21,84.41999816894531,84.4800033569336,84.41000366210938,84.47000122070312,69.38052368164062,739000
2017-03-22,84.51000213623047,84.52999877929688,84.48999786376953,84.48999786376953,69.39696502685547,1028600
2017-03-23,84.51000213623047,84.52999877929688,84.45999908447266,84.48999786376953,69.39696502685547,868200
2017-03-24,84.4800033569336,84.5199966430664,84.47000122070312,84.48999786376953,69.39696502685547,1119700
2017-03-27,84.54000091552734,84.56999969482422,84.51000213623047,84.5199966430664,69.42164611816406,943400
2017-03-28,84.54000091552734,84.55000305175781,84.45999908447266,84.4800033569336,69.38873291015625,782600
2017-03-29,84.5,84.52999877929688,84.5,84.52999877929688,69.4298095703125,1043900
2017-03-30,84.5,84.52999877929688,84.48999786376953,84.51000213623047,69.41339874267578,576900
2017-03-31,84.52999877929688,84.55999755859375,84.5199966430664,84.5199966430664,69.42164611816406,949900
2017-04-03,84.4800033569336,84.54000091552734,84.4800033569336,84.54000091552734,69.4857177734375,2146600
2017-04-04,84.5199966430664,84.5199966430664,84.48999786376953,84.51000213623047,69.46107482910156,927100
2017-04-05,84.5,84.54000091552734,84.47000122070312,84.51000213623047,69.46107482910156,1177000
2017-04-06,84.5,84.52999877929688,84.48999786376953,84.52999877929688,69.47749328613281,500800
2017-04-07,84.51000213623047,84.54000091552734,84.41999816894531,84.41999816894531,69.38709259033203,504000
2017-04-10,84.44999694824219,84.48999786376953,84.44000244140625,84.45999908447266,69.41996002197266,605700
2017-04-11,84.5,84.56999969482422,84.5,84.54000091552734,69.4857177734375,560800
2017-04-12,84.55999755859375,84.5999984741211,84.52999877929688,84.5999984741211,69.53506469726562,576200
2017-04-13,84.58999633789062,84.63999938964844,84.58000183105469,84.63999938964844,69.56795501708984,969900
2017-04-17,84.62999725341797,84.6500015258789,84.61000061035156,84.62999725341797,69.55966186523438,727700
2017-04-18,84.6500015258789,84.69999694824219,84.6500015258789,84.69999694824219,69.61725616455078,905300
2017-04-19,84.66999816894531,84.69000244140625,84.6500015258789,84.66000366210938,69.58436584472656,968300
2017-04-20,84.63999938964844,84.66999816894531,84.62999725341797,84.6500015258789,69.57614135742188,668300
2017-04-21,84.66999816894531,84.69999694824219,84.66000366210938,84.69000244140625,69.6090087890625,589800
2017-04-24,84.58999633789062,84.62000274658203,84.56999969482422,84.5999984741211,69.53506469726562,1001600
2017-04-25,84.55999755859375,84.56999969482422,84.5199966430664,84.5199966430664,69.46929168701172,905900
2017-04-26,84.55000305175781,84.56999969482422,84.5199966430664,84.55000305175781,69.49394989013672,594300
2017-04-27,84.55999755859375,84.62000274658203,84.55999755859375,84.58000183105469,69.51860046386719,785200
2017-04-28,84.56999969482422,84.62000274658203,84.55999755859375,84.62000274658203,69.5514907836914,1708200
2017-05-01,84.5199966430664,84.55000305175781,84.48999786376953,84.5,69.50379180908203,2918600
2017-05-02,84.5,84.55000305175781,84.5,84.52999877929688,69.5284194946289,982500
2017-05-03,84.52999877929688,84.52999877929688,84.47000122070312,84.47000122070312,69.47909545898438,923400
2017-05-04,84.44999694824219,84.4800033569336,84.44000244140625,84.45999908447266,69.47085571289062,817400
2017-05-05,84.45999908447266,84.48999786376953,84.44999694824219,84.48999786376953,69.49554443359375,615200
2017-05-08,84.47000122070312,84.47000122070312,84.43000030517578,84.44999694824219,69.462646484375,633500
2017-05-09,84.41999816894531,84.44000244140625,84.4000015258789,84.41000366210938,69.42971801757812,802100
2017-05-10,84.44999694824219,84.44999694824219,84.41000366210938,84.43000030517578,69.44619750976562,665700
2017-05-11,84.38999938964844,84.45999908447266,84.38999938964844,84.44000244140625,69.45443725585938,545700
2017-05-12,84.5,84.55000305175781,84.5,84.54000091552734,69.53668975830078,470500
2017-05-15,84.51000213623047,84.54000091552734,84.51000213623047,84.52999877929688,69.5284194946289,751400
2017-05-16,84.5199966430664,84.55000305175781,84.5,84.52999877929688,69.5284194946289,611900
2017-05-17,84.58999633789062,84.63999938964844,84.58000183105469,84.62000274658203,69.60247039794922,663200
2017-05-18,84.62000274658203,84.62000274658203,84.58000183105469,84.58000183105469,69.56956481933594,829100
2017-05-19,84.61000061035156,84.61000061035156,84.55999755859375,84.5999984741211,69.5860366821289,503800
2017-05-22,84.58000183105469,84.58999633789062,84.56999969482422,84.56999969482422,69.56133270263672,478000
2017-05-23,84.58000183105469,84.5999984741211,84.51000213623047,84.54000091552734,69.53668975830078,1060200
2017-05-24,84.55000305175781,84.58999633789062,84.5199966430664,84.58999633789062,69.57778930664062,1055200
2017-05-25,84.56999969482422,84.5999984741211,84.56999969482422,84.58999633789062,69.57778930664062,644300
2017-05-26,84.58999633789062,84.5999984741211,84.56999969482422,84.58000183105469,69.56956481933594,482100
2017-05-30,84.5999984741211,84.61000061035156,84.58999633789062,84.61000061035156,69.59426879882812,486600
2017-05-31,84.62000274658203,84.62999725341797,84.5999984741211,84.62000274658203,69.60247039794922,1043200
2017-06-01,84.5,84.54000091552734,84.5,84.54000091552734,69.58932495117188,1191800
2017-06-02,84.56999969482422,84.5999984741211,84.55999755859375,84.5999984741211,69.6386947631836,1068700
2017-06-05,84.55000305175781,84.55000305175781,84.52999877929688,84.52999877929688,69.5810775756836,661500
2017-06-06,84.56999969482422,84.58000183105469,84.55000305175781,84.55999755859375,69.6057357788086,688000
2017-06-07,84.52999877929688,84.55000305175781,84.5199966430664,84.52999877929688,69.5810775756836,765900
2017-06-08,84.51000213623047,84.52999877929688,84.5,84.51000213623047,69.56462097167969,2621000
2017-06-09,84.4800033569336,84.51000213623047,84.47000122070312,84.4800033569336,69.5399169921875,1255200
2017-06-12,84.45999908447266,84.5,84.45999908447266,84.47000122070312,69.53168487548828,804700
2017-06-13,84.44999694824219,84.4800033569336,84.44999694824219,84.47000122070312,69.53168487548828,533300
2017-06-14,84.55999755859375,84.5999984741211,84.48999786376953,84.51000213623047,69.56462097167969,788800
2017-06-15,84.48999786376953,84.48999786376953,84.47000122070312,84.4800033569336,69.5399169921875,627600
2017-06-16,84.5,84.54000091552734,84.5,84.5199966430664,69.5728530883789,685600
2017-06-19,84.4800033569336,84.48999786376953,84.44999694824219,84.47000122070312,69.53168487548828,617700
2017-06-20,84.44999694824219,84.48999786376953,84.44999694824219,84.4800033569336,69.5399169921875,751400
2017-06-21,84.45999908447266,84.51000213623047,84.45999908447266,84.48999786376953,69.54814147949219,1073600
2017-06-22,84.5199966430664,84.54000091552734,84.5,84.5,69.55638885498047,542000
2017-06-23,84.52999877929688,84.55000305175781,84.51000213623047,84.55000305175781,69.5975570678711,679000
2017-06-26,84.5199966430664,84.55000305175781,84.5199966430664,84.55000305175781,69.5975570678711,1068500
2017-06-27,84.5,84.51000213623047,84.4800033569336,84.5,69.55638885498047,1192500
2017-06-28,84.5199966430664,84.54000091552734,84.51000213623047,84.54000091552734,69.58932495117188,4031800
2017-06-29,84.4800033569336,84.51000213623047,84.4800033569336,84.48999786376953,69.54814147949219,565400
2017-06-30,84.5199966430664,84.5199966430664,84.47000122070312,84.48999786376953,69.54814147949219,825000
2017-07-03,84.41999816894531,84.41999816894531,84.3499984741211,84.36000061035156,69.4962387084961,968100
2017-07-05,84.36000061035156,84.41000366210938,84.3499984741211,84.38999938964844,69.52091217041016,3032900
2017-07-06,84.38999938964844,84.41000366210938,84.37000274658203,84.41000366210938,69.53740692138672,652900
2017-07-07,84.41000366210938,84.43000030517578,84.37999725341797,84.4000015258789,69.5291748046875,783100
2017-07-10,84.43000030517578,84.44000244140625,84.41999816894531,84.44000244140625,69.56218719482422,402500
2017-07-11,84.41999816894531,84.47000122070312,84.41999816894531,84.47000122070312,69.58687591552734,1615500
2017-07-12,84.51000213623047,84.52999877929688,84.4800033569336,84.51000213623047,69.61981964111328,1069900
2017-07-13,84.4800033569336,84.5,84.45999908447266,84.47000122070312,69.58687591552734,532200
2017-07-14,84.54000091552734,84.55000305175781,84.5,84.51000213623047,69.61981964111328,1362300
2017-07-17,84.5,84.52999877929688,84.48999786376953,84.5199966430664,69.6280517578125,496700
2017-07-18,84.5199966430664,84.54000091552734,84.5199966430664,84.54000091552734,69.64453887939453,625500
2017-07-19,84.52999877929688,84.54000091552734,84.5199966430664,84.54000091552734,69.64453887939453,919000
2017-07-20,84.55000305175781,84.55999755859375,84.52999877929688,84.54000091552734,69.64453887939453,1083200
2017-07-21,84.55000305175781,84.58000183105469,84.55000305175781,84.58000183105469,69.67752838134766,589600
2017-07-24,84.54000091552734,84.55999755859375,84.54000091552734,84.55000305175781,69.65279388427734,441000
2017-07-25,84.51000213623047,84.5199966430664,84.4800033569336,84.5,69.6115951538086,571600
2017-07-26,84.5,84.56999969482422,84.5,84.55999755859375,69.66098022460938,493400
2017-07-27,84.54000091552734,84.55999755859375,84.52999877929688,84.54000091552734,69.64453887939453,475400
2017-07-28,84.55999755859375,84.58999633789062,84.55000305175781,84.58999633789062,69.68572235107422,709100
2017-07-31,84.55999755859375,84.58999633789062,84.55999755859375,84.58000183105469,69.67752838134766,876400
2017-08-01,84.48999786376953,84.54000091552734,84.48999786376953,84.54000091552734,69.70306396484375,1314500
2017-08-02,84.48999786376953,84.52999877929688,84.48999786376953,84.5,69.67007446289062,994200
2017-08-03,84.52999877929688,84.55000305175781,84.51000213623047,84.52999877929688,69.69479370117188,1149200
2017-08-04,84.5199966430664,84.52999877929688,84.5,84.5,69.67007446289062,617200
2017-08-07,84.51000213623047,84.52999877929688,84.5,84.52999877929688,69.69479370117188,712300
2017-08-08,84.52999877929688,84.52999877929688,84.48999786376953,84.52999877929688,69.69479370117188,747200
2017-08-09,84.56999969482422,84.5999984741211,84.5199966430664,84.5199966430664,69.68656158447266,734300
2017-08-10,84.55000305175781,84.58000183105469,84.55000305175781,84.55000305175781,69.71131134033203,959700
2017-08-11,84.58000183105469,84.66000366210938,84.58000183105469,84.66000366210938,69.80199432373047,737100
2017-08-14,84.62999725341797,84.63999938964844,84.58000183105469,84.58999633789062,69.7442626953125,405500
2017-08-15,84.55999755859375,84.56999969482422,84.54000091552734,84.55000305175781,69.71131134033203,432300
2017-08-16,84.52999877929688,84.61000061035156,84.52999877929688,84.5999984741211,69.75251007080078,655500
2017-08-17,84.5999984741211,84.63999938964844,84.58000183105469,84.62000274658203,69.76901245117188,581400
2017-08-18,84.66000366210938,84.66999816894531,84.61000061035156,84.61000061035156,69.76078796386719,674000
2017-08-21,84.62000274658203,84.66000366210938,84.62000274658203,84.62999725341797,69.77722930908203,928700
2017-08-22,84.62999725341797,84.62999725341797,84.58999633789062,84.62000274658203,69.76901245117188,1012100
2017-08-23,84.62000274658203,84.69999694824219,84.62000274658203,84.69999694824219,69.8349609375,438300
2017-08-24,84.63999938964844,84.63999938964844,84.5999984741211,84.62000274658203,69.76901245117188,494800
2017-08-25,84.62000274658203,84.6500015258789,84.58999633789062,84.6500015258789,69.79375457763672,513700
2017-08-28,84.63999938964844,84.6500015258789,84.62000274658203,84.62000274658203,69.76901245117188,866300
2017-08-29,84.69999694824219,84.69999694824219,84.6500015258789,84.66000366210938,69.80199432373047,1181800
2017-08-30,84.66000366210938,84.68000030517578,84.63999938964844,84.68000030517578,69.81844329833984,665700
2017-08-31,84.66999816894531,84.68000030517578,84.6500015258789,84.68000030517578,69.81844329833984,582500
2017-09-01,84.5999984741211,84.62000274658203,84.55000305175781,84.58999633789062,69.80359649658203,943600
2017-09-05,84.62999725341797,84.68000030517578,84.62000274658203,84.66999816894531,69.86962127685547,851600
2017-09-06,84.66000366210938,84.68000030517578,84.62999725341797,84.66000366210938,69.861328125,1118700
2017-09-07,84.69000244140625,84.72000122070312,84.66999816894531,84.70999908447266,69.90264892578125,483000
2017-09-08,84.69999694824219,84.72000122070312,84.68000030517578,84.69000244140625,69.88611602783203,486800
2017-09-11,84.66000366210938,84.66999816894531,84.61000061035156,84.61000061035156,69.82011413574219,1052500
2017-09-12,84.5999984741211,84.62000274658203,84.56999969482422,84.56999969482422,69.7870864868164,1752600
2017-09-13,84.58999633789062,84.58999633789062,84.55000305175781,84.55000305175781,69.77061462402344,568300
2017-09-14,84.52999877929688,84.56999969482422,84.5199966430664,84.55999755859375,69.77883911132812,849400
2017-09-15,84.55999755859375,84.55999755859375,84.5199966430664,84.55000305175781,69.77061462402344,581600
2017-09-18,84.5,84.52999877929688,84.5,84.5,69.7293701171875,621600
2017-09-19,84.5199966430664,84.52999877929688,84.5,84.51000213623047,69.73758697509766,433300
2017-09-20,84.54000091552734,84.55000305175781,84.44000244140625,84.44000244140625,69.6798324584961,830900
2017-09-21,84.44999694824219,84.4800033569336,84.41999816894531,84.41999816894531,69.6633071899414,949800
2017-09-22,84.47000122070312,84.5,84.44000244140625,84.44000244140625,69.6798324584961,529800
2017-09-25,84.47000122070312,84.5199966430664,84.45999908447266,84.48999786376953,69.72103118896484,587700
2017-09-26,84.48999786376953,84.5,84.47000122070312,84.47000122070312,69.70462036132812,922400
2017-09-27,84.44000244140625,84.45999908447266,84.44000244140625,84.45999908447266,69.69633483886719,462400
2017-09-28,84.47000122070312,84.48999786376953,84.44999694824219,84.47000122070312,69.70462036132812,290800
2017-09-29,84.4800033569336,84.5,84.41999816894531,84.44999694824219,69.68807983398438,880700
2017-10-02,84.37999725341797,84.44000244140625,84.33000183105469,84.44000244140625,69.7401123046875,1087400
2017-10-03,84.37000274658203,84.41000366210938,84.3499984741211,84.38999938964844,69.69882202148438,1170200
2017-10-04,84.37999725341797,84.55000305175781,84.3499984741211,84.55000305175781,69.83097076416016,1180600
2017-10-05,84.36000061035156,84.37999725341797,84.33999633789062,84.37000274658203,69.6822738647461,2329400
2017-10-06,84.30000305175781,84.37000274658203,84.29000091552734,84.33999633789062,69.65748596191406,699200
2017-10-09,84.38999938964844,84.41999816894531,84.33000183105469,84.33999633789062,69.65748596191406,504000
2017-10-10,84.33000183105469,84.37999725341797,84.33000183105469,84.36000061035156,69.67405700683594,700800
2017-10-11,84.33999633789062,84.36000061035156,84.31999969482422,84.3499984741211,69.66576385498047,1205200
2017-10-12,84.33000183105469,84.36000061035156,84.33000183105469,84.33999633789062,69.65748596191406,1248900
2017-10-13,84.37000274658203,84.38999938964844,84.3499984741211,84.38999938964844,69.69882202148438,667800
2017-10-16,84.33999633789062,84.36000061035156,84.30000305175781,84.30999755859375,69.63275146484375,586700
2017-10-17,84.29000091552734,84.31999969482422,84.29000091552734,84.31999969482422,69.6409912109375,818800
2017-10-18,84.26000213623047,84.30000305175781,84.25,84.29000091552734,69.6162338256836,500100
2017-10-19,84.30999755859375,84.3499984741211,84.30000305175781,84.33999633789062,69.65748596191406,524300
2017-10-20,84.30000305175781,84.31999969482422,84.2699966430664,84.29000091552734,69.6162338256836,437100
2017-10-23,84.29000091552734,84.31999969482422,84.29000091552734,84.29000091552734,69.6162338256836,582200
2017-10-24,84.30000305175781,84.30000305175781,84.2699966430664,84.2699966430664,69.5997543334961,2554600
2017-10-25,84.25,84.30000305175781,84.25,84.25,69.58320617675781,1726900
2017-10-26,84.2699966430664,84.29000091552734,84.23999786376953,84.25,69.58320617675781,553700
2017-10-27,84.25,84.31999969482422,84.23999786376953,84.30999755859375,69.63275146484375,698100
2017-10-30,84.33999633789062,84.3499984741211,84.30000305175781,84.3499984741211,69.66576385498047,432400
2017-10-31,84.3499984741211,84.3499984741211,84.27999877929688,84.30000305175781,69.62447357177734,626100
2017-11-01,84.16999816894531,84.20999908447266,84.16999816894531,84.20999908447266,69.61458587646484,840300
2017-11-02,84.2300033569336,84.23999786376953,84.18000030517578,84.2300033569336,69.6310806274414,1821000
2017-11-03,84.26000213623047,84.26000213623047,84.18000030517578,84.18000030517578,69.58977508544922,1300400
2017-11-06,84.19000244140625,84.2300033569336,84.19000244140625,84.2300033569336,69.6310806274414,947400
2017-11-07,84.2300033569336,84.2300033569336,84.19000244140625,84.19000244140625,69.5980453491211,747300
2017-11-08,84.18000030517578,84.22000122070312,84.16999816894531,84.18000030517578,69.58977508544922,726500
2017-11-09,84.18000030517578,84.22000122070312,84.16000366210938,84.16999816894531,69.58150482177734,769200
2017-11-10,84.20999908447266,84.20999908447266,84.13999938964844,84.13999938964844,69.55670928955078,619300
2017-11-13,84.16000366210938,84.16999816894531,84.12999725341797,84.12999725341797,69.54838562011719,632800
2017-11-14,84.12999725341797,84.1500015258789,84.12000274658203,84.1500015258789,69.56498718261719,2678000
2017-11-15,84.18000030517578,84.18000030517578,84.11000061035156,84.12000274658203,69.54014587402344,3981000
2017-11-16,84.0999984741211,84.12999725341797,84.08000183105469,84.12999725341797,69.54838562011719,3046700
2017-11-17,84.13999938964844,84.13999938964844,84.08000183105469,84.08000183105469,69.5071029663086,1339800
2017-11-20,84.11000061035156,84.11000061035156,84.05000305175781,84.05000305175781,69.48229217529297,557600
2017-11-21,84.06999969482422,84.06999969482422,84.0199966430664,84.02999877929688,69.46573638916016,584500
2017-11-22,84.08000183105469,84.12000274658203,84.05999755859375,84.0999984741211,69.52361297607422,900900
2017-11-24,84.16000366210938,84.16000366210938,84.08000183105469,84.0999984741211,69.52361297607422,626000
2017-11-27,84.08999633789062,84.12000274658203,84.06999969482422,84.0999984741211,69.52361297607422,1079000
2017-11-28,84.12999725341797,84.12999725341797,84.08000183105469,84.11000061035156,69.5318603515625,564300
2017-11-29,84.08000183105469,84.08999633789062,84.05000305175781,84.08999633789062,69.51539611816406,670600
2017-11-30,84.11000061035156,84.11000061035156,84.0199966430664,84.04000091552734,69.4740219116211,1010700
2017-12-01,83.9800033569336,84.04000091552734,83.91999816894531,83.9800033569336,69.4897232055664,1133000
2017-12-04,83.97000122070312,83.97000122070312,83.91000366210938,83.93000030517578,69.44841003417969,2441200
2017-12-05,83.95999908447266,83.95999908447266,83.88999938964844,83.91999816894531,69.44010162353516,1422200
2017-12-06,84.02999877929688,84.02999877929688,83.94000244140625,83.95999908447266,69.47320556640625,1175600
2017-12-07,83.9800033569336,83.9800033569336,83.94000244140625,83.97000122070312,69.48150634765625,1168200
2017-12-08,83.98999786376953,84.0,83.95999908447266,83.97000122070312,69.48150634765625,923000
2017-12-11,83.9800033569336,83.9800033569336,83.91999816894531,83.93000030517578,69.44841003417969,2432000
2017-12-12,83.93000030517578,83.94000244140625,83.9000015258789,83.93000030517578,69.44841003417969,992500
2017-12-13,84.0,84.06999969482422,83.93000030517578,84.0199966430664,69.52287292480469,1112400
2017-12-14,84.0,84.0,83.94999694824219,83.98999786376953,69.49803161621094,1471900
2017-12-15,83.95999908447266,83.95999908447266,83.91000366210938,83.94999694824219,69.46491241455078,983800
2017-12-18,83.95999908447266,83.97000122070312,83.93000030517578,83.94999694824219,69.46491241455078,664900
2017-12-19,83.94000244140625,83.94000244140625,83.9000015258789,83.91000366210938,69.43183898925781,760000
2017-12-20,83.91000366210938,83.94000244140625,83.9000015258789,83.91999816894531,69.44010162353516,840100
2017-12-21,83.83999633789062,83.83999633789062,83.80000305175781,83.81999969482422,69.43514251708984,964500
2017-12-22,83.80000305175781,83.81999969482422,83.79000091552734,83.79000091552734,69.4102783203125,1050900
2017-12-26,83.7699966430664,83.80999755859375,83.7699966430664,83.77999877929688,69.40201568603516,1185500
2017-12-27,83.80000305175781,83.81999969482422,83.79000091552734,83.81999969482422,69.43514251708984,1122300
2017-12-28,83.80999755859375,83.83999633789062,83.80000305175781,83.83000183105469,69.44342041015625,1108200
2017-12-29,83.86000061035156,83.87000274658203,83.83999633789062,83.8499984741211,69.45996856689453,1210700
2018-01-02,83.8499984741211,83.8499984741211,83.79000091552734,83.81999969482422,69.43514251708984,1786000
2018-01-03,83.80999755859375,83.83999633789062,83.79000091552734,83.81999969482422,69.43514251708984,1040900
2018-01-04,83.7699966430664,83.80000305175781,83.75,83.77999877929688,69.40201568603516,955400
2018-01-05,83.7699966430664,83.79000091552734,83.76000213623047,83.77999877929688,69.40201568603516,850600
2018-01-08,83.80000305175781,83.80000305175781,83.76000213623047,83.77999877929688,69.40201568603516,597700
2018-01-09,83.80000305175781,83.80000305175781,83.75,83.75,69.37714385986328,1551100
2018-01-10,83.77999877929688,83.77999877929688,83.73999786376953,83.77999877929688,69.40201568603516,789500
2018-01-11,83.7699966430664,83.79000091552734,83.75,83.75,69.37714385986328,1047900
2018-01-12,83.80000305175781,83.80000305175781,83.72000122070312,83.73999786376953,69.36885833740234,905000
2018-01-16,83.66000366210938,83.75,83.66000366210938,83.7300033569336,69.360595703125,2707400
2018-01-17,83.72000122070312,83.72000122070312,83.68000030517578,83.69999694824219,69.33573150634766,2950800
2018-01-18,83.68000030517578,83.69999694824219,83.66000366210938,83.68000030517578,69.31916046142578,1090700
2018-01-19,83.69999694824219,83.70999908447266,83.66000366210938,83.70999908447266,69.34403228759766,1052000
2018-01-22,83.68000030517578,83.68000030517578,83.6500015258789,83.66999816894531,69.31087493896484,973500
2018-01-23,83.68000030517578,83.72000122070312,83.68000030517578,83.72000122070312,69.352294921875,885600
2018-01-24,83.70999908447266,83.70999908447266,83.66999816894531,83.69999694824219,69.33573150634766,865700
2018-01-25,83.69000244140625,83.69999694824219,83.63999938964844,83.68000030517578,69.31916046142578,757200
2018-01-26,83.70999908447266,83.70999908447266,83.62000274658203,83.62999725341797,69.2777328491211,990600
2018-01-29,83.61000061035156,83.62000274658203,83.58000183105469,83.5999984741211,69.25286102294922,1440100
2018-01-30,83.6500015258789,83.6500015258789,83.58999633789062,83.61000061035156,69.26114654541016,1708600
2018-01-31,83.63999938964844,83.63999938964844,83.55999755859375,83.61000061035156,69.26114654541016,2078700
2018-02-01,83.5199966430664,83.52999877929688,83.47000122070312,83.48999786376953,69.23295593261719,2243800
2018-02-02,83.4800033569336,83.5199966430664,83.44000244140625,83.5,69.24127960205078,1825500
2018-02-05,83.44999694824219,83.68000030517578,83.44999694824219,83.6500015258789,69.36565399169922,2019800
2018-02-06,83.51000213623047,83.6500015258789,83.51000213623047,83.58999633789062,69.3158950805664,2386700
2018-02-07,83.5199966430664,83.58000183105469,83.48999786376953,83.52999877929688,69.26611328125,2054000
2018-02-08,83.52999877929688,83.56999969482422,83.4800033569336,83.54000091552734,69.27445220947266,1178600
2018-02-09,83.54000091552734,83.69999694824219,83.5199966430664,83.61000061035156,69.33250427246094,3159900
2018-02-12,83.58999633789062,83.58999633789062,83.54000091552734,83.56999969482422,69.29930114746094,1592800
2018-02-13,83.55000305175781,83.56999969482422,83.52999877929688,83.56999969482422,69.29930114746094,1292800
2018-02-14,83.5,83.5,83.43000030517578,83.44999694824219,69.19979095458984,953400
2018-02-15,83.44000244140625,83.45999908447266,83.4000015258789,83.41999816894531,69.17491912841797,1452800
2018-02-16,83.37000274658203,83.47000122070312,83.37000274658203,83.44000244140625,69.19153594970703,728400
2018-02-20,83.41000366210938,83.44000244140625,83.41000366210938,83.43000030517578,69.18323516845703,1448400
2018-02-21,83.43000030517578,83.44999694824219,83.37999725341797,83.44000244140625,69.19153594970703,1540700
2018-02-22,83.44999694824219,83.45999908447266,83.41000366210938,83.44999694824219,69.19979095458984,839300
2018-02-23,83.47000122070312,83.5,83.44999694824219,83.47000122070312,69.21638488769531,753800
2018-02-26,83.51000213623047,83.54000091552734,83.4800033569336,83.4800033569336,69.22470092773438,1445800
2018-02-27,83.52999877929688,83.52999877929688,83.41000366210938,83.41999816894531,69.17491912841797,852300
2018-02-28,83.44999694824219,83.47000122070312,83.43000030517578,83.44000244140625,69.19153594970703,3721300
2018-03-01,83.38999938964844,83.48999786376953,83.36000061035156,83.47000122070312,69.28781127929688,2049900
2018-03-02,83.44999694824219,83.44999694824219,83.4000015258789,83.43000030517578,69.25462341308594,1716600
2018-03-05,83.44999694824219,83.47000122070312,83.4000015258789,83.43000030517578,69.25462341308594,1112200
2018-03-06,83.43000030517578,83.44999694824219,83.4000015258789,83.41000366210938,69.23800659179688,737300
2018-03-07,83.41999816894531,83.44999694824219,83.4000015258789,83.41000366210938,69.23800659179688,1231000
2018-03-08,83.41999816894531,83.44000244140625,83.41000366210938,83.43000030517578,69.25462341308594,608900
2018-03-09,83.38999938964844,83.43000030517578,83.37999725341797,83.38999938964844,69.22136688232422,669000
2018-03-12,83.43000030517578,83.44000244140625,83.38999938964844,83.43000030517578,69.25462341308594,1281200
2018-03-13,83.44999694824219,83.47000122070312,83.43000030517578,83.44999694824219,69.27117919921875,609900
2018-03-14,83.41999816894531,83.48999786376953,83.4000015258789,83.44000244140625,69.26289367675781,1525800
2018-03-15,83.43000030517578,83.47000122070312,83.41999816894531,83.44999694824219,69.27117919921875,1106600
2018-03-16,83.44999694824219,83.44999694824219,83.41000366210938,83.41000366210938,69.23800659179688,878500
2018-03-19,83.4000015258789,83.44999694824219,83.38999938964844,83.41000366210938,69.23800659179688,834900
2018-03-20,83.38999938964844,83.4000015258789,83.36000061035156,83.37999725341797,69.21311950683594,1074700
2018-03-21,83.3499984741211,83.44999694824219,83.33000183105469,83.44000244140625,69.26289367675781,2404500
2018-03-22,83.44000244140625,83.51000213623047,83.44000244140625,83.4800033569336,69.29615020751953,1954900
2018-03-23,83.4800033569336,83.5199966430664,83.45999908447266,83.5,69.31270599365234,1202800
2018-03-26,83.4800033569336,83.5,83.44999694824219,83.45999908447266,69.27950286865234,1729400
2018-03-27,83.45999908447266,83.54000091552734,83.45999908447266,83.5199966430664,69.32935333251953,1732600
2018-03-28,83.54000091552734,83.56999969482422,83.48999786376953,83.52999877929688,69.3376235961914,1899300
2018-03-29,83.5,83.55999755859375,83.5,83.55999755859375,69.36251068115234,2998600
2018-04-02,83.44999694824219,83.52999877929688,83.41999816894531,83.48999786376953,69.38243103027344,3047700
2018-04-03,83.47000122070312,83.4800033569336,83.41999816894531,83.44999694824219,69.34921264648438,3418600
2018-04-04,83.47000122070312,83.47000122070312,83.4000015258789,83.4000015258789,69.30768585205078,1717600
2018-04-05,83.4000015258789,83.43000030517578,83.4000015258789,83.41999816894531,69.32427978515625,1109600
2018-04-06,83.47000122070312,83.48999786376953,83.44000244140625,83.48999786376953,69.38243103027344,1097400
2018-04-09,83.44000244140625,83.4800033569336,83.43000030517578,83.4800033569336,69.37417602539062,1738000
2018-04-10,83.43000030517578,83.45999908447266,83.41000366210938,83.44000244140625,69.34087371826172,1218500
2018-04-11,83.44000244140625,83.45999908447266,83.41999816894531,83.44000244140625,69.34087371826172,985600
2018-04-12,83.41000366210938,83.41000366210938,83.37999725341797,83.38999938964844,69.29931640625,791100
2018-04-13,83.37000274658203,83.38999938964844,83.36000061035156,83.37000274658203,69.2827377319336,1040900
2018-04-16,83.3499984741211,83.37000274658203,83.33000183105469,83.36000061035156,69.2744369506836,1155900
2018-04-17,83.3499984741211,83.36000061035156,83.33000183105469,83.36000061035156,69.2744369506836,892300
2018-04-18,83.30000305175781,83.30999755859375,83.27999877929688,83.29000091552734,69.21625518798828,971700
2018-04-19,83.30000305175781,83.30999755859375,83.2699966430664,83.29000091552734,69.21625518798828,1410800
2018-04-20,83.2699966430664,83.29000091552734,83.25,83.26000213623047,69.19132995605469,904800
2018-04-23,83.26000213623047,83.26000213623047,83.22000122070312,83.25,69.18299865722656,1861100
2018-04-24,83.22000122070312,83.2699966430664,83.20999908447266,83.2699966430664,69.19962310791016,1999400
2018-04-25,83.2300033569336,83.2699966430664,83.2300033569336,83.26000213623047,69.19132995605469,2176400
2018-04-26,83.29000091552734,83.29000091552734,83.25,83.27999877929688,69.2079086303711,2538700
2018-04-27,83.2699966430664,83.30000305175781,83.2699966430664,83.30000305175781,69.22456359863281,1443700
2018-04-30,83.27999877929688,83.30000305175781,83.2699966430664,83.2699966430664,69.19962310791016,1944700
2018-05-01,83.16999816894531,83.18000030517578,83.12999725341797,83.12999725341797,69.16887664794922,2027800
2018-05-02,83.1500015258789,83.16999816894531,83.12999725341797,83.16000366210938,69.19381713867188,1688600
2018-05-03,83.19999694824219,83.2300033569336,83.19999694824219,83.22000122070312,69.2437515258789,2961500
2018-05-04,83.22000122070312,83.23999786376953,83.18000030517578,83.19000244140625,69.21878051757812,1348100
2018-05-07,83.20999908447266,83.22000122070312,83.19000244140625,83.19000244140625,69.21878051757812,7560400
2018-05-08,83.19000244140625,83.19999694824219,83.18000030517578,83.19999694824219,69.22708129882812,9734900
2018-05-09,83.16999816894531,83.18000030517578,83.16000366210938,83.16000366210938,69.19381713867188,1009600
2018-05-10,83.19000244140625,83.19999694824219,83.16000366210938,83.16000366210938,69.19381713867188,937900
2018-05-11,83.18000030517578,83.18000030517578,83.16000366210938,83.16000366210938,69.19381713867188,710200
2018-05-14,83.16999816894531,83.16999816894531,83.1500015258789,83.16000366210938,69.19381713867188,1024700
2018-05-15,83.12000274658203,83.13999938964844,83.08999633789062,83.11000061035156,69.15222930908203,1087000
2018-05-16,83.11000061035156,83.12000274658203,83.0999984741211,83.11000061035156,69.15222930908203,704700
2018-05-17,83.13999938964844,83.13999938964844,83.12000274658203,83.12999725341797,69.16887664794922,1015700
2018-05-18,83.18000030517578,83.19999694824219,83.16999816894531,83.16999816894531,69.2021484375,922800
2018-05-21,83.16000366210938,83.16999816894531,83.1500015258789,83.16999816894531,69.2021484375,1286500
2018-05-22,83.16000366210938,83.18000030517578,83.1500015258789,83.16999816894531,69.2021484375,793000
2018-05-23,83.19999694824219,83.2699966430664,83.19000244140625,83.23999786376953,69.2603759765625,1179600
2018-05-24,83.30000305175781,83.33000183105469,83.29000091552734,83.29000091552734,69.30196380615234,1384800
2018-05-25,83.3499984741211,83.37999725341797,83.3499984741211,83.36000061035156,69.36022186279297,611800
2018-05-29,83.43000030517578,83.63999938964844,83.43000030517578,83.5999984741211,69.55990600585938,2137500
2018-05-30,83.54000091552734,83.54000091552734,83.47000122070312,83.5,69.47669982910156,1674700
2018-05-31,83.48999786376953,83.5,83.43000030517578,83.45999908447266,69.44342803955078,5749300
2018-06-01,83.27999877929688,83.30000305175781,83.25,83.2699966430664,69.39009094238281,3230600
2018-06-04,83.23999786376953,83.26000213623047,83.19999694824219,83.19999694824219,69.3317642211914,1146300
2018-06-05,83.23999786376953,83.29000091552734,83.20999908447266,83.25,69.37338256835938,16965800
2018-06-06,83.22000122070312,83.23999786376953,83.20999908447266,83.22000122070312,69.34844207763672,4984700
2018-06-07,83.20999908447266,83.33999633789062,83.20999908447266,83.30000305175781,69.41513061523438,4351000
2018-06-08,83.27999877929688,83.30999755859375,83.26000213623047,83.27999877929688,69.39839935302734,2376000
2018-06-11,83.2300033569336,83.26000213623047,83.20999908447266,83.25,69.37338256835938,3759000
2018-06-12,83.20999908447266,83.2300033569336,83.20999908447266,83.20999908447266,69.34011840820312,3024700
2018-06-13,83.20999908447266,83.2300033569336,83.13999938964844,83.16999816894531,69.3067398071289,2351600
2018-06-14,83.19000244140625,83.20999908447266,83.18000030517578,83.19999694824219,69.3317642211914,1737400
2018-06-15,83.23999786376953,83.2699966430664,83.2300033569336,83.23999786376953,69.36507415771484,2663700
2018-06-18,83.23999786376953,83.26000213623047,83.2300033569336,83.26000213623047,69.38175201416016,1027000
2018-06-19,83.30000305175781,83.30000305175781,83.2699966430664,83.29000091552734,69.4067611694336,2348500
2018-06-20,83.27999877929688,83.29000091552734,83.23999786376953,83.25,69.37338256835938,1369300
2018-06-21,83.26000213623047,83.30999755859375,83.26000213623047,83.30000305175781,69.41513061523438,825200
2018-06-22,83.30000305175781,83.30999755859375,83.27999877929688,83.30999755859375,69.42343139648438,1154300
2018-06-25,83.31999969482422,83.3499984741211,83.30999755859375,83.33999633789062,69.44842529296875,721300
2018-06-26,83.33999633789062,83.3499984741211,83.31999969482422,83.33999633789062,69.44842529296875,3127700
2018-06-27,83.37999725341797,83.4000015258789,83.3499984741211,83.38999938964844,69.49005126953125,4012200
2018-06-28,83.41000366210938,83.41000366210938,83.36000061035156,83.38999938964844,69.49005126953125,1050000
2018-06-29,83.36000061035156,83.37999725341797,83.3499984741211,83.37000274658203,69.47339630126953,4904600
2018-07-02,83.26000213623047,83.26000213623047,83.19999694824219,83.2300033569336,69.46507263183594,3517800
2018-07-03,83.2300033569336,83.26000213623047,83.20999908447266,83.26000213623047,69.4900894165039,1330300
2018-07-05,83.25,83.2699966430664,83.22000122070312,83.25,69.48174285888672,1892600
2018-07-06,83.2699966430664,83.2699966430664,83.25,83.2699966430664,69.49844360351562,3113200
2018-07-09,83.23999786376953,83.25,83.22000122070312,83.22000122070312,69.45673370361328,1378700
2018-07-10,83.2300033569336,83.2300033569336,83.19999694824219,83.20999908447266,69.44839477539062,2161800
2018-07-11,83.2300033569336,83.23999786376953,83.19999694824219,83.23999786376953,69.47340393066406,953300
2018-07-12,83.20999908447266,83.2300033569336,83.19999694824219,83.2300033569336,69.46507263183594,1299000
2018-07-13,83.25,83.26000213623047,83.2300033569336,83.25,69.48174285888672,1241400
2018-07-16,83.22000122070312,83.2300033569336,83.19999694824219,83.2300033569336,69.46507263183594,1530600
2018-07-17,83.23999786376953,83.23999786376953,83.20999908447266,83.22000122070312,69.45673370361328,2830600
2018-07-18,83.2300033569336,83.2300033569336,83.19999694824219,83.20999908447266,69.44839477539062,972800
2018-07-19,83.20999908447266,83.29000091552734,83.20999908447266,83.25,69.48174285888672,1185300
2018-07-20,83.27999877929688,83.29000091552734,83.23999786376953,83.25,69.48174285888672,1730800
2018-07-23,83.23999786376953,83.25,83.19999694824219,83.19999694824219,69.44003295898438,1083100
2018-07-24,83.20999908447266,83.20999908447266,83.18000030517578,83.20999908447266,69.44839477539062,1563400
2018-07-25,83.20999908447266,83.22000122070312,83.18000030517578,83.18000030517578,69.4233627319336,682800
2018-07-26,83.19999694824219,83.20999908447266,83.1500015258789,83.18000030517578,69.4233627319336,2208500
2018-07-27,83.19000244140625,83.20999908447266,83.18000030517578,83.19000244140625,69.43169403076172,1425300
2018-07-30,83.19000244140625,83.19999694824219,83.18000030517578,83.19000244140625,69.43169403076172,4199600
2018-07-31,83.20999908447266,83.20999908447266,83.19000244140625,83.19000244140625,69.43169403076172,2525700
2018-08-01,83.05000305175781,83.06999969482422,83.04000091552734,83.05999755859375,69.43841552734375,9125200
2018-08-02,83.08999633789062,83.11000061035156,83.08000183105469,83.11000061035156,69.48017120361328,1911300
2018-08-03,83.0999984741211,83.13999938964844,83.0999984741211,83.12000274658203,69.48856353759766,1371200
2018-08-06,83.1500015258789,83.1500015258789,83.12999725341797,83.13999938964844,69.50531005859375,1148200
2018-08-07,83.12999725341797,83.12999725341797,83.08999633789062,83.11000061035156,69.48017120361328,927500
2018-08-08,83.12999725341797,83.12999725341797,83.11000061035156,83.12000274658203,69.48856353759766,1438200
2018-08-09,83.13999938964844,83.16999816894531,83.13999938964844,83.16999816894531,69.53036499023438,660700
2018-08-10,83.22000122070312,83.26000213623047,83.20999908447266,83.25,69.59722137451172,1496600
2018-08-13,83.22000122070312,83.25,83.20999908447266,83.2300033569336,69.58045959472656,1577400
2018-08-14,83.2300033569336,83.2300033569336,83.20999908447266,83.2300033569336,69.58045959472656,1285500
2018-08-15,83.25,83.29000091552734,83.2300033569336,83.2699966430664,69.61395263671875,775000
2018-08-16,83.25,83.2699966430664,83.2300033569336,83.25,69.59722137451172,988000
2018-08-17,83.2699966430664,83.29000091552734,83.26000213623047,83.27999877929688,69.62232208251953,783400
2018-08-20,83.30999755859375,83.33000183105469,83.29000091552734,83.33000183105469,69.66412353515625,761700
2018-08-21,83.29000091552734,83.30999755859375,83.29000091552734,83.30999755859375,69.64739227294922,1449900
2018-08-22,83.31999969482422,83.33999633789062,83.30999755859375,83.33000183105469,69.66412353515625,609800
2018-08-23,83.33000183105469,83.33999633789062,83.30999755859375,83.31999969482422,69.65576171875,702700
2018-08-24,83.29000091552734,83.33000183105469,83.29000091552734,83.33000183105469,69.66412353515625,2277200
2018-08-27,83.29000091552734,83.30999755859375,83.29000091552734,83.30000305175781,69.6390380859375,952800
2018-08-28,83.2699966430664,83.29000091552734,83.26000213623047,83.2699966430664,69.61395263671875,931800
2018-08-29,83.27999877929688,83.27999877929688,83.23999786376953,83.26000213623047,69.6055679321289,582200
2018-08-30,83.27999877929688,83.31999969482422,83.27999877929688,83.31999969482422,69.65576171875,1657100
2018-08-31,83.33999633789062,83.3499984741211,83.33000183105469,83.33999633789062,69.67244720458984,4047500
2018-09-04,83.19999694824219,83.22000122070312,83.16000366210938,83.19000244140625,69.65655517578125,1358700
2018-09-05,83.19000244140625,83.19999694824219,83.16999816894531,83.19000244140625,69.65655517578125,846300
2018-09-06,83.20999908447266,83.25,83.19999694824219,83.22000122070312,69.68164825439453,5085900
2018-09-07,83.16999816894531,83.16999816894531,83.12999725341797,83.12999725341797,69.60633087158203,835500
2018-09-10,83.13999938964844,83.1500015258789,83.12999725341797,83.13999938964844,69.6147232055664,623800
2018-09-11,83.08999633789062,83.11000061035156,83.06999969482422,83.08999633789062,69.57278442382812,763700
2018-09-12,83.11000061035156,83.11000061035156,83.06999969482422,83.08999633789062,69.57278442382812,687600
2018-09-13,83.0999984741211,83.11000061035156,83.08000183105469,83.0999984741211,69.58119201660156,687200
2018-09-14,83.05000305175781,83.08000183105469,83.05000305175781,83.06999969482422,69.55609893798828,718500
2018-09-17,83.05999755859375,83.08000183105469,83.05000305175781,83.05000305175781,69.53934478759766,2312900
2018-09-18,83.06999969482422,83.06999969482422,83.0199966430664,83.04000091552734,69.53092956542969,860400
2018-09-19,83.0199966430664,83.02999877929688,83.0,83.0199966430664,69.51420593261719,659800
2018-09-20,83.0,83.05000305175781,83.0,83.05000305175781,69.53934478759766,945300
2018-09-21,83.02999877929688,83.05999755859375,83.0199966430664,83.02999877929688,69.52257537841797,1873300
2018-09-24,83.02999877929688,83.05999755859375,83.0199966430664,83.02999877929688,69.52257537841797,777100
2018-09-25,83.0199966430664,83.04000091552734,83.01000213623047,83.04000091552734,69.53092956542969,1217500
2018-09-26,83.02999877929688,83.06999969482422,83.02999877929688,83.05000305175781,69.53934478759766,1325900
2018-09-27,83.06999969482422,83.06999969482422,83.05000305175781,83.05000305175781,69.53934478759766,901900
2018-09-28,83.08999633789062,83.11000061035156,83.08999633789062,83.08999633789062,69.57278442382812,2340300
2018-10-01,82.95999908447266,82.97000122070312,82.93000030517578,82.93000030517578,69.55352783203125,3392500
2018-10-02,82.94999694824219,82.98999786376953,82.94999694824219,82.95999908447266,69.57872009277344,3058600
2018-10-03,82.94000244140625,82.95999908447266,82.88999938964844,82.91999816894531,69.54517364501953,1468200
2018-10-04,82.87000274658203,82.9000015258789,82.87000274658203,82.9000015258789,69.52836608886719,1245400
2018-10-05,82.87999725341797,82.88999938964844,82.86000061035156,82.88999938964844,69.52000427246094,1692100
2018-10-08,82.88999938964844,82.91999816894531,82.87000274658203,82.87000274658203,69.5031967163086,1601900
2018-10-09,82.9000015258789,82.91000366210938,82.87999725341797,82.9000015258789,69.52836608886719,2939000
2018-10-10,82.87000274658203,82.93000030517578,82.87000274658203,82.91999816894531,69.54517364501953,1956800
2018-10-11,82.95999908447266,83.0,82.93000030517578,82.94999694824219,69.5702896118164,2116100
2018-10-12,82.9800033569336,83.01000213623047,82.94999694824219,82.94999694824219,69.5702896118164,2273900
2018-10-15,82.98999786376953,82.98999786376953,82.95999908447266,82.9800033569336,69.5954360961914,1770500
2018-10-16,82.97000122070312,82.97000122070312,82.94000244140625,82.94999694824219,69.5702896118164,2148800
2018-10-17,82.97000122070312,82.98999786376953,82.91999816894531,82.94999694824219,69.5702896118164,1607400
2018-10-18,82.93000030517578,83.01000213623047,82.91999816894531,83.0,69.61226654052734,1329400
2018-10-19,82.98999786376953,82.98999786376953,82.94000244140625,82.94999694824219,69.5702896118164,4100700
2018-10-22,82.94000244140625,82.97000122070312,82.93000030517578,82.93000030517578,69.55352783203125,2028000
2018-10-23,83.02999877929688,83.05000305175781,82.9800033569336,82.9800033569336,69.5954360961914,2864700
2018-10-24,83.0199966430664,83.11000061035156,83.0199966430664,83.11000061035156,69.7044677734375,2957300
2018-10-25,83.08999633789062,83.0999984741211,83.05999755859375,83.08000183105469,69.67937469482422,2679900
2018-10-26,83.13999938964844,83.19000244140625,83.12000274658203,83.12999725341797,69.7212905883789,3797300
2018-10-29,83.11000061035156,83.16999816894531,83.0999984741211,83.16000366210938,69.74642944335938,4785400
2018-10-30,83.12999725341797,83.12999725341797,83.08999633789062,83.12000274658203,69.71287536621094,5203700
2018-10-31,83.06999969482422,83.0999984741211,83.05000305175781,83.08000183105469,69.67937469482422,12635800
2018-11-01,82.95999908447266,82.98999786376953,82.94000244140625,82.9800033569336,69.71798706054688,3623600
2018-11-02,82.93000030517578,82.94000244140625,82.87999725341797,82.87999725341797,69.63397979736328,3723800
2018-11-05,82.91999816894531,82.91999816894531,82.88999938964844,82.91000366210938,69.65917205810547,2361000
2018-11-06,82.87999725341797,82.9000015258789,82.87000274658203,82.88999938964844,69.64238739013672,4431500
2018-11-07,82.87000274658203,82.87999725341797,82.8499984741211,82.86000061035156,69.61715698242188,1675000
2018-11-08,82.87999725341797,82.87999725341797,82.83000183105469,82.8499984741211,69.60875701904297,1332800
2018-11-09,82.86000061035156,82.91999816894531,82.86000061035156,82.88999938964844,69.64238739013672,1229500
2018-11-12,82.91999816894531,82.9800033569336,82.91999816894531,82.94999694824219,69.6927719116211,994300
2018-11-13,82.94999694824219,82.9800033569336,82.94999694824219,82.95999908447266,69.70121002197266,2990100
2018-11-14,82.97000122070312,83.06999969482422,82.95999908447266,83.0199966430664,69.75157928466797,3329800
2018-11-15,83.08999633789062,83.11000061035156,83.04000091552734,83.05999755859375,69.78522491455078,1952400
2018-11-16,83.12000274658203,83.13999938964844,83.0999984741211,83.12000274658203,69.83560943603516,1293200
2018-11-19,83.12000274658203,83.19999694824219,83.11000061035156,83.19000244140625,69.8944091796875,1547700
2018-11-20,83.18000030517578,83.19999694824219,83.16000366210938,83.16999816894531,69.87760162353516,2307600
2018-11-21,83.18000030517578,83.18000030517578,83.1500015258789,83.16999816894531,69.87760162353516,9309900
2018-11-23,83.19999694824219,83.19999694824219,83.1500015258789,83.1500015258789,69.86084747314453,1666200
2018-11-26,83.1500015258789,83.16000366210938,83.12999725341797,83.16000366210938,69.86922454833984,1764000
2018-11-27,83.1500015258789,83.18000030517578,83.13999938964844,83.16999816894531,69.87760162353516,1555200
2018-11-28,83.16000366210938,83.22000122070312,83.13999938964844,83.19999694824219,69.90283203125,2986100
2018-11-29,83.23999786376953,83.25,83.19999694824219,83.22000122070312,69.91963195800781,2217300
2018-11-30,83.22000122070312,83.2699966430664,83.20999908447266,83.25,69.94485473632812,4712700
2018-12-03,83.05999755859375,83.08999633789062,83.04000091552734,83.04000091552734,69.88758850097656,2828800
2018-12-04,83.06999969482422,83.13999938964844,83.06999969482422,83.0999984741211,69.93809509277344,4062000
2018-12-06,83.22000122070312,83.30000305175781,83.18000030517578,83.18000030517578,70.00543975830078,4012200
2018-12-07,83.19000244140625,83.27999877929688,83.18000030517578,83.2699966430664,70.08116149902344,2079300
2018-12-10,83.26000213623047,83.33000183105469,83.23999786376953,83.2699966430664,70.08116149902344,9725100
2018-12-11,83.2300033569336,83.26000213623047,83.18000030517578,83.19000244140625,70.01382446289062,5675500
2018-12-12,83.18000030517578,83.20999908447266,83.18000030517578,83.18000030517578,70.00543975830078,4565500
2018-12-13,83.2300033569336,83.26000213623047,83.22000122070312,83.26000213623047,70.07276916503906,7531900
2018-12-14,83.2699966430664,83.31999969482422,83.26000213623047,83.30999755859375,70.1148452758789,4449200
2018-12-17,83.31999969482422,83.38999938964844,83.30000305175781,83.38999938964844,70.18214416503906,5815300
2018-12-18,83.27999877929688,83.33000183105469,83.26000213623047,83.31999969482422,70.22345733642578,6567000
2018-12-19,83.33999633789062,83.37999725341797,83.2699966430664,83.33999633789062,70.2403335571289,12278900
2018-12-20,83.3499984741211,83.36000061035156,83.30999755859375,83.33000183105469,70.23191833496094,7297300
2018-12-21,83.33000183105469,83.38999938964844,83.31999969482422,83.38999938964844,70.2824478149414,5548800
2018-12-24,83.4000015258789,83.45999908447266,83.4000015258789,83.45999908447266,70.34146118164062,4049100
2018-12-26,83.4800033569336,83.51000213623047,83.37999725341797,83.37999725341797,70.27405548095703,6207700
2018-12-27,83.45999908447266,83.54000091552734,83.45999908447266,83.47000122070312,70.34991455078125,4207700
2018-12-28,83.51000213623047,83.58999633789062,83.5,83.58999633789062,70.45100402832031,6740100
2018-12-31,83.56999969482422,83.66999816894531,83.55000305175781,83.62000274658203,70.47633361816406,4892300
2019-01-02,83.62999725341797,83.63999938964844,83.5999984741211,83.62999725341797,70.48477935791016,5380200
2019-01-03,83.63999938964844,83.83999633789062,83.62999725341797,83.80000305175781,70.6280517578125,5284600
2019-01-04,83.66999816894531,83.68000030517578,83.62000274658203,83.62000274658203,70.47633361816406,5969500
2019-01-07,83.6500015258789,83.66999816894531,83.55999755859375,83.55999755859375,70.42572021484375,3632600
2019-01-08,83.52999877929688,83.55999755859375,83.5,83.51000213623047,70.38359069824219,2061600
2019-01-09,83.51000213623047,83.58000183105469,83.51000213623047,83.55000305175781,70.4173355102539,4161900
2019-01-10,83.61000061035156,83.62999725341797,83.55000305175781,83.55999755859375,70.42572021484375,4037300
2019-01-11,83.61000061035156,83.62999725341797,83.5999984741211,83.61000061035156,70.46784973144531,2057100
2019-01-14,83.62999725341797,83.6500015258789,83.43000030517578,83.61000061035156,70.46784973144531,1872800
2019-01-15,83.6500015258789,83.66000366210938,83.61000061035156,83.63999938964844,70.49317932128906,3311300
2019-01-16,83.5999984741211,83.62999725341797,83.58000183105469,83.62000274658203,70.47633361816406,3262200
2019-01-17,83.62000274658203,83.62999725341797,83.58000183105469,83.61000061035156,70.46784973144531,2507700
2019-01-18,83.58000183105469,83.58999633789062,83.5199966430664,83.54000091552734,70.40888214111328,4135300
2019-01-22,83.58000183105469,83.61000061035156,83.56999969482422,83.61000061035156,70.46784973144531,4049800
2019-01-23,83.58000183105469,83.62000274658203,83.55999755859375,83.58999633789062,70.45100402832031,7921700
2019-01-24,83.6500015258789,83.68000030517578,83.62999725341797,83.66000366210938,70.51004791259766,2013000
2019-01-25,83.62999725341797,83.63999938964844,83.58999633789062,83.5999984741211,70.45942687988281,1603500
2019-01-28,83.5999984741211,83.63999938964844,83.58999633789062,83.61000061035156,70.46784973144531,5781000
2019-01-29,83.62999725341797,83.66000366210938,83.62999725341797,83.6500015258789,70.5015640258789,4065700
2019-01-30,83.6500015258789,83.76000213623047,83.62999725341797,83.76000213623047,70.59429931640625,3635000
2019-01-31,83.79000091552734,83.8499984741211,83.79000091552734,83.83000183105469,70.65331268310547,7267100
2019-02-01,83.63999938964844,83.66000366210938,83.58000183105469,83.58000183105469,70.5705795288086,7391200
2019-02-04,83.58999633789062,83.5999984741211,83.55999755859375,83.58000183105469,70.5705795288086,9052500
2019-02-05,83.56999969482422,83.61000061035156,83.56999969482422,83.58000183105469,70.5705795288086,3074100
2019-02-06,83.62999725341797,83.63999938964844,83.5999984741211,83.62000274658203,70.60435485839844,2689800
2019-02-07,83.66999816894531,83.69999694824219,83.6500015258789,83.68000030517578,70.65503692626953,2483100
2019-02-08,83.7300033569336,83.75,83.70999908447266,83.70999908447266,70.68035125732422,2459500
2019-02-11,83.68000030517578,83.69999694824219,83.66999816894531,83.68000030517578,70.65503692626953,3230700
2019-02-12,83.68000030517578,83.69000244140625,83.66000366210938,83.66999816894531,70.64653778076172,2366000
2019-02-13,83.62000274658203,83.6500015258789,83.61000061035156,83.61000061035156,70.59585571289062,3539200
2019-02-14,83.70999908447266,83.7300033569336,83.66999816894531,83.72000122070312,70.68878173828125,5773800
2019-02-15,83.69999694824219,83.69999694824219,83.68000030517578,83.68000030517578,70.65503692626953,3556400
2019-02-19,83.72000122070312,83.73999786376953,83.69999694824219,83.73999786376953,70.70562744140625,8248500
2019-02-20,83.7300033569336,83.76000213623047,83.70999908447266,83.7300033569336,70.69720458984375,2679800
2019-02-21,83.70999908447266,83.70999908447266,83.69000244140625,83.69999694824219,70.67188262939453,2136700
2019-02-22,83.72000122070312,83.77999877929688,83.72000122070312,83.76000213623047,70.7225341796875,2640800
2019-02-25,83.7300033569336,83.75,83.70999908447266,83.75,70.7141342163086,2964300
2019-02-26,83.7699966430664,83.79000091552734,83.75,83.79000091552734,70.74783325195312,4570700
2019-02-27,83.76000213623047,83.7699966430664,83.7300033569336,83.7699966430664,70.73101043701172,2463500
2019-02-28,83.75,83.76000213623047,83.72000122070312,83.75,70.7141342163086,4136600
2019-03-01,83.55999755859375,83.56999969482422,83.5199966430664,83.54000091552734,70.66673278808594,3697800
2019-03-04,83.54000091552734,83.58000183105469,83.52999877929688,83.55999755859375,70.68363952636719,6418800
2019-03-05,83.54000091552734,83.56999969482422,83.5199966430664,83.56999969482422,70.69214630126953,6175900
2019-03-06,83.56999969482422,83.62999725341797,83.56999969482422,83.62999725341797,70.74285125732422,4167300
2019-03-07,83.6500015258789,83.70999908447266,83.6500015258789,83.69999694824219,70.80206298828125,3215500
2019-03-08,83.70999908447266,83.73999786376953,83.69000244140625,83.7300033569336,70.82746887207031,2626900
2019-03-11,83.72000122070312,83.72000122070312,83.69000244140625,83.70999908447266,70.81053161621094,2213500
2019-03-12,83.70999908447266,83.75,83.70999908447266,83.73999786376953,70.8359146118164,3665600
2019-03-13,83.7300033569336,83.75,83.72000122070312,83.75,70.8443832397461,1174200
2019-03-14,83.75,83.7699966430664,83.7300033569336,83.7699966430664,70.86127471923828,1173300
2019-03-15,83.79000091552734,83.80999755859375,83.77999877929688,83.80000305175781,70.88665008544922,1570400
2019-03-18,83.77999877929688,83.80000305175781,83.7699966430664,83.77999877929688,70.8697509765625,1092000
2019-03-19,83.76000213623047,83.77999877929688,83.73999786376953,83.7699966430664,70.86127471923828,1000100
2019-03-20,83.77999877929688,83.9000015258789,83.77999877929688,83.88999938964844,70.9627914428711,2459400
2019-03-21,83.91000366210938,83.91000366210938,83.87000274658203,83.88999938964844,70.9627914428711,1371100
2019-03-22,83.94999694824219,84.05000305175781,83.94999694824219,84.02999877929688,71.08119201660156,3113600
2019-03-25,84.05999755859375,84.16999816894531,84.04000091552734,84.12000274658203,71.15734100341797,3572700
2019-03-26,84.08000183105469,84.12999725341797,84.05999755859375,84.11000061035156,71.14889526367188,2374600
2019-03-27,84.16999816894531,84.20999908447266,84.1500015258789,84.18000030517578,71.20809173583984,1872500
2019-03-28,84.16999816894531,84.18000030517578,84.12999725341797,84.16999816894531,71.19962310791016,1322700
2019-03-29,84.0999984741211,84.12999725341797,84.08000183105469,84.12000274658203,71.15734100341797,2277100
2019-04-01,83.91000366210938,83.93000030517578,83.8499984741211,83.87000274658203,71.08446502685547,4381700
2019-04-02,83.88999938964844,83.91999816894531,83.87999725341797,83.91000366210938,71.11835479736328,2662200
2019-04-03,83.87999725341797,83.88999938964844,83.86000061035156,83.87000274658203,71.08446502685547,5005500
2019-04-04,83.9000015258789,83.9000015258789,83.87000274658203,83.88999938964844,71.1014175415039,1481200
2019-04-05,83.87000274658203,83.88999938964844,83.86000061035156,83.87999725341797,71.09294891357422,6617100
2019-04-08,83.87999725341797,83.9000015258789,83.8499984741211,83.86000061035156,71.07599639892578,2756400
2019-04-09,83.88999938964844,83.91000366210938,83.87000274658203,83.87000274658203,71.08446502685547,3661900
2019-04-10,83.91000366210938,83.94000244140625,83.91000366210938,83.94000244140625,71.14380645751953,2364300
2019-04-11,83.9000015258789,83.91999816894531,83.88999938964844,83.88999938964844,71.1014175415039,3379200
2019-04-12,83.83999633789062,83.86000061035156,83.83000183105469,83.83999633789062,71.05899810791016,1213300
2019-04-15,83.83000183105469,83.86000061035156,83.83000183105469,83.8499984741211,71.06748962402344,1021400
2019-04-16,83.83999633789062,83.8499984741211,83.80999755859375,83.83999633789062,71.05899810791016,1335700
2019-04-17,83.83999633789062,83.87000274658203,83.83999633789062,83.87000274658203,71.08446502685547,1600600
2019-04-18,83.9000015258789,83.91000366210938,83.87999725341797,83.88999938964844,71.1014175415039,1076800
2019-04-22,83.9000015258789,83.91000366210938,83.88999938964844,83.9000015258789,71.10990142822266,6156400
2019-04-23,83.91999816894531,83.94999694824219,83.91999816894531,83.94000244140625,71.14380645751953,1824600
2019-04-24,83.98999786376953,84.01000213623047,83.9800033569336,83.98999786376953,71.18617248535156,3424400
2019-04-25,84.01000213623047,84.0199966430664,83.98999786376953,83.98999786376953,71.18617248535156,903000
2019-04-26,84.06999969482422,84.08000183105469,84.05999755859375,84.08000183105469,71.2624740600586,2275800
2019-04-29,84.05000305175781,84.06999969482422,84.04000091552734,84.05000305175781,71.23699951171875,1009300
2019-04-30,84.05999755859375,84.11000061035156,84.04000091552734,84.11000061035156,71.28787231445312,1876000
2019-05-01,83.93000030517578,84.05000305175781,83.87000274658203,83.87999725341797,71.22502136230469,1313600
2019-05-02,83.87999725341797,83.88999938964844,83.83999633789062,83.83999633789062,71.19108581542969,2138700
2019-05-03,83.87000274658203,83.9000015258789,83.8499984741211,83.87000274658203,71.216552734375,1332300
2019-05-06,83.93000030517578,83.94000244140625,83.91000366210938,83.91999816894531,71.2590103149414,1312200
2019-05-07,83.94999694824219,83.9800033569336,83.94999694824219,83.95999908447266,71.29296875,2815200
2019-05-08,83.9800033569336,84.0,83.94000244140625,83.94999694824219,71.28448486328125,1474500
2019-05-09,84.0199966430664,84.05999755859375,83.98999786376953,84.0,71.32691955566406,1297000
2019-05-10,84.02999877929688,84.06999969482422,84.0,84.0199966430664,71.3438949584961,1558700
2019-05-13,84.11000061035156,84.1500015258789,84.0999984741211,84.12000274658203,71.42882537841797,2720800
2019-05-14,84.12000274658203,84.12999725341797,84.08999633789062,84.12000274658203,71.42882537841797,3785700
2019-05-15,84.20999908447266,84.20999908447266,84.13999938964844,84.18000030517578,71.47980499267578,1521800
2019-05-16,84.13999938964844,84.1500015258789,84.12000274658203,84.12999725341797,71.4373550415039,1046600
2019-05-17,84.18000030517578,84.19000244140625,84.12000274658203,84.1500015258789,71.45428466796875,1067900
2019-05-20,84.13999938964844,84.16000366210938,84.11000061035156,84.11000061035156,71.42034912109375,1095900
2019-05-21,84.08999633789062,84.0999984741211,84.05999755859375,84.06999969482422,71.38638305664062,1161500
2019-05-22,84.12000274658203,84.12999725341797,84.0999984741211,84.11000061035156,71.42034912109375,2067700
2019-05-23,84.16999816894531,84.29000091552734,84.16999816894531,84.26000213623047,71.5477066040039,2773800
2019-05-24,84.23999786376953,84.25,84.20999908447266,84.2300033569336,71.52224731445312,1019600
2019-05-28,84.26000213623047,84.30000305175781,84.23999786376953,84.30000305175781,71.58169555664062,1130400
2019-05-29,84.3499984741211,84.37999725341797,84.30000305175781,84.30999755859375,71.59020233154297,2632000
2019-05-30,84.33000183105469,84.38999938964844,84.30000305175781,84.37999725341797,71.64959716796875,1929400
2019-05-31,84.45999908447266,84.58999633789062,84.45999908447266,84.55999755859375,71.8024673461914,11965500
2019-06-03,84.47000122070312,84.58999633789062,84.43000030517578,84.55000305175781,71.93773651123047,4621900
2019-06-04,84.44000244140625,84.51000213623047,84.41999816894531,84.48999786376953,71.88668823242188,3320400
2019-06-05,84.5999984741211,84.62999725341797,84.5199966430664,84.52999877929688,71.92071533203125,14753000
2019-06-06,84.54000091552734,84.56999969482422,84.47000122070312,84.4800033569336,71.878173828125,20687700
2019-06-07,84.62000274658203,84.63999938964844,84.54000091552734,84.56999969482422,71.95477294921875,13622500
2019-06-10,84.5199966430664,84.5199966430664,84.4800033569336,84.48999786376953,71.88668823242188,7611300
2019-06-11,84.44999694824219,84.4800033569336,84.44000244140625,84.45999908447266,71.86114501953125,2211800
2019-06-12,84.51000213623047,84.55000305175781,84.5,84.52999877929688,71.92071533203125,1147900
2019-06-13,84.56999969482422,84.63999938964844,84.55000305175781,84.62000274658203,71.99730682373047,2450300
2019-06-14,84.56999969482422,84.61000061035156,84.55999755859375,84.58999633789062,71.97174835205078,1992200
2019-06-17,84.5999984741211,84.5999984741211,84.55000305175781,84.55000305175781,71.93773651123047,2105300
2019-06-18,84.6500015258789,84.66000366210938,84.55999755859375,84.55999755859375,71.9462661743164,5589200
2019-06-19,84.54000091552734,84.75,84.5199966430664,84.73999786376953,72.09940338134766,1893200
2019-06-20,84.80999755859375,84.8499984741211,84.7699966430664,84.77999877929688,72.13337707519531,1790100
2019-06-21,84.70999908447266,84.73999786376953,84.69000244140625,84.73999786376953,72.09940338134766,8008900
2019-06-24,84.76000213623047,84.81999969482422,84.76000213623047,84.79000091552734,72.14191436767578,1715700
2019-06-25,84.80000305175781,84.8499984741211,84.76000213623047,84.80999755859375,72.15896606445312,1742700
2019-06-26,84.7699966430664,84.7699966430664,84.69999694824219,84.70999908447266,72.07386016845703,1222000
2019-06-27,84.76000213623047,84.77999877929688,84.7300033569336,84.77999877929688,72.13337707519531,1276300
2019-06-28,84.7699966430664,84.80000305175781,84.75,84.77999877929688,72.13337707519531,4134200
2019-07-01,84.62999725341797,84.62999725341797,84.54000091552734,84.56999969482422,72.08739471435547,4197900
2019-07-02,84.58999633789062,84.63999938964844,84.58000183105469,84.62000274658203,72.13004302978516,4841200
2019-07-03,84.62999725341797,84.6500015258789,84.62000274658203,84.63999938964844,72.14705657958984,2176400
2019-07-05,84.51000213623047,84.51000213623047,84.44000244140625,84.47000122070312,72.00215911865234,1759500
2019-07-08,84.48999786376953,84.5,84.43000030517578,84.43000030517578,71.9680404663086,1587200
2019-07-09,84.45999908447266,84.45999908447266,84.4000015258789,84.4000015258789,71.94246673583984,1457300
2019-07-10,84.5,84.55000305175781,84.47000122070312,84.55000305175781,72.0703353881836,1704800
2019-07-11,84.54000091552734,84.55000305175781,84.48999786376953,84.51000213623047,72.03623962402344,1227300
2019-07-12,84.5,84.54000091552734,84.48999786376953,84.5199966430664,72.04476165771484,871600
2019-07-15,84.54000091552734,84.55999755859375,84.52999877929688,84.54000091552734,72.06183624267578,1385800
2019-07-16,84.5,84.52999877929688,84.4800033569336,84.51000213623047,72.03623962402344,1350100
2019-07-17,84.5199966430664,84.58999633789062,84.51000213623047,84.58999633789062,72.10447692871094,1457500
2019-07-18,84.58000183105469,84.69999694824219,84.55999755859375,84.69000244140625,72.18966674804688,1426800
2019-07-19,84.62000274658203,84.63999938964844,84.58000183105469,84.5999984741211,72.11293029785156,864000
2019-07-22,84.62999725341797,84.63999938964844,84.61000061035156,84.61000061035156,72.12151336669922,823300
2019-07-23,84.5999984741211,84.62000274658203,84.58000183105469,84.58999633789062,72.10447692871094,1026900
2019-07-24,84.61000061035156,84.63999938964844,84.58999633789062,84.61000061035156,72.12151336669922,1364700
2019-07-25,84.58999633789062,84.58999633789062,84.52999877929688,84.55999755859375,72.07884979248047,1093800
2019-07-26,84.55999755859375,84.56999969482422,84.5199966430664,84.56999969482422,72.08739471435547,1003000
2019-07-29,84.56999969482422,84.5999984741211,84.56999969482422,84.56999969482422,72.08739471435547,930600
2019-07-30,84.58999633789062,84.5999984741211,84.56999969482422,84.58000183105469,72.09593963623047,933500
2019-07-31,84.62000274658203,84.6500015258789,84.43000030517578,84.56999969482422,72.08739471435547,2313300
2019-08-01,84.45999908447266,84.72000122070312,84.44999694824219,84.66000366210938,72.2923355102539,3099000
2019-08-02,84.6500015258789,84.69999694824219,84.63999938964844,84.68000030517578,72.30940246582031,2626500
2019-08-05,84.83000183105469,84.91000366210938,84.80999755859375,84.8499984741211,72.45455932617188,3154500
2019-08-06,84.86000061035156,84.88999938964844,84.81999969482422,84.88999938964844,72.48870086669922,3277800
2019-08-07,85.0,85.04000091552734,84.87000274658203,84.9000015258789,72.49732208251953,2352400
2019-08-08,84.87000274658203,84.87999725341797,84.80999755859375,84.87000274658203,72.47164916992188,1499000
2019-08-09,84.87000274658203,84.91000366210938,84.81999969482422,84.81999969482422,72.42894744873047,1833600
2019-08-12,84.88999938964844,84.94000244140625,84.87999725341797,84.91000366210938,72.50579833984375,2403500
2019-08-13,84.9000015258789,84.91000366210938,84.7699966430664,84.80999755859375,72.42041778564453,1839500
2019-08-14,84.88999938964844,84.94999694824219,84.87999725341797,84.91999816894531,72.51432037353516,3312800
2019-08-15,84.95999908447266,85.11000061035156,84.95999908447266,85.0999984741211,72.6680679321289,4823000
2019-08-16,85.05000305175781,85.0999984741211,85.01000213623047,85.08999633789062,72.65950775146484,1886600
2019-08-19,85.01000213623047,85.04000091552734,84.9800033569336,85.0,72.5826644897461,1485500
2019-08-20,85.05000305175781,85.08999633789062,85.04000091552734,85.05999755859375,72.63390350341797,2015700
2019-08-21,85.01000213623047,85.05000305175781,84.97000122070312,84.9800033569336,72.5655746459961,2082500
2019-08-22,84.95999908447266,85.01000213623047,84.93000030517578,84.94000244140625,72.53142547607422,956200
2019-08-23,84.97000122070312,85.0999984741211,84.94999694824219,85.08000183105469,72.65095520019531,2448900
2019-08-26,85.06999969482422,85.0999984741211,85.01000213623047,85.04000091552734,72.61680603027344,1768700
2019-08-27,85.01000213623047,85.08999633789062,85.01000213623047,85.06999969482422,72.64246368408203,2179600
2019-08-28,85.08999633789062,85.12000274658203,85.06999969482422,85.08999633789062,72.65950775146484,1944400
2019-08-29,85.08000183105469,85.08999633789062,85.04000091552734,85.05000305175781,72.62535858154297,3270600
2019-08-30,85.05000305175781,85.08999633789062,85.02999877929688,85.08000183105469,72.65095520019531,2543000
2019-09-03,84.94999694824219,85.06999969482422,84.93000030517578,85.0,72.7074203491211,4574300
2019-09-04,85.0,85.06999969482422,85.0,85.06999969482422,72.76730346679688,1455900
2019-09-05,84.95999908447266,84.95999908447266,84.83999633789062,84.87999725341797,72.6047592163086,2145200
2019-09-06,84.9000015258789,84.93000030517578,84.87000274658203,84.88999938964844,72.61332702636719,2485500
2019-09-09,84.83000183105469,84.8499984741211,84.80000305175781,84.80000305175781,72.53636169433594,2423900
2019-09-10,84.79000091552734,84.80000305175781,84.6500015258789,84.66000366210938,72.41661834716797,2262300
2019-09-11,84.66000366210938,84.70999908447266,84.66000366210938,84.66000366210938,72.41661834716797,3005000
2019-09-12,84.70999908447266,84.72000122070312,84.61000061035156,84.63999938964844,72.39949035644531,3319700
2019-09-13,84.56999969482422,84.58999633789062,84.4800033569336,84.5,72.27973175048828,1951400
2019-09-16,84.55000305175781,84.56999969482422,84.52999877929688,84.56999969482422,72.33963012695312,3034100
2019-09-17,84.55999755859375,84.62999725341797,84.55000305175781,84.61000061035156,72.37382507324219,1397300
2019-09-18,84.66000366210938,84.70999908447266,84.55000305175781,84.55999755859375,72.33109283447266,3277800
2019-09-19,84.63999938964844,84.63999938964844,84.56999969482422,84.56999969482422,72.33963012695312,2399300
2019-09-20,84.61000061035156,84.69000244140625,84.58999633789062,84.66000366210938,72.41661834716797,2383300
2019-09-23,84.72000122070312,84.79000091552734,84.70999908447266,84.70999908447266,72.4593734741211,1537100
2019-09-24,84.72000122070312,84.83999633789062,84.72000122070312,84.80000305175781,72.53636169433594,3693100
2019-09-25,84.79000091552734,84.80999755859375,84.69000244140625,84.69000244140625,72.44225311279297,2860800
2019-09-26,84.75,84.79000091552734,84.7300033569336,84.7300033569336,72.47648620605469,871500
2019-09-27,84.73999786376953,84.80999755859375,84.73999786376953,84.77999877929688,72.51923370361328,1691700
2019-09-30,84.7699966430664,84.81999969482422,84.76000213623047,84.81999969482422,72.55343627929688,2325600
2019-10-01,84.62000274658203,84.80999755859375,84.62000274658203,84.77999877929688,72.63484954833984,4668900
2019-10-02,84.83999633789062,84.91000366210938,84.83000183105469,84.87000274658203,72.71194458007812,2613000
2019-10-03,84.93000030517578,85.06999969482422,84.91999816894531,85.05000305175781,72.86618041992188,2441100
2019-10-04,85.01000213623047,85.05000305175781,84.98999786376953,85.04000091552734,72.85762023925781,1760800
2019-10-07,84.98999786376953,85.0,84.93000030517578,84.94999694824219,72.78052520751953,1611700
2019-10-08,85.01000213623047,85.04000091552734,84.94000244140625,85.0,72.82333374023438,2153300
2019-10-09,85.0,85.0199966430664,84.93000030517578,84.94999694824219,72.78052520751953,1472500
2019-10-10,84.95999908447266,84.95999908447266,84.8499984741211,84.8499984741211,72.69481658935547,3566900
2019-10-11,84.79000091552734,84.80000305175781,84.70999908447266,84.7699966430664,72.62628936767578,3068400
2019-10-14,84.77999877929688,84.80000305175781,84.76000213623047,84.77999877929688,72.63484954833984,1336700
2019-10-15,84.80999755859375,84.81999969482422,84.7300033569336,84.76000213623047,72.61770629882812,2470000
2019-10-16,84.80000305175781,84.81999969482422,84.7699966430664,84.80000305175781,72.6520004272461,1840700
2019-10-17,84.80000305175781,84.8499984741211,84.77999877929688,84.80000305175781,72.6520004272461,1641200
2019-10-18,84.81999969482422,84.87000274658203,84.81999969482422,84.83000183105469,72.67769622802734,1901600
2019-10-21,84.81999969482422,84.83999633789062,84.7699966430664,84.79000091552734,72.6434097290039,985500
2019-10-22,84.80999755859375,84.83000183105469,84.76000213623047,84.81999969482422,72.66909790039062,1192300
2019-10-23,84.83999633789062,84.8499984741211,84.80000305175781,84.80999755859375,72.66053771972656,1578600
2019-10-24,84.83000183105469,84.87000274658203,84.80999755859375,84.80999755859375,72.66053771972656,1228600
2019-10-25,84.83000183105469,84.83000183105469,84.73999786376953,84.76000213623047,72.61770629882812,982900
2019-10-28,84.7300033569336,84.73999786376953,84.69999694824219,84.7300033569336,72.59202575683594,2045000
2019-10-29,84.76000213623047,84.7699966430664,84.7300033569336,84.75,72.60916900634766,1768700
2019-10-30,84.75,84.80999755859375,84.70999908447266,84.80000305175781,72.6520004272461,1622500
2019-10-31,84.8499984741211,84.95999908447266,84.8499984741211,84.94999694824219,72.78052520751953,2719200
2019-11-01,84.77999877929688,84.80999755859375,84.72000122070312,84.76000213623047,72.73758697509766,3436200
2019-11-04,84.72000122070312,84.72000122070312,84.69000244140625,84.69999694824219,72.68607330322266,2509400
2019-11-05,84.66999816894531,84.66999816894531,84.61000061035156,84.63999938964844,72.63459777832031,2078400
2019-11-06,84.69000244140625,84.70999908447266,84.66000366210938,84.69000244140625,72.67750549316406,1237100
2019-11-07,84.62999725341797,84.62999725341797,84.54000091552734,84.58999633789062,72.59173583984375,2284900
2019-11-08,84.58999633789062,84.6500015258789,84.58999633789062,84.5999984741211,72.60028839111328,2300500
2019-11-11,84.62000274658203,84.62999725341797,84.58999633789062,84.62000274658203,72.617431640625,1329600
2019-11-12,84.61000061035156,84.63999938964844,84.58999633789062,84.62999725341797,72.62604522705078,2647800
2019-11-13,84.68000030517578,84.69000244140625,84.6500015258789,84.66999816894531,72.66036224365234,1679800
2019-11-14,84.73999786376953,84.77999877929688,84.7300033569336,84.75,72.72900390625,2754500
2019-11-15,84.70999908447266,84.73999786376953,84.70999908447266,84.72000122070312,72.70325469970703,2456100
2019-11-18,84.76000213623047,84.7699966430664,84.73999786376953,84.76000213623047,72.73758697509766,1029100
2019-11-19,84.7300033569336,84.76000213623047,84.7300033569336,84.75,72.72900390625,1630600
2019-11-20,84.7699966430664,84.80999755859375,84.76000213623047,84.79000091552734,72.76331329345703,1754200
2019-11-21,84.76000213623047,84.77999877929688,84.73999786376953,84.75,72.72900390625,1288000
2019-11-22,84.76000213623047,84.7699966430664,84.72000122070312,84.73999786376953,72.72044372558594,3148100
2019-11-25,84.73999786376953,84.76000213623047,84.72000122070312,84.75,72.72900390625,3597000
2019-11-26,84.79000091552734,84.80000305175781,84.7699966430664,84.79000091552734,72.76331329345703,1792200
2019-11-27,84.7699966430664,84.7699966430664,84.7300033569336,84.73999786376953,72.72044372558594,1090100
2019-11-29,84.7300033569336,84.7699966430664,84.72000122070312,84.7699966430664,72.74616241455078,1220200
2019-12-02,84.58999633789062,84.68000030517578,84.56999969482422,84.61000061035156,72.72384643554688,4211500
2019-12-03,84.72000122070312,84.77999877929688,84.70999908447266,84.7300033569336,72.82698059082031,2036600
2019-12-04,84.70999908447266,84.72000122070312,84.66000366210938,84.69000244140625,72.79258728027344,2017700
2019-12-05,84.6500015258789,84.69000244140625,84.63999938964844,84.6500015258789,72.75822448730469,1965900
2019-12-06,84.5999984741211,84.6500015258789,84.58999633789062,84.62000274658203,72.7323989868164,2024400
2019-12-09,84.63999938964844,84.63999938964844,84.61000061035156,84.62000274658203,72.7323989868164,1482200
2019-12-10,84.62999725341797,84.63999938964844,84.58000183105469,84.58000183105469,72.69804382324219,1214100
2019-12-11,84.58999633789062,84.66000366210938,84.58999633789062,84.6500015258789,72.75822448730469,1223100
2019-12-12,84.66999816894531,84.66999816894531,84.5199966430664,84.56999969482422,72.6894760131836,1627400
2019-12-13,84.63999938964844,84.69000244140625,84.5999984741211,84.66999816894531,72.7754135131836,1630500
2019-12-16,84.63999938964844,84.63999938964844,84.58999633789062,84.62000274658203,72.7323989868164,1568800
2019-12-17,84.6500015258789,84.66000366210938,84.62999725341797,84.63999938964844,72.74958801269531,1764000
2019-12-18,84.62999725341797,84.6500015258789,84.61000061035156,84.6500015258789,72.75822448730469,1677400
2019-12-19,84.51000213623047,84.55000305175781,84.51000213623047,84.52999877929688,72.77285766601562,1464500
2019-12-20,84.5199966430664,84.54000091552734,84.5,84.52999877929688,72.77285766601562,1413600
2019-12-23,84.51000213623047,84.5199966430664,84.48999786376953,84.51000213623047,72.75564575195312,2008600
2019-12-24,84.47000122070312,84.54000091552734,84.47000122070312,84.5199966430664,72.76420593261719,895500
2019-12-26,84.55999755859375,84.55999755859375,84.52999877929688,84.55000305175781,72.7900619506836,1156900
2019-12-27,84.58000183105469,84.62000274658203,84.56999969482422,84.61000061035156,72.84172058105469,1388200
2019-12-30,84.5999984741211,84.66000366210938,84.5999984741211,84.63999938964844,72.8675308227539,1630700
2019-12-31,84.63999938964844,84.66999816894531,84.61000061035156,84.62999725341797,72.85894775390625,3025600
2020-01-02,84.66999816894531,84.70999908447266,84.63999938964844,84.66999816894531,72.89337158203125,2665200
2020-01-03,84.72000122070312,84.76000213623047,84.69000244140625,84.73999786376953,72.9536361694336,2039900
2020-01-06,84.7300033569336,84.73999786376953,84.68000030517578,84.70999908447266,72.92779541015625,1132100
2020-01-07,84.72000122070312,84.7300033569336,84.69999694824219,84.70999908447266,72.92779541015625,1103400
2020-01-08,84.72000122070312,84.73999786376953,84.66000366210938,84.66999816894531,72.89337158203125,1864300
2020-01-09,84.6500015258789,84.69999694824219,84.63999938964844,84.68000030517578,72.9019546508789,1424400
2020-01-10,84.69000244140625,84.72000122070312,84.69000244140625,84.69999694824219,72.919189453125,1065900
2020-01-13,84.69999694824219,84.69999694824219,84.66999816894531,84.69000244140625,72.91059112548828,1275600
2020-01-14,84.69000244140625,84.7300033569336,84.69000244140625,84.69999694824219,72.919189453125,2323400
2020-01-15,84.7300033569336,84.73999786376953,84.70999908447266,84.73999786376953,72.9536361694336,2467900
2020-01-16,84.7300033569336,84.73999786376953,84.70999908447266,84.73999786376953,72.9536361694336,1995100
2020-01-17,84.7300033569336,84.7699966430664,84.72000122070312,84.7699966430664,72.97943878173828,1592600
2020-01-21,84.77999877929688,84.80000305175781,84.77999877929688,84.79000091552734,72.9966812133789,2814600
2020-01-22,84.79000091552734,84.81999969482422,84.79000091552734,84.80999755859375,73.01390838623047,1878400
2020-01-23,84.83999633789062,84.87999725341797,84.81999969482422,84.83999633789062,73.03973388671875,6874100
2020-01-24,84.8499984741211,84.9000015258789,84.83999633789062,84.87000274658203,73.06554412841797,3717500
2020-01-27,84.97000122070312,84.9800033569336,84.94000244140625,84.95999908447266,73.1430435180664,1915500
2020-01-28,84.95999908447266,84.97000122070312,84.91000366210938,84.91999816894531,73.1086196899414,1233400
2020-01-29,84.94999694824219,85.0,84.93000030517578,85.0,73.17748260498047,1269100
2020-01-30,85.02999877929688,85.06999969482422,85.0,85.01000213623047,73.18611145019531,1348300
2020-01-31,85.05000305175781,85.13999938964844,85.05000305175781,85.12000274658203,73.28082275390625,4298900
2020-02-03,84.95999908447266,84.9800033569336,84.91000366210938,84.95999908447266,73.25922393798828,4133700
2020-02-04,84.87999725341797,84.88999938964844,84.83999633789062,84.87000274658203,73.1816177368164,1575300
2020-02-05,84.81999969482422,84.83999633789062,84.80999755859375,84.80999755859375,73.1298828125,2229300
2020-02-06,84.80999755859375,84.83000183105469,84.80000305175781,84.83000183105469,73.14710998535156,1505800
2020-02-07,84.87000274658203,84.9000015258789,84.86000061035156,84.87999725341797,73.19021606445312,1408200
2020-02-10,84.93000030517578,84.94999694824219,84.9000015258789,84.91999816894531,73.22474670410156,982700
2020-02-11,84.88999938964844,84.9000015258789,84.86000061035156,84.87999725341797,73.19021606445312,1911200
2020-02-12,84.8499984741211,84.86000061035156,84.83999633789062,84.83999633789062,73.15576171875,1400400
2020-02-13,84.87000274658203,84.88999938964844,84.8499984741211,84.86000061035156,73.17298126220703,1700700
2020-02-14,84.9000015258789,84.91000366210938,84.88999938964844,84.9000015258789,73.20746612548828,1560000
2020-02-18,84.93000030517578,84.94999694824219,84.91000366210938,84.93000030517578,73.23338317871094,1669400
2020-02-19,84.91000366210938,84.94000244140625,84.88999938964844,84.94000244140625,73.24198913574219,1422800
2020-02-20,84.93000030517578,84.9800033569336,84.93000030517578,84.95999908447266,73.25922393798828,2051800
2020-02-21,85.0,85.08000183105469,84.98999786376953,85.02999877929688,73.31959533691406,1798800
2020-02-24,85.16999816894531,85.19999694824219,85.16000366210938,85.16999816894531,73.44029998779297,2725200
2020-02-25,85.19000244140625,85.30000305175781,85.19000244140625,85.26000213623047,73.51789855957031,3027000
2020-02-26,85.23999786376953,85.3499984741211,85.22000122070312,85.31999969482422,73.56964874267578,3688200
2020-02-27,85.44000244140625,85.5,85.36000061035156,85.41999816894531,73.65587615966797,6008700
2020-02-28,85.6500015258789,85.7699966430664,85.62000274658203,85.7300033569336,73.9231948852539,9540700
2020-03-02,85.72000122070312,85.80000305175781,85.56999969482422,85.56999969482422,73.89295959472656,15009300
2020-03-03,85.62999725341797,86.0199966430664,85.61000061035156,85.91000366210938,74.18656158447266,7232300
2020-03-04,85.97000122070312,86.05000305175781,85.91999816894531,85.91999816894531,74.19520568847656,5711900
2020-03-05,86.11000061035156,86.13999938964844,86.06999969482422,86.0999984741211,74.35065460205078,3797200
2020-03-06,86.30999755859375,86.37000274658203,86.16999816894531,86.19999694824219,74.43699645996094,4378300
2020-03-09,86.54000091552734,86.66999816894531,86.37000274658203,86.66999816894531,74.84284973144531,44359800
2020-03-10,86.30000305175781,86.37000274658203,86.1500015258789,86.29000091552734,74.51472473144531,11970200
2020-03-11,86.30000305175781,86.31999969482422,86.18000030517578,86.19000244140625,74.42839050292969,7873200
2020-03-12,86.30000305175781,86.54000091552734,86.16999816894531,86.16999816894531,74.41106414794922,12312300
2020-03-13,86.05000305175781,86.31999969482422,85.94999694824219,86.27999877929688,74.50606536865234,9422400
2020-03-16,86.58000183105469,86.7300033569336,86.4000015258789,86.41999816894531,74.62698364257812,12123900
2020-03-17,86.48999786376953,86.52999877929688,86.12999725341797,86.22000122070312,74.45426177978516,10487800
2020-03-18,86.22000122070312,86.77999877929688,86.11000061035156,86.11000061035156,74.35928344726562,11907500
2020-03-19,86.22000122070312,86.52999877929688,86.22000122070312,86.26000213623047,74.48880004882812,12898400
2020-03-20,86.37999725341797,86.62999725341797,86.37999725341797,86.48999786376953,74.68738555908203,10683700
2020-03-23,86.70999908447266,86.7300033569336,86.55999755859375,86.58999633789062,74.77375793457031,9472000
2020-03-24,86.5,86.56999969482422,86.47000122070312,86.47000122070312,74.67015075683594,8366100
2020-03-25,86.48999786376953,86.62999725341797,86.48999786376953,86.56999969482422,74.75647735595703,6098000
2020-03-26,86.58999633789062,86.70999908447266,86.58000183105469,86.66999816894531,74.84284973144531,8381000
2020-03-27,86.69999694824219,86.69999694824219,86.5199966430664,86.6500015258789,74.82556915283203,37087900
2020-03-30,86.7300033569336,86.76000213623047,86.66000366210938,86.69000244140625,74.86014556884766,5650800
2020-03-31,86.72000122070312,86.77999877929688,86.66999816894531,86.66999816894531,74.84284973144531,5677600
2020-04-01,86.62000274658203,86.66999816894531,86.58000183105469,86.62000274658203,74.89128875732422,6923900
2020-04-02,86.63999938964844,86.66999816894531,86.62000274658203,86.63999938964844,74.90856170654297,5879700
2020-04-03,86.61000061035156,86.69999694824219,86.58000183105469,86.62000274658203,74.89128875732422,5018100
2020-04-06,86.58000183105469,86.61000061035156,86.55000305175781,86.55999755859375,74.83936309814453,4869100
2020-04-07,86.51000213623047,86.56999969482422,86.48999786376953,86.54000091552734,74.8221206665039,7881000
2020-04-08,86.54000091552734,86.62000274658203,86.54000091552734,86.58999633789062,74.86532592773438,4890600
2020-04-09,86.58999633789062,86.6500015258789,86.58000183105469,86.62000274658203,74.89128875732422,5400400
2020-04-13,86.62999725341797,86.62999725341797,86.58999633789062,86.62999725341797,74.8998794555664,3356200
2020-04-14,86.62000274658203,86.6500015258789,86.58999633789062,86.62999725341797,74.8998794555664,4712200
2020-04-15,86.68000030517578,86.69999694824219,86.6500015258789,86.66000366210938,74.92583465576172,4270000
2020-04-16,86.68000030517578,86.69999694824219,86.66000366210938,86.68000030517578,74.9431381225586,2383600
2020-04-17,86.66000366210938,86.69000244140625,86.6500015258789,86.6500015258789,74.91719055175781,3282700
2020-04-20,86.66999816894531,86.69000244140625,86.6500015258789,86.6500015258789,74.91719055175781,5969400
2020-04-21,86.68000030517578,86.69000244140625,86.6500015258789,86.66999816894531,74.93450164794922,3610300
2020-04-22,86.66000366210938,86.66000366210938,86.63999938964844,86.63999938964844,74.90856170654297,4836900
2020-04-23,86.63999938964844,86.66000366210938,86.62000274658203,86.62999725341797,74.8998794555664,3010000
2020-04-24,86.63999938964844,86.66000366210938,86.62999725341797,86.62999725341797,74.8998794555664,3117600
2020-04-27,86.62999725341797,86.63999938964844,86.5999984741211,86.62999725341797,74.8998794555664,4928800
2020-04-28,86.66999816894531,86.68000030517578,86.6500015258789,86.66000366210938,74.92583465576172,3706900
2020-04-29,86.68000030517578,86.69000244140625,86.6500015258789,86.6500015258789,74.91719055175781,4285700
2020-04-30,86.66000366210938,86.80000305175781,86.66000366210938,86.80000305175781,75.04692077636719,9557300
2020-05-01,86.62000274658203,86.62000274658203,86.56999969482422,86.5999984741211,74.93614959716797,5135000
2020-05-04,86.58999633789062,86.63999938964844,86.58000183105469,86.5999984741211,74.93614959716797,5813400
2020-05-05,86.61000061035156,86.62000274658203,86.58999633789062,86.58999633789062,74.927490234375,4334000
2020-05-06,86.5999984741211,86.62000274658203,86.58999633789062,86.62000274658203,74.95344543457031,2007300
2020-05-07,86.62000274658203,86.69999694824219,86.61000061035156,86.68000030517578,75.0053482055664,2455600
2020-05-08,86.69000244140625,86.7300033569336,86.6500015258789,86.66000366210938,74.98806762695312,2690000
2020-05-11,86.66999816894531,86.66999816894531,86.5999984741211,86.62999725341797,74.96208953857422,4067600
2020-05-12,86.62000274658203,86.6500015258789,86.5999984741211,86.6500015258789,74.97940063476562,2670000
2020-05-13,86.66000366210938,86.68000030517578,86.63999938964844,86.6500015258789,74.97940063476562,3829400
2020-05-14,86.66000366210938,86.69000244140625,86.62999725341797,86.62999725341797,74.96208953857422,2284600
2020-05-15,86.69000244140625,86.69999694824219,86.66999816894531,86.68000030517578,75.0053482055664,1942800
2020-05-18,86.66999816894531,86.66999816894531,86.61000061035156,86.61000061035156,74.9448013305664,2761400
2020-05-19,86.62000274658203,86.66000366210938,86.62000274658203,86.66000366210938,74.98806762695312,2976500
2020-05-20,86.62999725341797,86.66999816894531,86.62999725341797,86.66000366210938,74.98806762695312,3497900
2020-05-21,86.6500015258789,86.66000366210938,86.63999938964844,86.63999938964844,74.97076416015625,3246300
2020-05-22,86.66000366210938,86.66999816894531,86.63999938964844,86.63999938964844,74.97076416015625,2592500
2020-05-26,86.62999725341797,86.6500015258789,86.62000274658203,86.63999938964844,74.97076416015625,4356200
2020-05-27,86.62999725341797,86.66999816894531,86.62000274658203,86.62000274658203,74.95344543457031,3507600
2020-05-28,86.62999725341797,86.66000366210938,86.62000274658203,86.66000366210938,74.98806762695312,3433400
2020-05-29,86.63999938964844,86.68000030517578,86.63999938964844,86.66000366210938,74.98806762695312,6903400
2020-06-01,86.58999633789062,86.5999984741211,86.55999755859375,86.58000183105469,74.9793930053711,6995500
2020-06-02,86.58000183105469,86.58999633789062,86.55999755859375,86.58000183105469,74.9793930053711,3869300
2020-06-03,86.55999755859375,86.55999755859375,86.51000213623047,86.51000213623047,74.91878509521484,4476300
2020-06-04,86.5199966430664,86.54000091552734,86.5,86.52999877929688,74.93609619140625,4350000
2020-06-05,86.48999786376953,86.5,86.47000122070312,86.5,74.91012573242188,4391300
2020-06-08,86.4800033569336,86.51000213623047,86.45999908447266,86.4800033569336,74.8927993774414,4200200
2020-06-09,86.48999786376953,86.5199966430664,86.48999786376953,86.51000213623047,74.91878509521484,7839900
2020-06-10,86.54000091552734,86.58000183105469,86.52999877929688,86.55999755859375,74.96207427978516,3146500
2020-06-11,86.56999969482422,86.58000183105469,86.5199966430664,86.5199966430664,74.92745971679688,3244500
2020-06-12,86.54000091552734,86.55999755859375,86.52999877929688,86.55000305175781,74.95341491699219,3356000
2020-06-15,86.55000305175781,86.56999969482422,86.52999877929688,86.52999877929688,74.93609619140625,3246000
2020-06-16,86.52999877929688,86.55999755859375,86.5199966430664,86.5199966430664,74.92745971679688,5306400
2020-06-17,86.52999877929688,86.55000305175781,86.52999877929688,86.55000305175781,74.95341491699219,3369600
2020-06-18,86.55999755859375,86.55999755859375,86.54000091552734,86.54000091552734,74.94477844238281,2027100
2020-06-19,86.55000305175781,86.58000183105469,86.54000091552734,86.55999755859375,74.96207427978516,3477600
2020-06-22,86.55999755859375,86.56999969482422,86.54000091552734,86.54000091552734,74.94477844238281,2597900
2020-06-23,86.55000305175781,86.55999755859375,86.54000091552734,86.55999755859375,74.96207427978516,2792100
2020-06-24,86.55000305175781,86.56999969482422,86.54000091552734,86.56999969482422,74.97077178955078,2110900
2020-06-25,86.55999755859375,86.58000183105469,86.55999755859375,86.56999969482422,74.97077178955078,1716500
2020-06-26,86.56999969482422,86.61000061035156,86.56999969482422,86.5999984741211,74.9967269897461,4109900
2020-06-29,86.5999984741211,86.62000274658203,86.58999633789062,86.62000274658203,75.01403045654297,2766100
2020-06-30,86.62999725341797,86.62999725341797,86.5999984741211,86.61000061035156,75.00537872314453,4443400
2020-07-01,86.55999755859375,86.55999755859375,86.5199966430664,86.5199966430664,74.98025512695312,4789400
2020-07-02,86.54000091552734,86.55999755859375,86.5199966430664,86.55999755859375,75.014892578125,2662800
2020-07-06,86.54000091552734,86.55000305175781,86.52999877929688,86.52999877929688,74.98888397216797,3406700
2020-07-07,86.54000091552734,86.55000305175781,86.52999877929688,86.55000305175781,75.00623321533203,2939000
2020-07-08,86.55000305175781,86.55999755859375,86.54000091552734,86.55000305175781,75.00623321533203,3454900
2020-07-09,86.55000305175781,86.56999969482422,86.54000091552734,86.56999969482422,75.02359008789062,2508600
2020-07-10,86.58000183105469,86.58000183105469,86.54000091552734,86.54000091552734,74.99758911132812,2447400
2020-07-13,86.54000091552734,86.55000305175781,86.52999877929688,86.54000091552734,74.99758911132812,2332100
2020-07-14,86.55999755859375,86.56999969482422,86.54000091552734,86.55000305175781,75.00623321533203,2112500
2020-07-15,86.54000091552734,86.55999755859375,86.52999877929688,86.55999755859375,75.014892578125,4553200
2020-07-16,86.56999969482422,86.58000183105469,86.55999755859375,86.55999755859375,75.014892578125,1750100
2020-07-17,86.56999969482422,86.58000183105469,86.55000305175781,86.58000183105469,75.03223419189453,2016200
2020-07-20,86.58000183105469,86.58000183105469,86.55000305175781,86.55999755859375,75.014892578125,3534600
2020-07-21,86.55000305175781,86.58000183105469,86.55000305175781,86.58000183105469,75.03223419189453,4017900
2020-07-22,86.58000183105469,86.58000183105469,86.55999755859375,86.56999969482422,75.02359008789062,3776600
2020-07-23,86.56999969482422,86.58000183105469,86.55999755859375,86.56999969482422,75.02359008789062,2263100
2020-07-24,86.56999969482422,86.58000183105469,86.55999755859375,86.58000183105469,75.03223419189453,3056000
2020-07-27,86.58000183105469,86.58000183105469,86.54000091552734,86.55000305175781,75.00623321533203,2250900
2020-07-28,86.55999755859375,86.58000183105469,86.55999755859375,86.56999969482422,75.02359008789062,3804400
2020-07-29,86.58000183105469,86.5999984741211,86.56999969482422,86.58999633789062,75.0409164428711,2551300
2020-07-30,86.5999984741211,86.62000274658203,86.5999984741211,86.62000274658203,75.06689453125,2016900
2020-07-31,86.62999725341797,86.62999725341797,86.61000061035156,86.62999725341797,75.07557678222656,3229400
2020-08-03,86.55999755859375,86.58000183105469,86.54000091552734,86.58000183105469,75.07555389404297,2979500
2020-08-04,86.58000183105469,86.58999633789062,86.56999969482422,86.58999633789062,75.08424377441406,2871000
2020-08-05,86.56999969482422,86.58000183105469,86.55999755859375,86.56999969482422,75.0669174194336,3037500
2020-08-06,86.56999969482422,86.58999633789062,86.55999755859375,86.56999969482422,75.0669174194336,1793300
2020-08-07,86.55999755859375,86.56999969482422,86.55000305175781,86.55999755859375,75.05821228027344,3944500
2020-08-10,86.55999755859375,86.55999755859375,86.52999877929688,86.54000091552734,75.04090881347656,2089800
2020-08-11,86.5199966430664,86.52999877929688,86.48999786376953,86.5199966430664,75.02354431152344,3345700
2020-08-12,86.5,86.51000213623047,86.48999786376953,86.5,75.00621032714844,4246900
2020-08-13,86.48999786376953,86.5,86.4800033569336,86.48999786376953,74.99752044677734,2073800
2020-08-14,86.5,86.5199966430664,86.48999786376953,86.5,75.00621032714844,2548600
2020-08-17,86.5199966430664,86.5199966430664,86.5,86.51000213623047,75.0148696899414,2655100
2020-08-18,86.51000213623047,86.52999877929688,86.51000213623047,86.5199966430664,75.02354431152344,2106500
2020-08-19,86.52999877929688,86.52999877929688,86.51000213623047,86.5199966430664,75.02354431152344,2064900
2020-08-20,86.52999877929688,86.54000091552734,86.5199966430664,86.5199966430664,75.02354431152344,2121000
2020-08-21,86.52999877929688,86.54000091552734,86.51000213623047,86.51000213623047,75.0148696899414,3337600
2020-08-24,86.5199966430664,86.52999877929688,86.5,86.5,75.00621032714844,2834100
2020-08-25,86.48999786376953,86.51000213623047,86.4800033569336,86.51000213623047,75.0148696899414,1986600
2020-08-26,86.51000213623047,86.51000213623047,86.48999786376953,86.51000213623047,75.0148696899414,2983300
2020-08-27,86.52999877929688,86.54000091552734,86.48999786376953,86.5,75.00621032714844,2609000
2020-08-28,86.5199966430664,86.55000305175781,86.5199966430664,86.52999877929688,75.03218841552734,3445500
2020-08-31,86.52999877929688,86.55999755859375,86.52999877929688,86.55999755859375,75.05821228027344,2357200
2020-09-01,86.48999786376953,86.5,86.4800033569336,86.48999786376953,75.04002380371094,3093600
2020-09-02,86.4800033569336,86.5,86.4800033569336,86.5,75.0486831665039,3682600
2020-09-03,86.5,86.5199966430664,86.48999786376953,86.48999786376953,75.04002380371094,2547200
2020-09-04,86.48999786376953,86.5,86.44999694824219,86.45999908447266,75.01398468017578,2904300
2020-09-08,86.4800033569336,86.48999786376953,86.47000122070312,86.47000122070312,75.02263641357422,2014700
2020-09-09,86.47000122070312,86.4800033569336,86.45999908447266,86.4800033569336,75.03133392333984,3009100
2020-09-10,86.45999908447266,86.48999786376953,86.45999908447266,86.47000122070312,75.02263641357422,2910000
2020-09-11,86.4800033569336,86.51000213623047,86.4800033569336,86.48999786376953,75.04002380371094,2109800
2020-09-14,86.5,86.5,86.4800033569336,86.4800033569336,75.03133392333984,1993000
2020-09-15,86.4800033569336,86.48999786376953,86.4800033569336,86.48999786376953,75.04002380371094,2013100
2020-09-16,86.48999786376953,86.5,86.47000122070312,86.5,75.0486831665039,2551200
2020-09-17,86.5,86.51000213623047,86.4800033569336,86.4800033569336,75.03133392333984,2494700
2020-09-18,86.5,86.51000213623047,86.4800033569336,86.48999786376953,75.04002380371094,2334200
2020-09-21,86.5,86.5,86.4800033569336,86.4800033569336,75.03133392333984,3969100
2020-09-22,86.48999786376953,86.5,86.4800033569336,86.5,75.0486831665039,2108400
2020-09-23,86.48999786376953,86.5,86.4800033569336,86.5,75.0486831665039,3298200
2020-09-24,86.48999786376953,86.5,86.4800033569336,86.48999786376953,75.04002380371094,2955200
2020-09-25,86.5,86.51000213623047,86.5,86.5,75.0486831665039,1786000
2020-09-28,86.51000213623047,86.51000213623047,86.48999786376953,86.51000213623047,75.057373046875,2777700
2020-09-29,86.51000213623047,86.5199966430664,86.5,86.5,75.0486831665039,2568900
2020-09-30,86.51000213623047,86.51000213623047,86.48999786376953,86.51000213623047,75.057373046875,3111800
2020-10-01,86.44999694824219,86.47000122070312,86.44999694824219,86.44999694824219,75.04000091552734,3890800
2020-10-02,86.45999908447266,86.47000122070312,86.44000244140625,86.45999908447266,75.04867553710938,3081300
2020-10-05,86.44999694824219,86.44999694824219,86.41999816894531,86.43000030517578,75.02262878417969,3139800
2020-10-06,86.43000030517578,86.44000244140625,86.41999816894531,86.43000030517578,75.02262878417969,2618100
2020-10-07,86.4000015258789,86.41999816894531,86.4000015258789,86.41999816894531,75.01396179199219,3613200
2020-10-08,86.41999816894531,86.43000030517578,86.41000366210938,86.41999816894531,75.01396179199219,1996700
2020-10-09,86.43000030517578,86.43000030517578,86.41000366210938,86.41999816894531,75.01396179199219,1977700
2020-10-12,86.41999816894531,86.44000244140625,86.41000366210938,86.44000244140625,75.03133392333984,2400900
2020-10-13,86.43000030517578,86.44999694824219,86.41999816894531,86.43000030517578,75.02262878417969,5330600
2020-10-14,86.43000030517578,86.44999694824219,86.43000030517578,86.43000030517578,75.02262878417969,8129500
2020-10-15,86.44000244140625,86.45999908447266,86.43000030517578,86.44999694824219,75.04000091552734,6851500
2020-10-16,86.44000244140625,86.44999694824219,86.43000030517578,86.44000244140625,75.03133392333984,1562100
2020-10-19,86.41999816894531,86.44000244140625,86.41000366210938,86.44000244140625,75.03133392333984,2499200
2020-10-20,86.43000030517578,86.44000244140625,86.41999816894531,86.43000030517578,75.02262878417969,1991800
2020-10-21,86.41999816894531,86.43000030517578,86.41000366210938,86.43000030517578,75.02262878417969,1788700
2020-10-22,86.41999816894531,86.43000030517578,86.4000015258789,86.4000015258789,74.99662780761719,3063300
2020-10-23,86.41999816894531,86.43000030517578,86.41000366210938,86.41000366210938,75.00528717041016,2014300
2020-10-26,86.41999816894531,86.43000030517578,86.41000366210938,86.41999816894531,75.01396179199219,2319200
2020-10-27,86.43000030517578,86.44000244140625,86.41999816894531,86.41999816894531,75.01396179199219,1982000
2020-10-28,86.43000030517578,86.44000244140625,86.41999816894531,86.41999816894531,75.01396179199219,4930200
2020-10-29,86.43000030517578,86.44000244140625,86.41999816894531,86.44000244140625,75.03133392333984,3688800
2020-10-30,86.44000244140625,86.44000244140625,86.41000366210938,86.43000030517578,75.02262878417969,3562300
2020-11-02,86.37999725341797,86.38999938964844,86.37000274658203,86.38999938964844,75.02176666259766,3642500
2020-11-03,86.37000274658203,86.37999725341797,86.3499984741211,86.37000274658203,75.00442504882812,1739600
2020-11-04,86.38999938964844,86.41000366210938,86.37999725341797,86.38999938964844,75.02176666259766,4432600
2020-11-05,86.38999938964844,86.4000015258789,86.37000274658203,86.37000274658203,75.00442504882812,4646000
2020-11-06,86.38999938964844,86.38999938964844,86.37000274658203,86.37999725341797,75.0130615234375,2479200
2020-11-09,86.33999633789062,86.3499984741211,86.31999969482422,86.3499984741211,74.98704528808594,5418600
2020-11-10,86.31999969482422,86.33999633789062,86.31999969482422,86.33999633789062,74.97830963134766,3162200
2020-11-11,86.31999969482422,86.33000183105469,86.30999755859375,86.31999969482422,74.96096801757812,2643200
2020-11-12,86.3499984741211,86.36000061035156,86.33000183105469,86.33000183105469,74.96968841552734,3915800
2020-11-13,86.3499984741211,86.36000061035156,86.33000183105469,86.33000183105469,74.96968841552734,3156800
2020-11-16,86.33999633789062,86.36000061035156,86.33000183105469,86.3499984741211,74.98704528808594,3752900
2020-11-17,86.33999633789062,86.36000061035156,86.33999633789062,86.33999633789062,74.97830963134766,3457900
2020-11-18,86.3499984741211,86.36000061035156,86.33999633789062,86.33999633789062,74.97830963134766,2325200
2020-11-19,86.3499984741211,86.37000274658203,86.3499984741211,86.36000061035156,74.99569702148438,1900700
2020-11-20,86.37999725341797,86.37999725341797,86.37000274658203,86.37000274658203,75.00442504882812,1784700
2020-11-23,86.37000274658203,86.37999725341797,86.37000274658203,86.37000274658203,75.00442504882812,1640500
2020-11-24,86.37000274658203,86.37999725341797,86.37000274658203,86.37999725341797,75.0130615234375,2649500
2020-11-25,86.37999725341797,86.38999938964844,86.37999725341797,86.38999938964844,75.02176666259766,2449800
2020-11-27,86.38999938964844,86.4000015258789,86.38999938964844,86.38999938964844,75.02176666259766,1378900
2020-11-30,86.41000366210938,86.41000366210938,86.38999938964844,86.41000366210938,75.0391616821289,3375300
2020-12-01,86.33999633789062,86.3499984741211,86.31999969482422,86.33000183105469,74.99828338623047,6173900
2020-12-02,86.33000183105469,86.3499984741211,86.31999969482422,86.3499984741211,75.01565551757812,2297100
2020-12-03,86.36000061035156,86.37000274658203,86.3499984741211,86.37000274658203,75.03303527832031,2751900
2020-12-04,86.3499984741211,86.36000061035156,86.33999633789062,86.36000061035156,75.02432250976562,2825200
2020-12-07,86.36000061035156,86.37999725341797,86.36000061035156,86.37999725341797,75.041748046875,3213900
2020-12-08,86.37000274658203,86.37999725341797,86.36000061035156,86.36000061035156,75.02432250976562,2559800
2020-12-09,86.36000061035156,86.36000061035156,86.3499984741211,86.3499984741211,75.01565551757812,2829000
2020-12-10,86.37999725341797,86.38999938964844,86.36000061035156,86.37000274658203,75.03303527832031,2977700
2020-12-11,86.41000366210938,86.41999816894531,86.4000015258789,86.41999816894531,75.07650756835938,1802200
2020-12-14,86.4000015258789,86.41999816894531,86.4000015258789,86.41000366210938,75.06777954101562,2805200
2020-12-15,86.41000366210938,86.41999816894531,86.4000015258789,86.41000366210938,75.06777954101562,1969300
2020-12-16,86.4000015258789,86.41000366210938,86.4000015258789,86.41000366210938,75.06777954101562,1444700
2020-12-17,86.38999938964844,86.38999938964844,86.36000061035156,86.37999725341797,75.06951904296875,2541200
2020-12-18,86.37000274658203,86.37999725341797,86.37000274658203,86.37000274658203,75.06085205078125,2924100
2020-12-21,86.37000274658203,86.37999725341797,86.36000061035156,86.37000274658203,75.06085205078125,2249100
2020-12-22,86.37000274658203,86.38999938964844,86.37000274658203,86.37000274658203,75.06085205078125,1928400
2020-12-23,86.37000274658203,86.38999938964844,86.37000274658203,86.38999938964844,75.0782470703125,2821600
2020-12-24,86.37000274658203,86.38999938964844,86.37000274658203,86.37000274658203,75.06085205078125,1039500
2020-12-28,86.36000061035156,86.37999725341797,86.36000061035156,86.37999725341797,75.06951904296875,1836400
2020-12-29,86.37999725341797,86.37999725341797,86.37000274658203,86.37999725341797,75.06951904296875,2010600
2020-12-30,86.37000274658203,86.38999938964844,86.37000274658203,86.38999938964844,75.0782470703125,1327500
2020-12-31,86.37999725341797,86.38999938964844,86.36000061035156,86.37999725341797,75.06951904296875,1949900
2021-01-04,86.37000274658203,86.4000015258789,86.37000274658203,86.38999938964844,75.0782470703125,2989300
2021-01-05,86.38999938964844,86.4000015258789,86.37000274658203,86.38999938964844,75.0782470703125,2529400
2021-01-06,86.36000061035156,86.37000274658203,86.31999969482422,86.33999633789062,75.03477478027344,2082000
2021-01-07,86.3499984741211,86.36000061035156,86.33000183105469,86.36000061035156,75.05216217041016,4207700
2021-01-08,86.33000183105469,86.3499984741211,86.33000183105469,86.3499984741211,75.04348754882812,2760300
2021-01-11,86.33999633789062,86.3499984741211,86.33000183105469,86.33999633789062,75.03477478027344,2545700
2021-01-12,86.31999969482422,86.33999633789062,86.31999969482422,86.33999633789062,75.03477478027344,4048300
2021-01-13,86.33000183105469,86.33999633789062,86.33000183105469,86.33000183105469,75.0261001586914,2021800
2021-01-14,86.33999633789062,86.3499984741211,86.33000183105469,86.33999633789062,75.03477478027344,3344000
2021-01-15,86.33999633789062,86.36000061035156,86.33999633789062,86.3499984741211,75.04348754882812,3148300
2021-01-19,86.33999633789062,86.37999725341797,86.33999633789062,86.37999725341797,75.06951904296875,3019500
2021-01-20,86.37000274658203,86.37999725341797,86.36000061035156,86.37000274658203,75.06085205078125,2392300
2021-01-21,86.37999725341797,86.38999938964844,86.36000061035156,86.37999725341797,75.06951904296875,1574700
2021-01-22,86.37999725341797,86.38999938964844,86.37999725341797,86.37999725341797,75.06951904296875,4095800
2021-01-25,86.37999725341797,86.38999938964844,86.37999725341797,86.38999938964844,75.0782470703125,2037500
2021-01-26,86.4000015258789,86.4000015258789,86.37999725341797,86.37999725341797,75.06951904296875,2015500
2021-01-27,86.4000015258789,86.41000366210938,86.37999725341797,86.37999725341797,75.06951904296875,3786800
2021-01-28,86.38999938964844,86.38999938964844,86.37000274658203,86.37000274658203,75.06085205078125,2429600
2021-01-29,86.38999938964844,86.4000015258789,86.37999725341797,86.4000015258789,75.0869140625,3237800
2021-02-01,86.37999725341797,86.37999725341797,86.36000061035156,86.37999725341797,75.09559631347656,3266300
2021-02-02,86.37000274658203,86.37000274658203,86.3499984741211,86.3499984741211,75.06951904296875,2245400
2021-02-03,86.3499984741211,86.36000061035156,86.3499984741211,86.36000061035156,75.0782470703125,2219000
2021-02-04,86.3499984741211,86.36000061035156,86.3499984741211,86.36000061035156,75.0782470703125,1848200
2021-02-05,86.37000274658203,86.37999725341797,86.36000061035156,86.37999725341797,75.09559631347656,1495900
2021-02-08,86.36000061035156,86.37000274658203,86.36000061035156,86.37000274658203,75.0869140625,2193100
2021-02-09,86.37000274658203,86.37000274658203,86.3499984741211,86.3499984741211,75.06951904296875,1930700
2021-02-10,86.37000274658203,86.37000274658203,86.3499984741211,86.36000061035156,75.0782470703125,3016100
2021-02-11,86.37000274658203,86.37000274658203,86.36000061035156,86.36000061035156,75.0782470703125,2348600
2021-02-12,86.36000061035156,86.37999725341797,86.36000061035156,86.37000274658203,75.0869140625,3364600
2021-02-16,86.3499984741211,86.36000061035156,86.33000183105469,86.33999633789062,75.06082916259766,3364200
2021-02-17,86.33999633789062,86.36000061035156,86.33999633789062,86.36000061035156,75.0782470703125,2307600
2021-02-18,86.36000061035156,86.37000274658203,86.33999633789062,86.36000061035156,75.0782470703125,2362300
2021-02-19,86.3499984741211,86.37000274658203,86.3499984741211,86.37000274658203,75.0869140625,2113900
2021-02-22,86.36000061035156,86.36000061035156,86.3499984741211,86.3499984741211,75.06951904296875,3801600
2021-02-23,86.33999633789062,86.36000061035156,86.33999633789062,86.36000061035156,75.0782470703125,9025900
2021-02-24,86.33000183105469,86.33999633789062,86.31999969482422,86.33999633789062,75.06082916259766,2530000
2021-02-25,86.27999877929688,86.27999877929688,86.16999816894531,86.20999908447266,74.94783020019531,4956100
2021-02-26,86.2699966430664,86.31999969482422,86.2300033569336,86.31999969482422,75.04347229003906,5187500
2021-03-01,86.29000091552734,86.30000305175781,86.2699966430664,86.29000091552734,75.03648376464844,3366700
2021-03-02,86.29000091552734,86.30999755859375,86.29000091552734,86.30999755859375,75.05387878417969,5519200
2021-03-03,86.29000091552734,86.29000091552734,86.25,86.26000213623047,75.01040649414062,2406100
2021-03-04,86.2699966430664,86.27999877929688,86.25,86.26000213623047,75.01040649414062,2566100
2021-03-05,86.23999786376953,86.26000213623047,86.2300033569336,86.26000213623047,75.01040649414062,4413600
2021-03-08,86.25,86.25,86.22000122070312,86.2300033569336,74.98435974121094,2729700
2021-03-09,86.2300033569336,86.2300033569336,86.20999908447266,86.2300033569336,74.98435974121094,3255500
2021-03-10,86.2300033569336,86.26000213623047,86.22000122070312,86.26000213623047,75.01040649414062,2860000
2021-03-11,86.2699966430664,86.2699966430664,86.25,86.26000213623047,75.01040649414062,3578500
2021-03-12,86.23999786376953,86.25,86.2300033569336,86.25,75.00173950195312,1824700
2021-03-15,86.23999786376953,86.26000213623047,86.23999786376953,86.26000213623047,75.01040649414062,2273700
2021-03-16,86.25,86.26000213623047,86.23999786376953,86.26000213623047,75.01040649414062,1853600
2021-03-17,86.25,86.30999755859375,86.23999786376953,86.27999877929688,75.02779388427734,3413300
2021-03-18,86.25,86.2699966430664,86.2300033569336,86.2699966430664,75.01910400390625,4692000
2021-03-19,86.26000213623047,86.29000091552734,86.23999786376953,86.2699966430664,75.01910400390625,3276300
2021-03-22,86.2699966430664,86.2699966430664,86.26000213623047,86.26000213623047,75.01040649414062,2118500
2021-03-23,86.27999877929688,86.27999877929688,86.2699966430664,86.2699966430664,75.01910400390625,3241300
2021-03-24,86.29000091552734,86.30000305175781,86.27999877929688,86.29000091552734,75.03648376464844,2322600
2021-03-25,86.30000305175781,86.30999755859375,86.27999877929688,86.30000305175781,75.04521942138672,2771400
2021-03-26,86.29000091552734,86.30999755859375,86.29000091552734,86.30000305175781,75.04521942138672,3068700
2021-03-29,86.29000091552734,86.30000305175781,86.2699966430664,86.27999877929688,75.02779388427734,2182000
2021-03-30,86.2699966430664,86.27999877929688,86.26000213623047,86.27999877929688,75.02779388427734,2213800
2021-03-31,86.2699966430664,86.2699966430664,86.25,86.25,75.00173950195312,4481000
2021-04-01,86.2300033569336,86.25,86.2300033569336,86.2300033569336,75.0008316040039,3614300
2021-04-05,86.19000244140625,86.22000122070312,86.18000030517578,86.20999908447266,74.98345947265625,3118200
2021-04-06,86.22000122070312,86.23999786376953,86.22000122070312,86.2300033569336,75.0008316040039,2497100
2021-04-07,86.25,86.26000213623047,86.23999786376953,86.23999786376953,75.00955963134766,3509100
2021-04-08,86.26000213623047,86.2699966430664,86.25,86.2699966430664,75.03564453125,2109800
2021-04-09,86.2300033569336,86.26000213623047,86.2300033569336,86.23999786376953,75.00955963134766,2496200
2021-04-12,86.2300033569336,86.23999786376953,86.20999908447266,86.22000122070312,74.99213409423828,1687100
2021-04-13,86.2300033569336,86.25,86.22000122070312,86.25,75.01824188232422,1237100
2021-04-14,86.23999786376953,86.25,86.23999786376953,86.25,75.01824188232422,1414000
2021-04-15,86.25,86.2699966430664,86.25,86.2699966430664,75.03564453125,1843200
2021-04-16,86.23999786376953,86.26000213623047,86.23999786376953,86.26000213623047,75.02690887451172,1674900
2021-04-19,86.23999786376953,86.26000213623047,86.23999786376953,86.25,75.01824188232422,2063900
2021-04-20,86.26000213623047,86.27999877929688,86.25,86.2699966430664,75.03564453125,2012700
2021-04-21,86.29000091552734,86.29000091552734,86.2699966430664,86.29000091552734,75.05305480957031,2061000
2021-04-22,86.2699966430664,86.27999877929688,86.26000213623047,86.27999877929688,75.04434204101562,4373500
2021-04-23,86.29000091552734,86.29000091552734,86.26000213623047,86.26000213623047,75.02690887451172,1535200
2021-04-26,86.26000213623047,86.26000213623047,86.23999786376953,86.23999786376953,75.00955963134766,1265800
2021-04-27,86.25,86.25,86.2300033569336,86.2300033569336,75.0008316040039,1473000
2021-04-28,86.23999786376953,86.26000213623047,86.2300033569336,86.25,75.01824188232422,2032700
2021-04-29,86.25,86.2699966430664,86.23999786376953,86.2699966430664,75.03564453125,1552900
2021-04-30,86.26000213623047,86.27999877929688,86.26000213623047,86.27999877929688,75.04434204101562,2367400
2021-05-03,86.26000213623047,86.2699966430664,86.25,86.26000213623047,75.037353515625,2910400
2021-05-04,86.26000213623047,86.27999877929688,86.26000213623047,86.26000213623047,75.037353515625,1972900
2021-05-05,86.26000213623047,86.27999877929688,86.26000213623047,86.27999877929688,75.05477142333984,1301900
2021-05-06,86.29000091552734,86.29000091552734,86.2699966430664,86.27999877929688,75.05477142333984,1981300
2021-05-07,86.30999755859375,86.31999969482422,86.30000305175781,86.30999755859375,75.08086395263672,1950300
2021-05-10,86.29000091552734,86.30000305175781,86.27999877929688,86.27999877929688,75.05477142333984,2483700
2021-05-11,86.27999877929688,86.29000091552734,86.2699966430664,86.2699966430664,75.04607391357422,2630000
2021-05-12,86.23999786376953,86.26000213623047,86.23999786376953,86.26000213623047,75.037353515625,4113100
2021-05-13,86.2699966430664,86.27999877929688,86.26000213623047,86.27999877929688,75.05477142333984,5495200
2021-05-14,86.27999877929688,86.29000091552734,86.27999877929688,86.27999877929688,75.05477142333984,3836400
2021-05-17,86.2699966430664,86.29000091552734,86.2699966430664,86.27999877929688,75.05477142333984,3861000
2021-05-18,86.29000091552734,86.29000091552734,86.27999877929688,86.29000091552734,75.06348419189453,3419200
2021-05-19,86.30000305175781,86.30000305175781,86.26000213623047,86.26000213623047,75.037353515625,5213300
2021-05-20,86.27999877929688,86.30000305175781,86.2699966430664,86.30000305175781,75.0721435546875,4011000
2021-05-21,86.30000305175781,86.30000305175781,86.27999877929688,86.27999877929688,75.05477142333984,1822400
2021-05-24,86.29000091552734,86.30000305175781,86.27999877929688,86.30000305175781,75.0721435546875,2565300
2021-05-25,86.30000305175781,86.30999755859375,86.29000091552734,86.30000305175781,75.0721435546875,2403900
2021-05-26,86.31999969482422,86.31999969482422,86.30999755859375,86.31999969482422,75.0895767211914,1810700
2021-05-27,86.30999755859375,86.31999969482422,86.30000305175781,86.31999969482422,75.0895767211914,1257900
2021-05-28,86.31999969482422,86.33000183105469,86.30999755859375,86.31999969482422,75.0895767211914,2054600
2021-06-01,86.29000091552734,86.30999755859375,86.29000091552734,86.29000091552734,75.07392120361328,2265800
2021-06-02,86.30999755859375,86.30999755859375,86.29000091552734,86.30000305175781,75.08258056640625,1234900
2021-06-03,86.27999877929688,86.29000091552734,86.2699966430664,86.2699966430664,75.05650329589844,1607800
2021-06-04,86.29000091552734,86.30000305175781,86.29000091552734,86.30000305175781,75.08258056640625,2060600
2021-06-07,86.29000091552734,86.29000091552734,86.27999877929688,86.29000091552734,75.07392120361328,1240100
2021-06-08,86.30000305175781,86.30999755859375,86.30000305175781,86.30999755859375,75.09129333496094,1504400
2021-06-09,86.31999969482422,86.31999969482422,86.29000091552734,86.29000091552734,75.07392120361328,2284000
2021-06-10,86.29000091552734,86.31999969482422,86.27999877929688,86.31999969482422,75.10001373291016,1736300
2021-06-11,86.31999969482422,86.31999969482422,86.30000305175781,86.30000305175781,75.08258056640625,1661000
2021-06-14,86.29000091552734,86.30000305175781,86.2699966430664,86.2699966430664,75.05650329589844,3526800
2021-06-15,86.27999877929688,86.27999877929688,86.26000213623047,86.26000213623047,75.04778289794922,12066300
2021-06-16,86.2699966430664,86.27999877929688,86.16999816894531,86.18000030517578,74.97819519042969,2094700
2021-06-17,86.19999694824219,86.19999694824219,86.16999816894531,86.18000030517578,74.97819519042969,2527100
2021-06-18,86.12000274658203,86.12999725341797,86.05999755859375,86.11000061035156,74.91731262207031,4317700
2021-06-21,86.08999633789062,86.12999725341797,86.08000183105469,86.12999725341797,74.93470001220703,5551300
2021-06-22,86.1500015258789,86.18000030517578,86.13999938964844,86.18000030517578,74.97819519042969,2681300
2021-06-23,86.16999816894531,86.16999816894531,86.12000274658203,86.12000274658203,74.92603302001953,2761200
2021-06-24,86.13999938964844,86.13999938964844,86.12000274658203,86.12999725341797,74.93470001220703,1273500
2021-06-25,86.13999938964844,86.13999938964844,86.12000274658203,86.12000274658203,74.92603302001953,1344300
2021-06-28,86.13999938964844,86.1500015258789,86.12999725341797,86.1500015258789,74.95209503173828,1484900
2021-06-29,86.12999725341797,86.1500015258789,86.12999725341797,86.13999938964844,74.94336700439453,1691200
2021-06-30,86.16000366210938,86.16000366210938,86.13999938964844,86.16000366210938,74.96078491210938,2585800
2021-07-01,86.13999938964844,86.13999938964844,86.12000274658203,86.12999725341797,74.94599914550781,2227100
2021-07-02,86.16000366210938,86.16999816894531,86.13999938964844,86.16999816894531,74.98078918457031,1863400
2021-07-06,86.16999816894531,86.20999908447266,86.16000366210938,86.19999694824219,75.00688934326172,3158600
2021-07-07,86.19000244140625,86.20999908447266,86.18000030517578,86.20999908447266,75.01560974121094,1723000
2021-07-08,86.2300033569336,86.26000213623047,86.2300033569336,86.25,75.05043029785156,1440800
2021-07-09,86.2300033569336,86.23999786376953,86.20999908447266,86.22000122070312,75.02429962158203,1258000
2021-07-12,86.20999908447266,86.22000122070312,86.18000030517578,86.19999694824219,75.00688934326172,1271000
2021-07-13,86.16000366210938,86.16000366210938,86.12999725341797,86.12999725341797,74.94599914550781,2683300
2021-07-14,86.16999816894531,86.19000244140625,86.16999816894531,86.19000244140625,74.99820709228516,1696000
2021-07-15,86.19999694824219,86.19999694824219,86.18000030517578,86.19999694824219,75.00688934326172,1396300
2021-07-16,86.16999816894531,86.20999908447266,86.16000366210938,86.19000244140625,74.99820709228516,1851600
2021-07-19,86.23999786376953,86.27999877929688,86.2300033569336,86.2300033569336,75.03302764892578,9352500
2021-07-20,86.27999877929688,86.29000091552734,86.25,86.2699966430664,75.06784057617188,2405300
2021-07-21,86.25,86.26000213623047,86.2300033569336,86.23999786376953,75.04174041748047,2789500
2021-07-22,86.23999786376953,86.26000213623047,86.2300033569336,86.25,75.05043029785156,2295700
2021-07-23,86.23999786376953,86.26000213623047,86.23999786376953,86.26000213623047,75.05911254882812,1386800
2021-07-26,86.26000213623047,86.26000213623047,86.23999786376953,86.23999786376953,75.04174041748047,2259200
2021-07-27,86.2699966430664,86.2699966430664,86.26000213623047,86.26000213623047,75.05911254882812,1387000
2021-07-28,86.26000213623047,86.27999877929688,86.2300033569336,86.2699966430664,75.06784057617188,2438500
2021-07-29,86.25,86.2699966430664,86.25,86.2699966430664,75.06784057617188,1197600
2021-07-30,86.27999877929688,86.29000091552734,86.2699966430664,86.29000091552734,75.08524322509766,2019300
2021-08-02,86.29000091552734,86.31999969482422,86.29000091552734,86.30999755859375,75.11309051513672,3399900
2021-08-03,86.30999755859375,86.31999969482422,86.30000305175781,86.30999755859375,75.11309051513672,1221700
2021-08-04,86.31999969482422,86.33999633789062,86.26000213623047,86.27999877929688,75.08695220947266,1878600
2021-08-05,86.23999786376953,86.25,86.22000122070312,86.23999786376953,75.05216979980469,1400000
2021-08-06,86.20999908447266,86.22000122070312,86.20999908447266,86.20999908447266,75.02603912353516,2313700
2021-08-09,86.22000122070312,86.2300033569336,86.18000030517578,86.18000030517578,74.99993896484375,1862800
2021-08-10,86.18000030517578,86.19000244140625,86.1500015258789,86.1500015258789,74.97383117675781,1198100
2021-08-11,86.16999816894531,86.19999694824219,86.16999816894531,86.19000244140625,75.0086441040039,1837300
2021-08-12,86.18000030517578,86.19000244140625,86.16999816894531,86.19000244140625,75.0086441040039,1792800
2021-08-13,86.18000030517578,86.20999908447266,86.18000030517578,86.19999694824219,75.0173110961914,1333000
2021-08-16,86.22000122070312,86.23999786376953,86.20999908447266,86.22000122070312,75.03472137451172,1797100
2021-08-17,86.20999908447266,86.2300033569336,86.19999694824219,86.19999694824219,75.0173110961914,1579600
2021-08-18,86.19999694824219,86.22000122070312,86.18000030517578,86.19999694824219,75.0173110961914,2310100
2021-08-19,86.22000122070312,86.22000122070312,86.19000244140625,86.19999694824219,75.0173110961914,1780800
2021-08-20,86.19999694824219,86.20999908447266,86.19000244140625,86.19999694824219,75.0173110961914,1685300
2021-08-23,86.19000244140625,86.19999694824219,86.18000030517578,86.19999694824219,75.0173110961914,1532500
2021-08-24,86.19999694824219,86.19999694824219,86.18000030517578,86.19000244140625,75.0086441040039,1249900
2021-08-25,86.19999694824219,86.19999694824219,86.16999816894531,86.18000030517578,74.99993896484375,1319600
2021-08-26,86.18000030517578,86.19999694824219,86.16999816894531,86.18000030517578,74.99993896484375,2078600
2021-08-27,86.19999694824219,86.23999786376953,86.16999816894531,86.23999786376953,75.05216979980469,2774900
2021-08-30,86.23999786376953,86.2699966430664,86.2300033569336,86.26000213623047,75.06954193115234,1438000
2021-08-31,86.26000213623047,86.26000213623047,86.25,86.25,75.06088256835938,2052200
2021-09-01,86.23999786376953,86.23999786376953,86.22000122070312,86.2300033569336,75.05476379394531,1324600
2021-09-02,86.2300033569336,86.23999786376953,86.22000122070312,86.2300033569336,75.05476379394531,1640100
2021-09-03,86.2300033569336,86.23999786376953,86.2300033569336,86.2300033569336,75.05476379394531,1136600
2021-09-07,86.22000122070312,86.22000122070312,86.19999694824219,86.19999694824219,75.02864837646484,1468700
2021-09-08,86.22000122070312,86.2300033569336,86.20999908447266,86.22000122070312,75.04606628417969,1607200
2021-09-09,86.20999908447266,86.23999786376953,86.20999908447266,86.23999786376953,75.06349182128906,1600700
2021-09-10,86.20999908447266,86.2300033569336,86.20999908447266,86.20999908447266,75.03734588623047,1380200
2021-09-13,86.22000122070312,86.2300033569336,86.22000122070312,86.2300033569336,75.05476379394531,1095900
2021-09-14,86.23999786376953,86.25,86.2300033569336,86.23999786376953,75.06349182128906,1422900
2021-09-15,86.2300033569336,86.23999786376953,86.22000122070312,86.23999786376953,75.06349182128906,1790500
2021-09-16,86.20999908447266,86.22000122070312,86.19999694824219,86.20999908447266,75.03734588623047,1095300
2021-09-17,86.19999694824219,86.19999694824219,86.19000244140625,86.19000244140625,75.01992797851562,2905000
2021-09-20,86.20999908447266,86.22000122070312,86.19999694824219,86.20999908447266,75.03734588623047,2407400
2021-09-21,86.22000122070312,86.23999786376953,86.22000122070312,86.2300033569336,75.05476379394531,1931300
2021-09-22,86.20999908447266,86.2300033569336,86.16000366210938,86.18000030517578,75.01123809814453,1606100
2021-09-23,86.1500015258789,86.16000366210938,86.12999725341797,86.12999725341797,74.96772766113281,2855800
2021-09-24,86.12999725341797,86.13999938964844,86.0999984741211,86.0999984741211,74.94159698486328,1462800
2021-09-27,86.0999984741211,86.11000061035156,86.08999633789062,86.08999633789062,74.93291473388672,1835300
2021-09-28,86.0999984741211,86.11000061035156,86.08999633789062,86.0999984741211,74.94159698486328,2489500
2021-09-29,86.11000061035156,86.12999725341797,86.11000061035156,86.12999725341797,74.96772766113281,3552100
2021-09-30,86.11000061035156,86.1500015258789,86.11000061035156,86.1500015258789,74.98514556884766,4498600
2021-10-01,86.16000366210938,86.18000030517578,86.1500015258789,86.18000030517578,75.02083587646484,3991700
2021-10-04,86.1500015258789,86.16000366210938,86.13999938964844,86.13999938964844,74.98597717285156,12146800
2021-10-05,86.12999725341797,86.13999938964844,86.12000274658203,86.12999725341797,74.9773178100586,3590900
2021-10-06,86.12000274658203,86.12000274658203,86.0999984741211,86.12000274658203,74.9686050415039,3850200
2021-10-07,86.0999984741211,86.0999984741211,86.08000183105469,86.08999633789062,74.9424819946289,2452100
2021-10-08,86.0999984741211,86.0999984741211,86.05000305175781,86.05999755859375,74.9163589477539,1969600
2021-10-11,86.0199966430664,86.04000091552734,85.98999786376953,85.98999786376953,74.85545349121094,2012100
2021-10-12,86.02999877929688,86.04000091552734,86.0,86.02999877929688,74.8902587890625,1945700
2021-10-13,85.9800033569336,86.01000213623047,85.9800033569336,86.0,74.8641357421875,2764300
2021-10-14,86.01000213623047,86.0199966430664,85.94000244140625,86.0,74.8641357421875,3496500
2021-10-15,85.97000122070312,85.98999786376953,85.93000030517578,85.94999694824219,74.82060241699219,2839800
2021-10-18,85.88999938964844,85.91999816894531,85.87000274658203,85.88999938964844,74.76837158203125,2968700
2021-10-19,85.91999816894531,85.94000244140625,85.91999816894531,85.91999816894531,74.79449462890625,1838600
2021-10-20,85.94000244140625,85.94999694824219,85.94000244140625,85.94999694824219,74.82060241699219,2360700
2021-10-21,85.87999725341797,85.88999938964844,85.83999633789062,85.8499984741211,74.73357391357422,2117400
2021-10-22,85.81999969482422,85.83000183105469,85.7699966430664,85.83000183105469,74.71614837646484,3414900
2021-10-25,85.83999633789062,85.87999725341797,85.83999633789062,85.87000274658203,74.75098419189453,1990400
2021-10-26,85.8499984741211,85.86000061035156,85.83000183105469,85.8499984741211,74.73357391357422,2870300
2021-10-27,85.86000061035156,85.87000274658203,85.7699966430664,85.83000183105469,74.71614837646484,4373600
2021-10-28,85.80000305175781,85.87999725341797,85.79000091552734,85.83999633789062,74.72484588623047,2970000
2021-10-29,85.77999877929688,85.87999725341797,85.76000213623047,85.8499984741211,74.73357391357422,3957900
2021-11-01,85.79000091552734,85.81999969482422,85.7699966430664,85.80000305175781,74.69962310791016,5050500
2021-11-02,85.86000061035156,85.9000015258789,85.83999633789062,85.88999938964844,74.77796173095703,2187800
2021-11-03,85.87000274658203,85.88999938964844,85.79000091552734,85.87000274658203,74.76052856445312,3242400
2021-11-04,85.91999816894531,85.98999786376953,85.91999816894531,85.94999694824219,74.8301773071289,3545800
2021-11-05,85.93000030517578,86.0,85.91999816894531,85.98999786376953,74.86503601074219,2946700
2021-11-08,85.94999694824219,85.95999908447266,85.87999725341797,85.88999938964844,74.77796173095703,2292900
2021-11-09,85.94000244140625,85.95999908447266,85.93000030517578,85.94000244140625,74.8215103149414,1938700
2021-11-10,85.81999969482422,85.83999633789062,85.7699966430664,85.7699966430664,74.67353057861328,5382400
2021-11-11,85.75,85.76000213623047,85.70999908447266,85.70999908447266,74.62125396728516,1839100
2021-11-12,85.77999877929688,85.80000305175781,85.75,85.77999877929688,74.68220520019531,3130800
2021-11-15,85.79000091552734,85.79000091552734,85.73999786376953,85.7699966430664,74.67353057861328,2433500
2021-11-16,85.75,85.77999877929688,85.66999816894531,85.7699966430664,74.67353057861328,1722500
2021-11-17,85.76000213623047,85.80000305175781,85.75,85.80000305175781,74.69962310791016,1445900
2021-11-18,85.77999877929688,85.80999755859375,85.7699966430664,85.79000091552734,74.6908950805664,1620300
2021-11-19,85.86000061035156,85.87999725341797,85.7699966430664,85.7699966430664,74.67353057861328,2791100
2021-11-22,85.69000244140625,85.70999908447266,85.6500015258789,85.66999816894531,74.58641052246094,3126600
2021-11-23,85.68000030517578,85.69999694824219,85.66000366210938,85.66999816894531,74.58641052246094,2892300
2021-11-24,85.63999938964844,85.66000366210938,85.62000274658203,85.6500015258789,74.56903839111328,1613400
2021-11-26,85.83000183105469,85.88999938964844,85.81999969482422,85.81999969482422,74.71702575683594,2842700
2021-11-29,85.80999755859375,85.86000061035156,85.79000091552734,85.86000061035156,74.75184631347656,3767900
2021-11-30,85.91000366210938,85.95999908447266,85.76000213623047,85.79000091552734,74.6908950805664,6358600
2021-12-01,85.66999816894531,85.75,85.61000061035156,85.75,74.69961547851562,10046200
2021-12-02,85.68000030517578,85.69000244140625,85.61000061035156,85.63999938964844,74.60379791259766,4117900
2021-12-03,85.5999984741211,85.70999908447266,85.58999633789062,85.69000244140625,74.64735412597656,2931600
2021-12-06,85.66000366210938,85.66999816894531,85.5999984741211,85.62000274658203,74.58634948730469,4120400
2021-12-07,85.55000305175781,85.55999755859375,85.51000213623047,85.51000213623047,74.49053955078125,4194600
2021-12-08,85.48999786376953,85.54000091552734,85.4800033569336,85.54000091552734,74.51665496826172,2396700
2021-12-09,85.52999877929688,85.55999755859375,85.51000213623047,85.51000213623047,74.49053955078125,1829300
2021-12-10,85.54000091552734,85.61000061035156,85.5199966430664,85.55000305175781,74.52539825439453,1854400
2021-12-13,85.55000305175781,85.62000274658203,85.54000091552734,85.5999984741211,74.56895446777344,2589400
2021-12-14,85.55000305175781,85.58000183105469,85.55000305175781,85.55000305175781,74.52539825439453,3931700
2021-12-15,85.54000091552734,85.58000183105469,85.47000122070312,85.58000183105469,74.55152130126953,5859800
2021-12-16,85.58000183105469,85.62999725341797,85.58000183105469,85.62999725341797,74.61075592041016,2523500
2021-12-17,85.62000274658203,85.6500015258789,85.56999969482422,85.58999633789062,74.5759048461914,2459300
2021-12-20,85.63999938964844,85.66999816894531,85.61000061035156,85.61000061035156,74.59335327148438,5130600
2021-12-21,85.56999969482422,85.58000183105469,85.52999877929688,85.55999755859375,74.54978942871094,2031700
2021-12-22,85.55999755859375,85.56999969482422,85.52999877929688,85.55000305175781,74.54107666015625,3726000
2021-12-23,85.55000305175781,85.55000305175781,85.5199966430664,85.54000091552734,74.53233337402344,1919700
2021-12-27,85.48999786376953,85.51000213623047,85.4800033569336,85.51000213623047,74.50621032714844,2270700
2021-12-28,85.51000213623047,85.52999877929688,85.5,85.51000213623047,74.50621032714844,3464800
2021-12-29,85.5,85.5199966430664,85.48999786376953,85.5,74.49750518798828,3110300
2021-12-30,85.51000213623047,85.55000305175781,85.5,85.55000305175781,74.54107666015625,1619100
2021-12-31,85.55999755859375,85.56999969482422,85.51000213623047,85.54000091552734,74.53233337402344,2649500
2022-01-03,85.44999694824219,85.45999908447266,85.41999816894531,85.44000244140625,74.44522094726562,5301700
2022-01-04,85.44000244140625,85.48999786376953,85.44000244140625,85.48999786376953,74.4887924194336,2759300
2022-01-05,85.45999908447266,85.45999908447266,85.37000274658203,85.37999725341797,74.39293670654297,2851800
2022-01-06,85.33000183105469,85.33999633789062,85.29000091552734,85.30999755859375,74.33192443847656,3526800
2022-01-07,85.27999877929688,85.31999969482422,85.26000213623047,85.29000091552734,74.31452941894531,2658000
2022-01-10,85.2699966430664,85.27999877929688,85.23999786376953,85.23999786376953,74.27095031738281,4347300
2022-01-11,85.19000244140625,85.2699966430664,85.18000030517578,85.2699966430664,74.29707336425781,15869300
2022-01-12,85.27999877929688,85.27999877929688,85.23999786376953,85.23999786376953,74.27095031738281,7286200
2022-01-13,85.26000213623047,85.29000091552734,85.25,85.27999877929688,74.30581665039062,3739100
2022-01-14,85.25,85.25,85.16999816894531,85.16999816894531,74.20994567871094,2064800
2022-01-18,85.08999633789062,85.0999984741211,85.02999877929688,85.04000091552734,74.0966796875,3257300
2022-01-19,85.06999969482422,85.12000274658203,85.06999969482422,85.08000183105469,74.13154602050781,3753500
2022-01-20,85.06999969482422,85.08000183105469,85.05000305175781,85.05999755859375,74.11412048339844,2762400
2022-01-21,85.1500015258789,85.16999816894531,85.12000274658203,85.12999725341797,74.17510223388672,5322600
2022-01-24,85.16999816894531,85.23999786376953,85.1500015258789,85.18000030517578,74.21869659423828,7835800
2022-01-25,85.19000244140625,85.20999908447266,85.13999938964844,85.13999938964844,74.18382263183594,4657100
2022-01-26,85.1500015258789,85.18000030517578,84.97000122070312,84.98999786376953,74.05313873291016,10878900
2022-01-27,84.91999816894531,84.95999908447266,84.9000015258789,84.91999816894531,73.99214172363281,7524900
2022-01-28,84.91999816894531,84.97000122070312,84.91000366210938,84.94999694824219,74.01827239990234,4613200
2022-01-31,84.93000030517578,84.97000122070312,84.9000015258789,84.94999694824219,74.01827239990234,7218500
2022-02-01,84.94999694824219,84.94999694824219,84.87000274658203,84.91999816894531,74.01217651367188,13138500
2022-02-02,84.94999694824219,84.97000122070312,84.93000030517578,84.94000244140625,74.02961730957031,5492000
2022-02-03,84.9000015258789,84.9000015258789,84.8499984741211,84.87000274658203,73.9686050415039,3620800
2022-02-04,84.75,84.75,84.66000366210938,84.69999694824219,73.82041931152344,9404700
2022-02-07,84.72000122070312,84.7300033569336,84.68000030517578,84.72000122070312,73.83784484863281,3555700
2022-02-08,84.68000030517578,84.69000244140625,84.62999725341797,84.62999725341797,73.7593994140625,14355600
2022-02-09,84.66000366210938,84.66999816894531,84.61000061035156,84.62000274658203,73.75072479248047,2976900
2022-02-10,84.44999694824219,84.45999908447266,84.19000244140625,84.19000244140625,73.3759994506836,5892000
2022-02-11,84.33000183105469,84.44999694824219,84.25,84.44999694824219,73.6025390625,5432400
2022-02-14,84.27999877929688,84.33000183105469,84.22000122070312,84.2699966430664,73.44567108154297,4375400
2022-02-15,84.2699966430664,84.31999969482422,84.25,84.30000305175781,73.47180938720703,2127700
2022-02-16,84.33000183105469,84.41999816894531,84.30999755859375,84.41000366210938,73.56768035888672,3335200
2022-02-17,84.41000366210938,84.45999908447266,84.4000015258789,84.45999908447266,73.61123657226562,4442900
2022-02-18,84.48999786376953,84.5199966430664,84.44000244140625,84.47000122070312,73.61998748779297,2459400
2022-02-22,84.41999816894531,84.44000244140625,84.36000061035156,84.38999938964844,73.55026245117188,3487300
2022-02-23,84.36000061035156,84.38999938964844,84.31999969482422,84.33999633789062,73.50666046142578,4258700
2022-02-24,84.5199966430664,84.54000091552734,84.38999938964844,84.41000366210938,73.56768035888672,4573600
2022-02-25,84.37000274658203,84.41000366210938,84.31999969482422,84.41000366210938,73.56768035888672,4279100
2022-02-28,84.55999755859375,84.62999725341797,84.55000305175781,84.55999755859375,73.69843292236328,5265300
2022-03-01,84.70999908447266,84.86000061035156,84.69000244140625,84.7300033569336,73.86841583251953,7383600
2022-03-02,84.5999984741211,84.61000061035156,84.43000030517578,84.44999694824219,73.62431335449219,5250800
2022-03-03,84.44000244140625,84.48999786376953,84.4000015258789,84.44999694824219,73.62431335449219,6877400
2022-03-04,84.52999877929688,84.5999984741211,84.5199966430664,84.54000091552734,73.70274353027344,2880500
2022-03-07,84.45999908447266,84.51000213623047,84.43000030517578,84.43000030517578,73.60688018798828,6302700
2022-03-08,84.37999725341797,84.41000366210938,84.30000305175781,84.31999969482422,73.51097869873047,5585700
2022-03-09,84.26000213623047,84.29000091552734,84.2300033569336,84.2699966430664,73.46735382080078,4988900
2022-03-10,84.19999694824219,84.20999908447266,84.16000366210938,84.19999694824219,73.40636444091797,4780300
2022-03-11,84.16999816894531,84.18000030517578,84.12000274658203,84.16999816894531,73.38020324707031,2620800
2022-03-14,84.02999877929688,84.05000305175781,83.94999694824219,83.94999694824219,73.18840026855469,3874900
2022-03-15,84.08000183105469,84.08999633789062,83.97000122070312,83.9800033569336,73.21458435058594,4999800
2022-03-16,83.95999908447266,83.9800033569336,83.76000213623047,83.9000015258789,73.14482116699219,5365100
2022-03-17,83.86000061035156,83.9000015258789,83.83999633789062,83.87000274658203,73.11866760253906,4453400
2022-03-18,83.83000183105469,83.87000274658203,83.81999969482422,83.8499984741211,73.1012191772461,4946500
2022-03-21,83.73999786376953,83.76000213623047,83.55999755859375,83.56999969482422,72.85712432861328,5342500
2022-03-22,83.4800033569336,83.54000091552734,83.45999908447266,83.51000213623047,72.8047866821289,2931500
2022-03-23,83.55999755859375,83.61000061035156,83.5199966430664,83.58000183105469,72.86582946777344,4184400
2022-03-24,83.55000305175781,83.56999969482422,83.5,83.55999755859375,72.84838104248047,3311200
2022-03-25,83.44000244140625,83.44000244140625,83.2699966430664,83.33000183105469,72.64789581298828,4601800
2022-03-28,83.27999877929688,83.31999969482422,83.25,83.25,72.5781478881836,2991200
2022-03-29,83.27999877929688,83.33999633789062,83.2300033569336,83.29000091552734,72.61299133300781,4640300
2022-03-30,83.27999877929688,83.37000274658203,83.2699966430664,83.3499984741211,72.6653060913086,5826600
2022-03-31,83.37999725341797,83.41999816894531,83.33999633789062,83.3499984741211,72.6653060913086,5328800
2022-04-01,83.12999725341797,83.19000244140625,83.11000061035156,83.13999938964844,72.5135498046875,10292300
2022-04-04,83.16999816894531,83.19999694824219,83.12000274658203,83.19000244140625,72.55717468261719,5015400
2022-04-05,83.13999938964844,83.13999938964844,83.0199966430664,83.04000091552734,72.42633819580078,4694600
2022-04-06,83.01000213623047,83.19000244140625,82.98999786376953,83.0999984741211,72.47866821289062,7479700
2022-04-07,83.16000366210938,83.20999908447266,83.12000274658203,83.16000366210938,72.531005859375,6184500
2022-04-08,83.05000305175781,83.12000274658203,83.05000305175781,83.05999755859375,72.44379425048828,4539500
2022-04-11,83.02999877929688,83.11000061035156,83.0199966430664,83.08000183105469,72.46122741699219,6705400
2022-04-12,83.20999908447266,83.30999755859375,83.19000244140625,83.29000091552734,72.64437103271484,5658800
2022-04-13,83.36000061035156,83.45999908447266,83.30999755859375,83.33000183105469,72.67928314208984,4808100
2022-04-14,83.26000213623047,83.27999877929688,83.16000366210938,83.18000030517578,72.54846954345703,4336200
2022-04-18,83.19999694824219,83.20999908447266,83.16000366210938,83.18000030517578,72.54846954345703,4100100
2022-04-19,83.08000183105469,83.11000061035156,82.97000122070312,82.98999786376953,72.38270568847656,5811000
2022-04-20,83.0,83.05000305175781,82.9800033569336,83.04000091552734,72.42633819580078,6121600
2022-04-21,82.94999694824219,82.94999694824219,82.81999969482422,82.9000015258789,72.30422973632812,7119600
2022-04-22,82.76000213623047,82.91999816894531,82.76000213623047,82.87999725341797,72.28680419921875,5426000
2022-04-25,83.05000305175781,83.16000366210938,82.98999786376953,83.01000213623047,72.4001693725586,5772300
2022-04-26,83.13999938964844,83.18000030517578,83.0999984741211,83.16000366210938,72.531005859375,6670600
2022-04-27,83.20999908447266,83.22000122070312,83.08000183105469,83.12000274658203,72.49607849121094,8770900
2022-04-28,83.05000305175781,83.06999969482422,82.9800033569336,83.05999755859375,72.44379425048828,4671300
2022-04-29,82.88999938964844,82.9800033569336,82.88999938964844,82.9000015258789,72.30422973632812,8047300
2022-05-02,82.87000274658203,82.88999938964844,82.83000183105469,82.8499984741211,72.29901885986328,10907500
2022-05-03,82.87999725341797,82.9000015258789,82.77999877929688,82.80999755859375,72.26409149169922,7556800
2022-05-04,82.7300033569336,83.04000091552734,82.66999816894531,83.02999877929688,72.45604705810547,11387900
2022-05-05,82.93000030517578,82.94999694824219,82.83999633789062,82.88999938964844,72.3338851928711,6415700
2022-05-06,82.88999938964844,83.0,82.86000061035156,82.87999725341797,72.32515716552734,6375000
2022-05-09,83.0,83.11000061035156,82.98999786376953,83.08999633789062,72.50843811035156,6956200
2022-05-10,83.11000061035156,83.12999725341797,83.02999877929688,83.04000091552734,72.4648208618164,10070100
2022-05-11,82.9800033569336,83.08999633789062,82.91999816894531,83.05000305175781,72.47351837158203,7797800
2022-05-12,83.13999938964844,83.23999786376953,83.11000061035156,83.16999816894531,72.57826232910156,5231400
2022-05-13,83.11000061035156,83.13999938964844,83.06999969482422,83.13999938964844,72.55204010009766,5002600
2022-05-16,83.16999816894531,83.2300033569336,83.16000366210938,83.19000244140625,72.5956802368164,4515800
2022-05-17,83.02999877929688,83.11000061035156,82.98999786376953,83.01000213623047,72.4386215209961,3569200
2022-05-18,82.9800033569336,83.11000061035156,82.97000122070312,83.05000305175781,72.47351837158203,3613800
2022-05-19,83.22000122070312,83.22000122070312,83.13999938964844,83.16999816894531,72.57826232910156,4523400
2022-05-20,83.18000030517578,83.29000091552734,83.16000366210938,83.2300033569336,72.6305923461914,4869500
2022-05-23,83.22000122070312,83.23999786376953,83.16000366210938,83.19000244140625,72.5956802368164,3648100
2022-05-24,83.26000213623047,83.41999816894531,83.25,83.37999725341797,72.76148986816406,4830000
2022-05-25,83.4800033569336,83.4800033569336,83.38999938964844,83.44000244140625,72.81385803222656,3377200
2022-05-26,83.51000213623047,83.52999877929688,83.43000030517578,83.45999908447266,72.8313217163086,5493200
2022-05-27,83.48999786376953,83.5,83.44000244140625,83.4800033569336,72.84878540039062,6058600
2022-05-31,83.38999938964844,83.38999938964844,83.31999969482422,83.3499984741211,72.7353286743164,8197900
2022-06-01,83.23999786376953,83.2699966430664,83.0999984741211,83.12999725341797,72.59993743896484,10980900
2022-06-02,83.16000366210938,83.18000030517578,83.11000061035156,83.1500015258789,72.61738586425781,5243200
2022-06-03,83.0999984741211,83.13999938964844,83.0999984741211,83.12000274658203,72.59121704101562,3224000
2022-06-06,83.08000183105469,83.08000183105469,83.01000213623047,83.01000213623047,72.49515533447266,3584900
2022-06-07,83.05000305175781,83.08000183105469,83.01000213623047,83.0199966430664,72.5038833618164,3944900
2022-06-08,82.98999786376953,83.01000213623047,82.95999908447266,82.95999908447266,72.45149993896484,4133100
2022-06-09,82.93000030517578,82.95999908447266,82.87999725341797,82.9000015258789,72.39909362792969,5332600
2022-06-10,82.72000122070312,82.73999786376953,82.55000305175781,82.55000305175781,72.09343719482422,6124200
2022-06-13,82.30999755859375,82.33999633789062,82.01000213623047,82.12999725341797,71.72663116455078,8794300
2022-06-14,82.1500015258789,82.18000030517578,81.94000244140625,81.97000122070312,71.5869140625,8106200
2022-06-15,82.12999725341797,82.33999633789062,82.0,82.29000091552734,71.8663558959961,9018300
2022-06-16,82.19000244140625,82.43000030517578,82.16000366210938,82.4000015258789,71.96243286132812,8076400
2022-06-17,82.43000030517578,82.44000244140625,82.29000091552734,82.37999725341797,71.9449234008789,8188800
2022-06-21,82.33000183105469,82.36000061035156,82.30999755859375,82.3499984741211,71.91876220703125,5443800
2022-06-22,82.52999877929688,82.58999633789062,82.51000213623047,82.58999633789062,72.12834930419922,4110700
2022-06-23,82.73999786376953,82.86000061035156,82.6500015258789,82.66000366210938,72.1894760131836,6229400
2022-06-24,82.61000061035156,82.7300033569336,82.58999633789062,82.63999938964844,72.17201232910156,6103300
2022-06-27,82.55000305175781,82.62000274658203,82.4800033569336,82.55000305175781,72.09343719482422,7376400
2022-06-28,82.51000213623047,82.54000091552734,82.48999786376953,82.52999877929688,72.07593536376953,4399500
2022-06-29,82.52999877929688,82.63999938964844,82.5199966430664,82.62999725341797,72.16328430175781,4170700
2022-06-30,82.76000213623047,82.8499984741211,82.73999786376953,82.79000091552734,72.30301666259766,16742600
2022-07-01,82.91999816894531,83.06999969482422,82.88999938964844,82.95999908447266,72.52070617675781,9559300
2022-07-05,82.9800033569336,83.01000213623047,82.93000030517578,82.94999694824219,72.51193237304688,9888800
2022-07-06,82.97000122070312,82.97000122070312,82.70999908447266,82.72000122070312,72.31086730957031,4883800
2022-07-07,82.72000122070312,82.72000122070312,82.61000061035156,82.66000366210938,72.25846099853516,4906300
2022-07-08,82.58000183105469,82.58999633789062,82.5199966430664,82.55999755859375,72.1710205078125,3249100
2022-07-11,82.63999938964844,82.69000244140625,82.58000183105469,82.58999633789062,72.19723510742188,16663800
2022-07-12,82.69000244140625,82.7300033569336,82.62000274658203,82.62999725341797,72.23223114013672,6373100
2022-07-13,82.44000244140625,82.63999938964844,82.43000030517578,82.54000091552734,72.15353393554688,11769700
2022-07-14,82.37999725341797,82.56999969482422,82.33999633789062,82.51000213623047,72.12733459472656,6656800
2022-07-15,82.5,82.62999725341797,82.48999786376953,82.56999969482422,72.17974853515625,5961500
2022-07-18,82.5199966430664,82.54000091552734,82.47000122070312,82.5199966430664,72.13603973388672,2608200
2022-07-19,82.52999877929688,82.54000091552734,82.41999816894531,82.43000030517578,72.05741119384766,9115200
2022-07-20,82.51000213623047,82.51000213623047,82.41000366210938,82.41999816894531,72.04862213134766,5453600
2022-07-21,82.54000091552734,82.66999816894531,82.5199966430664,82.6500015258789,72.24970245361328,5850000
2022-07-22,82.81999969482422,82.94999694824219,82.80999755859375,82.86000061035156,72.43328857421875,6038100
2022-07-25,82.79000091552734,82.83000183105469,82.7699966430664,82.79000091552734,72.37208557128906,20449500
2022-07-26,82.87000274658203,82.87999725341797,82.75,82.75,72.33709716796875,2854600
2022-07-27,82.7699966430664,82.91000366210938,82.7300033569336,82.87999725341797,72.45074462890625,7051600
2022-07-28,83.08000183105469,83.0999984741211,83.01000213623047,83.05999755859375,72.60811614990234,5573700
2022-07-29,83.0,83.08999633789062,82.9800033569336,83.05000305175781,72.599365234375,5546100
2022-08-01,82.95999908447266,82.9800033569336,82.9000015258789,82.95999908447266,72.59759521484375,6463000
2022-08-02,82.94999694824219,82.97000122070312,82.66999816894531,82.66999816894531,72.34384155273438,14265300
2022-08-03,82.6500015258789,82.69999694824219,82.51000213623047,82.69999694824219,72.37008666992188,6485500
2022-08-04,82.72000122070312,82.83000183105469,82.69000244140625,82.80999755859375,72.46635437011719,5411500
2022-08-05,82.5,82.54000091552734,82.44999694824219,82.47000122070312,72.16883850097656,5049700
2022-08-08,82.52999877929688,82.55999755859375,82.51000213623047,82.55000305175781,72.23881530761719,6868900
2022-08-09,82.4800033569336,82.48999786376953,82.44000244140625,82.47000122070312,72.16883850097656,3742100
2022-08-10,82.66999816894531,82.72000122070312,82.54000091552734,82.55000305175781,72.23881530761719,6820900
2022-08-11,82.66000366210938,82.69000244140625,82.5199966430664,82.5199966430664,72.21257019042969,4071500
2022-08-12,82.61000061035156,82.62000274658203,82.51000213623047,82.54000091552734,72.23008728027344,4782800
2022-08-15,82.62000274658203,82.6500015258789,82.58999633789062,82.61000061035156,72.29134368896484,17015900
2022-08-16,82.58999633789062,82.58999633789062,82.52999877929688,82.54000091552734,72.23008728027344,3249300
2022-08-17,82.41999816894531,82.48999786376953,82.38999938964844,82.47000122070312,72.16883850097656,4162400
2022-08-18,82.55999755859375,82.61000061035156,82.5199966430664,82.58999633789062,72.27383422851562,3648300
2022-08-19,82.51000213623047,82.54000091552734,82.4800033569336,82.52999877929688,72.22132873535156,4519300
2022-08-22,82.45999908447266,82.48999786376953,82.4000015258789,82.41999816894531,72.12505340576172,3739700
2022-08-23,82.44000244140625,82.56999969482422,82.41000366210938,82.45999908447266,72.16006469726562,4227600
2022-08-24,82.43000030517578,82.44999694824219,82.37000274658203,82.37000274658203,72.08130645751953,4551800
2022-08-25,82.44000244140625,82.45999908447266,82.4000015258789,82.41999816894531,72.12505340576172,3026400
2022-08-26,82.41000366210938,82.44999694824219,82.33999633789062,82.4000015258789,72.10755157470703,4304000
2022-08-29,82.37999725341797,82.38999938964844,82.33000183105469,82.33999633789062,72.0550537109375,3656100
2022-08-30,82.31999969482422,82.36000061035156,82.25,82.30000305175781,72.02006530761719,4626200
2022-08-31,82.30999755859375,82.3499984741211,82.2699966430664,82.29000091552734,72.01129150390625,5424100
2022-09-01,82.13999938964844,82.19000244140625,82.06999969482422,82.12999725341797,71.95872497558594,6728700
2022-09-02,82.29000091552734,82.33999633789062,82.23999786376953,82.30999755859375,72.11644744873047,4105600
2022-09-06,82.19000244140625,82.19999694824219,82.12999725341797,82.12999725341797,71.95872497558594,4991800
2022-09-07,82.18000030517578,82.25,82.16000366210938,82.25,72.06388854980469,4425300
2022-09-08,82.19999694824219,82.22000122070312,82.13999938964844,82.1500015258789,71.97625732421875,4979800
2022-09-09,82.1500015258789,82.18000030517578,82.05000305175781,82.08000183105469,71.91494750976562,4072200
2022-09-12,82.12999725341797,82.13999938964844,82.05000305175781,82.06999969482422,71.90618133544922,3139400
2022-09-13,81.81999969482422,81.8499984741211,81.73999786376953,81.79000091552734,71.66082763671875,6543600
2022-09-14,81.72000122070312,81.79000091552734,81.70999908447266,81.72000122070312,71.5994873046875,4744800
2022-09-15,81.66999816894531,81.69000244140625,81.62999725341797,81.62999725341797,71.5206527709961,3592100
2022-09-16,81.5999984741211,81.69999694824219,81.58999633789062,81.66999816894531,71.55571746826172,4366200
2022-09-19,81.55000305175781,81.5999984741211,81.52999877929688,81.58000183105469,71.47685241699219,4378200
2022-09-20,81.54000091552734,81.66999816894531,81.51000213623047,81.54000091552734,71.4417724609375,15975300
2022-09-21,81.54000091552734,81.55000305175781,81.31999969482422,81.47000122070312,71.38046264648438,4475800
2022-09-22,81.37999725341797,81.38999938964844,81.27999877929688,81.31999969482422,71.24900817871094,6605100
2022-09-23,81.31999969482422,81.33999633789062,81.19999694824219,81.22000122070312,71.16144561767578,10192800
2022-09-26,81.18000030517578,81.19999694824219,81.0,81.04000091552734,71.00373077392578,6145800
2022-09-27,81.11000061035156,81.12000274658203,81.01000213623047,81.04000091552734,71.00373077392578,15088300
2022-09-28,81.30000305175781,81.38999938964844,81.2300033569336,81.38999938964844,71.31037139892578,7793400
2022-09-29,81.25,81.30999755859375,81.19000244140625,81.27999877929688,71.21398162841797,4734800
2022-09-30,81.29000091552734,81.3499984741211,81.18000030517578,81.20999908447266,71.15269470214844,8447100
2022-10-03,81.2699966430664,81.41000366210938,81.2300033569336,81.27999877929688,71.30880737304688,8906600
2022-10-04,81.33000183105469,81.41000366210938,81.29000091552734,81.30999755859375,71.33515930175781,6219800
2022-10-05,81.22000122070312,81.26000213623047,81.16000366210938,81.2300033569336,71.26498413085938,7175900
2022-10-06,81.2300033569336,81.23999786376953,81.12999725341797,81.12999725341797,71.17726135253906,5100100
2022-10-07,81.05999755859375,81.08000183105469,81.02999877929688,81.02999877929688,71.0895004272461,4619000
2022-10-10,81.04000091552734,81.05000305175781,80.95999908447266,81.0,71.06317901611328,2934800
2022-10-11,81.06999969482422,81.12000274658203,81.04000091552734,81.04000091552734,71.09828186035156,3836500
2022-10-12,81.05999755859375,81.12999725341797,81.05000305175781,81.12000274658203,71.16844940185547,8787600
2022-10-13,80.80000305175781,80.9800033569336,80.79000091552734,80.87999725341797,70.95790100097656,5751300
2022-10-14,80.97000122070312,80.98999786376953,80.81999969482422,80.83999633789062,70.92280578613281,5506000
2022-10-17,80.9800033569336,80.98999786376953,80.91999816894531,80.93000030517578,71.00179290771484,4013800
2022-10-18,81.01000213623047,81.0199966430664,80.91999816894531,80.97000122070312,71.03688049316406,7012000
2022-10-19,80.8499984741211,80.87999725341797,80.80999755859375,80.81999969482422,70.90526580810547,4349100
2022-10-20,80.7699966430664,80.81999969482422,80.7300033569336,80.7300033569336,70.8263168334961,5797300
2022-10-21,80.83000183105469,80.98999786376953,80.80000305175781,80.94000244140625,71.01054382324219,5180300
2022-10-24,80.9000015258789,80.97000122070312,80.87000274658203,80.91999816894531,70.99300384521484,3680100
2022-10-25,81.04000091552734,81.08999633789062,80.9800033569336,81.0,71.06317901611328,5113300
2022-10-26,81.0199966430664,81.11000061035156,81.01000213623047,81.06999969482422,71.12462615966797,6039900
2022-10-27,81.16000366210938,81.25,81.12000274658203,81.23999786376953,71.27374267578125,4010800
2022-10-28,81.13999938964844,81.19000244140625,81.08999633789062,81.12000274658203,71.16844940185547,4464100
2022-10-31,81.01000213623047,81.02999877929688,80.95999908447266,81.0,71.06317901611328,6845900
2022-11-01,80.9800033569336,80.98999786376953,80.77999877929688,80.77999877929688,70.9937515258789,5349700
2022-11-02,80.83000183105469,80.95999908447266,80.69000244140625,80.73999786376953,70.95858764648438,5714700
2022-11-03,80.55999755859375,80.63999938964844,80.55999755859375,80.58999633789062,70.82676696777344,4834000
2022-11-04,80.62999725341797,80.70999908447266,80.56999969482422,80.68000030517578,70.90586853027344,4347200
2022-11-07,80.63999938964844,80.63999938964844,80.5999984741211,80.61000061035156,70.84436798095703,4391400
2022-11-08,80.6500015258789,80.70999908447266,80.63999938964844,80.69000244140625,70.91466522216797,7092100
2022-11-09,80.72000122070312,80.83999633789062,80.69999694824219,80.81999969482422,71.02890014648438,4587600
2022-11-10,81.16999816894531,81.29000091552734,81.16000366210938,81.26000213623047,71.41561889648438,6631600
2022-11-11,81.19000244140625,81.27999877929688,81.16999816894531,81.23999786376953,71.39801788330078,4246000
2022-11-14,81.16000366210938,81.16999816894531,81.11000061035156,81.16999816894531,71.33649444580078,7192100
2022-11-15,81.25,81.26000213623047,81.18000030517578,81.25,71.40681457519531,21231100
2022-11-16,81.29000091552734,81.30000305175781,81.23999786376953,81.26000213623047,71.41561889648438,8253300
2022-11-17,81.19000244140625,81.19000244140625,81.12000274658203,81.16000366210938,71.32772827148438,5450000
2022-11-18,81.1500015258789,81.18000030517578,81.06999969482422,81.06999969482422,71.2486343383789,4372600
2022-11-21,81.12999725341797,81.13999938964844,81.04000091552734,81.05000305175781,71.23104095458984,3435700
2022-11-22,81.0999984741211,81.12000274658203,81.05999755859375,81.11000061035156,71.28375244140625,3421500
2022-11-23,81.0999984741211,81.19000244140625,81.08000183105469,81.18000030517578,71.34528350830078,4071000
2022-11-25,81.16000366210938,81.19999694824219,81.1500015258789,81.19000244140625,71.3541030883789,1539000
2022-11-28,81.20999908447266,81.25,81.19000244140625,81.20999908447266,71.37165832519531,4330000
2022-11-29,81.20999908447266,81.2300033569336,81.18000030517578,81.18000030517578,71.34528350830078,4708500
2022-11-30,81.13999938964844,81.41999816894531,81.11000061035156,81.41999816894531,71.55623626708984,10368900
2022-12-01,81.30000305175781,81.43000030517578,81.2699966430664,81.43000030517578,71.71031188964844,23602200
2022-12-02,81.29000091552734,81.41999816894531,81.23999786376953,81.41000366210938,71.69271850585938,5163300
2022-12-05,81.31999969482422,81.33000183105469,81.18000030517578,81.18000030517578,71.49016571044922,6591300
2022-12-06,81.22000122070312,81.29000091552734,81.20999908447266,81.2699966430664,71.56941986083984,4237200
2022-12-07,81.37000274658203,81.44999694824219,81.3499984741211,81.44000244140625,71.71913146972656,5160400
2022-12-08,81.38999938964844,81.41999816894531,81.3499984741211,81.36000061035156,71.64868927001953,4121000
2022-12-09,81.3499984741211,81.4000015258789,81.31999969482422,81.31999969482422,71.61346435546875,4623400
2022-12-12,81.36000061035156,81.37000274658203,81.23999786376953,81.2699966430664,71.56941986083984,4593800
2022-12-13,81.58999633789062,81.62000274658203,81.48999786376953,81.51000213623047,71.7807846069336,5790700
2022-12-14,81.58000183105469,81.62000274658203,81.43000030517578,81.5199966430664,71.78961181640625,5651700
2022-12-15,81.38999938964844,81.4000015258789,81.30999755859375,81.3499984741211,71.79930877685547,6162800
2022-12-16,81.30000305175781,81.4800033569336,81.29000091552734,81.43000030517578,71.8698959350586,3987700
2022-12-19,81.4000015258789,81.4000015258789,81.33000183105469,81.33000183105469,71.78164672851562,4845600
2022-12-20,81.29000091552734,81.3499984741211,81.2699966430664,81.33000183105469,71.78164672851562,3735600
2022-12-21,81.41999816894531,81.43000030517578,81.37999725341797,81.41000366210938,71.85226440429688,5219300
2022-12-22,81.38999938964844,81.44999694824219,81.36000061035156,81.36000061035156,71.80813598632812,6612800
2022-12-23,81.30999755859375,81.33999633789062,81.30000305175781,81.31999969482422,71.77281951904297,2737200
2022-12-27,81.25,81.26000213623047,81.16000366210938,81.20999908447266,71.67574310302734,3969500
2022-12-28,81.2300033569336,81.25,81.20999908447266,81.20999908447266,71.67574310302734,4308900
2022-12-29,81.26000213623047,81.27999877929688,81.2300033569336,81.2699966430664,71.72866821289062,4149000
2022-12-30,81.19999694824219,81.2699966430664,81.16000366210938,81.16999816894531,71.6404037475586,6051600
2023-01-03,81.29000091552734,81.30000305175781,81.20999908447266,81.23999786376953,71.70221710205078,7190500
2023-01-04,81.36000061035156,81.37999725341797,81.27999877929688,81.31999969482422,71.77281951904297,4098500
2023-01-05,81.18000030517578,81.25,81.1500015258789,81.20999908447266,71.67574310302734,4879300
2023-01-06,81.29000091552734,81.52999877929688,81.26000213623047,81.5199966430664,71.9493637084961,6357400
2023-01-09,81.52999877929688,81.62000274658203,81.52999877929688,81.5999984741211,72.01994323730469,6204800
2023-01-10,81.52999877929688,81.55000305175781,81.4800033569336,81.52999877929688,71.95816802978516,3993000
2023-01-11,81.52999877929688,81.61000061035156,81.5199966430664,81.5999984741211,72.01994323730469,6779700
2023-01-12,81.73999786376953,81.79000091552734,81.68000030517578,81.77999877929688,72.17882537841797,5571100
2023-01-13,81.72000122070312,81.76000213623047,81.62000274658203,81.63999938964844,72.05525970458984,4546500
2023-01-17,81.66000366210938,81.72000122070312,81.6500015258789,81.69000244140625,72.09939575195312,5843400
2023-01-18,81.86000061035156,81.88999938964844,81.83000183105469,81.87000274658203,72.25824737548828,4551600
2023-01-19,81.86000061035156,81.87999725341797,81.81999969482422,81.8499984741211,72.24061584472656,4791800
2023-01-20,81.7699966430664,81.79000091552734,81.7300033569336,81.77999877929688,72.17882537841797,4042100
2023-01-23,81.7300033569336,81.75,81.68000030517578,81.69999694824219,72.10819244384766,5559300
2023-01-24,81.69999694824219,81.76000213623047,81.66999816894531,81.7300033569336,72.13468170166016,4179100
2023-01-25,81.76000213623047,81.80999755859375,81.75,81.77999877929688,72.17882537841797,3169400
2023-01-26,81.76000213623047,81.77999877929688,81.72000122070312,81.7300033569336,72.13468170166016,5417000
2023-01-27,81.70999908447266,81.7300033569336,81.69000244140625,81.7300033569336,72.13468170166016,3822700
2023-01-30,81.66999816894531,81.66999816894531,81.63999938964844,81.6500015258789,72.06407928466797,6446200
2023-01-31,81.73999786376953,81.80000305175781,81.69000244140625,81.80000305175781,72.19648742675781,7241100
2023-02-01,81.63999938964844,81.79000091552734,81.52999877929688,81.79000091552734,72.32203674316406,8447400
2023-02-02,81.8499984741211,81.86000061035156,81.7699966430664,81.80000305175781,72.33089447021484,10328800
2023-02-03,81.5999984741211,81.62999725341797,81.5,81.5,72.06560516357422,7167500
2023-02-06,81.3499984741211,81.37999725341797,81.2699966430664,81.2699966430664,71.8622055053711,4079000
2023-02-07,81.33000183105469,81.41999816894531,81.2699966430664,81.30999755859375,71.89762115478516,4900000
2023-02-08,81.33000183105469,81.36000061035156,81.29000091552734,81.33999633789062,71.92413330078125,5112700
2023-02-09,81.37999725341797,81.38999938964844,81.26000213623047,81.27999877929688,71.87106323242188,4328600
2023-02-10,81.30999755859375,81.31999969482422,81.23999786376953,81.23999786376953,71.83570098876953,5046300
2023-02-13,81.20999908447266,81.26000213623047,81.20999908447266,81.26000213623047,71.85336303710938,4934400
2023-02-14,81.16000366210938,81.19000244140625,81.08999633789062,81.08999633789062,71.70306396484375,7889600
2023-02-15,81.0999984741211,81.13999938964844,81.08000183105469,81.0999984741211,71.7118911743164,5025800
2023-02-16,81.12000274658203,81.16999816894531,81.08000183105469,81.11000061035156,71.72074127197266,6081600
2023-02-17,81.0999984741211,81.18000030517578,81.08000183105469,81.18000030517578,71.78265380859375,3773700
2023-02-21,81.08000183105469,81.0999984741211,81.0199966430664,81.0199966430664,71.64118194580078,6391400
2023-02-22,81.08000183105469,81.11000061035156,81.04000091552734,81.05999755859375,71.67655944824219,3889600
2023-02-23,81.08000183105469,81.12000274658203,81.05000305175781,81.11000061035156,71.72074127197266,4072900
2023-02-24,80.9800033569336,80.98999786376953,80.91000366210938,80.94000244140625,71.5704345703125,4189600
2023-02-27,81.0,81.01000213623047,80.97000122070312,81.01000213623047,71.63230895996094,3246600
2023-02-28,80.95999908447266,81.01000213623047,80.93000030517578,80.98999786376953,71.61461639404297,3978100
2023-03-01,80.76000213623047,80.79000091552734,80.66999816894531,80.68000030517578,71.48351287841797,5386100
2023-03-02,80.66000366210938,80.72000122070312,80.63999938964844,80.70999908447266,71.51007843017578,6623600
2023-03-03,80.7699966430664,80.7699966430664,80.68000030517578,80.76000213623047,71.55440521240234,6045000
2023-03-06,80.80000305175781,80.80000305175781,80.70999908447266,80.72000122070312,71.51895904541016,3862300
2023-03-07,80.75,80.76000213623047,80.54000091552734,80.55000305175781,71.36831665039062,6748700
2023-03-08,80.58999633789062,80.62999725341797,80.4800033569336,80.51000213623047,71.3328857421875,7627900
2023-03-09,80.6500015258789,80.79000091552734,80.62999725341797,80.7699966430664,71.5632553100586,6480300
2023-03-10,81.08999633789062,81.22000122070312,81.0,81.20999908447266,71.95309448242188,10588600
2023-03-13,81.8499984741211,82.05000305175781,81.69000244140625,82.0199966430664,72.67078399658203,12061400
2023-03-14,81.68000030517578,81.80999755859375,81.48999786376953,81.70999908447266,72.39608764648438,18453100
2023-03-15,82.25,82.41000366210938,82.01000213623047,82.19000244140625,72.82139587402344,13411600
2023-03-16,82.23999786376953,82.29000091552734,81.81999969482422,81.86000061035156,72.52900695800781,8516600
2023-03-17,82.01000213623047,82.37000274658203,82.0,82.2699966430664,72.89226531982422,8629700
2023-03-20,82.3499984741211,82.37000274658203,82.08999633789062,82.16999816894531,72.80367279052734,4907700
2023-03-21,81.91000366210938,82.0,81.83999633789062,81.86000061035156,72.52900695800781,4840900
2023-03-22,81.83000183105469,82.26000213623047,81.77999877929688,82.23999786376953,72.86567687988281,8003600
2023-03-23,82.30000305175781,82.5199966430664,82.23999786376953,82.4800033569336,73.07836151123047,4930700
2023-03-24,82.69999694824219,82.73999786376953,82.47000122070312,82.5199966430664,73.11376190185547,8638700
2023-03-27,82.2300033569336,82.29000091552734,82.1500015258789,82.16999816894531,72.80367279052734,3942500
2023-03-28,82.11000061035156,82.13999938964844,82.05000305175781,82.08000183105469,72.72392272949219,9564900
2023-03-29,82.0,82.0999984741211,81.98999786376953,82.05000305175781,72.69734191894531,4047500
2023-03-30,81.97000122070312,82.05999755859375,81.97000122070312,82.05999755859375,72.70620727539062,4077300
2023-03-31,82.02999877929688,82.16000366210938,82.01000213623047,82.16000366210938,72.7947998046875,6451500
2023-04-03,81.9000015258789,82.08000183105469,81.87000274658203,82.08000183105469,72.88360595703125,9610600
2023-04-04,82.0,82.30000305175781,82.0,82.2699966430664,73.05230712890625,4905400
2023-04-05,82.44000244140625,82.61000061035156,82.37000274658203,82.37999725341797,73.14997863769531,7535500
2023-04-06,82.38999938964844,82.44000244140625,82.33000183105469,82.3499984741211,73.12333679199219,4666600
2023-04-10,82.0999984741211,82.12000274658203,82.05000305175781,82.05999755859375,72.8658447265625,3702300
2023-04-11,82.0999984741211,82.0999984741211,81.9800033569336,82.05000305175781,72.85696411132812,2725400
2023-04-12,82.18000030517578,82.19999694824219,82.08000183105469,82.13999938964844,72.9368896484375,6091300
2023-04-13,82.26000213623047,82.30000305175781,82.16999816894531,82.19000244140625,72.98128509521484,3350600
2023-04-14,82.05000305175781,82.05000305175781,81.95999908447266,82.0,72.81257629394531,3161000
2023-04-17,81.93000030517578,81.94000244140625,81.8499984741211,81.87999725341797,72.70600128173828,3293300
2023-04-18,81.87999725341797,81.94000244140625,81.83999633789062,81.86000061035156,72.6882553100586,3581200
2023-04-19,81.83000183105469,81.8499984741211,81.77999877929688,81.79000091552734,72.6260986328125,5923200
2023-04-20,81.95999908447266,82.0,81.94000244140625,81.98999786376953,72.80369567871094,4592300
2023-04-21,82.06999969482422,82.08000183105469,81.93000030517578,81.94000244140625,72.75928497314453,3348200
2023-04-24,81.98999786376953,82.05000305175781,81.98999786376953,82.02999877929688,72.8392105102539,1906000
2023-04-25,82.18000030517578,82.37999725341797,82.16999816894531,82.3499984741211,73.12333679199219,3373400
2023-04-26,82.3499984741211,82.36000061035156,82.19000244140625,82.25,73.03457641601562,4804200
2023-04-27,82.1500015258789,82.18000030517578,82.05000305175781,82.08999633789062,72.8924789428711,3452200
2023-04-28,82.16000366210938,82.18000030517578,82.0999984741211,82.18000030517578,72.97240447998047,4325300
2023-05-01,81.9000015258789,81.9000015258789,81.80000305175781,81.80999755859375,72.81311798095703,3339700
2023-05-02,81.83999633789062,82.13999938964844,81.83000183105469,82.08000183105469,73.05339050292969,5394100
2023-05-03,82.13999938964844,82.29000091552734,82.11000061035156,82.27999877929688,73.23140716552734,4568800
2023-05-04,82.27999877929688,82.5999984741211,82.27999877929688,82.41000366210938,73.34708404541016,8624900
2023-05-05,82.2699966430664,82.27999877929688,82.16999816894531,82.20999908447266,73.16908264160156,3375100
2023-05-08,82.0999984741211,82.16999816894531,82.08000183105469,82.08000183105469,73.05339050292969,3166700
2023-05-09,82.08000183105469,82.08999633789062,82.0199966430664,82.05999755859375,73.03559112548828,4479100
2023-05-10,82.18000030517578,82.30999755859375,82.16000366210938,82.26000213623047,73.21363830566406,4931800
2023-05-11,82.41999816894531,82.43000030517578,82.29000091552734,82.30999755859375,73.25811004638672,7866500
2023-05-12,82.29000091552734,82.30999755859375,82.16000366210938,82.16999816894531,73.13349914550781,8635100
2023-05-15,82.16999816894531,82.19000244140625,82.1500015258789,82.18000030517578,73.14240264892578,3605100
2023-05-16,82.12000274658203,82.13999938964844,82.0199966430664,82.08000183105469,73.05339050292969,6905300
2023-05-17,82.05999755859375,82.06999969482422,81.94999694824219,81.98999786376953,72.97329711914062,4660300
2023-05-18,81.88999938964844,81.91999816894531,81.81999969482422,81.83999633789062,72.83977508544922,4385700
2023-05-19,81.77999877929688,81.94000244140625,81.72000122070312,81.77999877929688,72.78638458251953,5650300
2023-05-22,81.80000305175781,81.86000061035156,81.7300033569336,81.75,72.75968933105469,4024300
2023-05-23,81.69999694824219,81.7699966430664,81.66000366210938,81.73999786376953,72.75077819824219,8964000
2023-05-24,81.75,81.76000213623047,81.62000274658203,81.63999938964844,72.66178894042969,5761400
2023-05-25,81.56999969482422,81.62000274658203,81.44999694824219,81.45999908447266,72.5015640258789,7552600
2023-05-26,81.41000366210938,81.44999694824219,81.33000183105469,81.44000244140625,72.48377227783203,3728700
2023-05-30,81.47000122070312,81.61000061035156,81.44000244140625,81.5999984741211,72.62616729736328,4441800
2023-05-31,81.63999938964844,81.72000122070312,81.58999633789062,81.68000030517578,72.69738006591797,7230400
2023-06-01,81.55000305175781,81.63999938964844,81.54000091552734,81.61000061035156,72.81069946289062,5119300
2023-06-02,81.5199966430664,81.52999877929688,81.33999633789062,81.37999725341797,72.60548400878906,9465300
2023-06-05,81.30999755859375,81.48999786376953,81.27999877929688,81.4000015258789,72.62332916259766,5934100
2023-06-06,81.4000015258789,81.41999816894531,81.33000183105469,81.36000061035156,72.58763885498047,4313400
2023-06-07,81.3499984741211,81.37999725341797,81.25,81.30000305175781,72.53410339355469,6869400
2023-06-08,81.41000366210938,81.47000122070312,81.37999725341797,81.43000030517578,72.65011596679688,4306300
2023-06-09,81.3499984741211,81.3499984741211,81.27999877929688,81.27999877929688,72.51627349853516,4022200
2023-06-12,81.33999633789062,81.3499984741211,81.27999877929688,81.3499984741211,72.57872772216797,3824300
2023-06-13,81.44000244140625,81.44000244140625,81.16999816894531,81.19999694824219,72.44489288330078,4872200
2023-06-14,81.29000091552734,81.30999755859375,81.04000091552734,81.1500015258789,72.40028381347656,6175900
2023-06-15,81.29000091552734,81.33000183105469,81.25,81.31999969482422,72.55194854736328,6384600
2023-06-16,81.18000030517578,81.23999786376953,81.12000274658203,81.20999908447266,72.45379638671875,5079900
2023-06-20,81.22000122070312,81.30000305175781,81.22000122070312,81.23999786376953,72.48058319091797,4787500
2023-06-21,81.19000244140625,81.27999877929688,81.18000030517578,81.23999786376953,72.48058319091797,20688500
2023-06-22,81.22000122070312,81.26000213623047,81.13999938964844,81.1500015258789,72.40028381347656,4198700
2023-06-23,81.30000305175781,81.33000183105469,81.19000244140625,81.22000122070312,72.46271514892578,3892900
2023-06-26,81.29000091552734,81.30000305175781,81.2300033569336,81.27999877929688,72.51627349853516,3101500
2023-06-27,81.2699966430664,81.30999755859375,81.13999938964844,81.16000366210938,72.4092025756836,3574100
2023-06-28,81.19999694824219,81.25,81.1500015258789,81.25,72.48951721191406,4298900
2023-06-29,81.05999755859375,81.06999969482422,81.0199966430664,81.05000305175781,72.31108093261719,4646400
2023-06-30,81.08000183105469,81.08999633789062,81.02999877929688,81.08000183105469,72.33785247802734,6958700
2023-07-03,80.81999969482422,80.91000366210938,80.7699966430664,80.77999877929688,72.25373840332031,3600000
2023-07-05,80.83000183105469,80.83999633789062,80.75,80.76000213623047,72.23587036132812,6037200
2023-07-06,80.63999938964844,80.72000122070312,80.55000305175781,80.70999908447266,72.1911392211914,8592000
2023-07-07,80.7699966430664,80.87000274658203,80.76000213623047,80.80000305175781,72.27165985107422,3944100
2023-07-10,80.83999633789062,80.94000244140625,80.83000183105469,80.91999816894531,72.37899017333984,2858000
2023-07-11,80.91000366210938,80.94000244140625,80.88999938964844,80.91000366210938,72.37004852294922,3658500
2023-07-12,81.12000274658203,81.18000030517578,81.0999984741211,81.1500015258789,72.584716796875,5068800
2023-07-13,81.31999969482422,81.37999725341797,81.27999877929688,81.37999725341797,72.79042053222656,4954800
2023-07-14,81.2699966430664,81.30000305175781,81.16999816894531,81.16999816894531,72.60258483886719,4248900
2023-07-17,81.20999908447266,81.2300033569336,81.16999816894531,81.19999694824219,72.62940979003906,4027500
2023-07-18,81.27999877929688,81.30999755859375,81.19000244140625,81.19999694824219,72.62940979003906,2590600
2023-07-19,81.25,81.2699966430664,81.19000244140625,81.2300033569336,72.65625,7015800
2023-07-20,81.12999725341797,81.1500015258789,81.06999969482422,81.12999725341797,72.5667953491211,8745700
2023-07-21,81.13999938964844,81.16000366210938,81.0999984741211,81.13999938964844,72.57577514648438,3891900
2023-07-24,81.1500015258789,81.16999816894531,81.04000091552734,81.04000091552734,72.486328125,4127300
2023-07-25,81.01000213623047,81.04000091552734,80.98999786376953,81.02999877929688,72.47735595703125,3275700
2023-07-26,81.05999755859375,81.13999938964844,80.98999786376953,81.11000061035156,72.54891967773438,4339700
2023-07-27,81.06999969482422,81.08999633789062,80.9800033569336,80.98999786376953,72.44157409667969,5591500
2023-07-28,81.08000183105469,81.12000274658203,81.05000305175781,81.0999984741211,72.53997039794922,6008600
2023-07-31,81.08000183105469,81.1500015258789,81.08000183105469,81.12000274658203,72.55786895751953,4066700
2023-08-01,80.87000274658203,80.91000366210938,80.83000183105469,80.83999633789062,72.49687194824219,4957400
2023-08-02,80.87999725341797,80.9000015258789,80.80999755859375,80.87999725341797,72.5327377319336,4046400
2023-08-03,80.88999938964844,80.94000244140625,80.86000061035156,80.91000366210938,72.55967712402344,4109400
2023-08-04,81.0,81.08999633789062,81.0,81.06999969482422,72.70316314697266,3590400
2023-08-07,81.06999969482422,81.12000274658203,81.05999755859375,81.0999984741211,72.73005676269531,10383600
2023-08-08,81.12000274658203,81.16000366210938,81.0999984741211,81.13999938964844,72.76593017578125,3017000
2023-08-09,81.12999725341797,81.16000366210938,81.08000183105469,81.08999633789062,72.72106170654297,3198100
2023-08-10,81.12999725341797,81.18000030517578,81.05000305175781,81.05000305175781,72.68521881103516,3867900
2023-08-11,80.9800033569336,81.02999877929688,80.95999908447266,80.97000122070312,72.61347198486328,3596100
2023-08-14,80.91999816894531,80.94999694824219,80.88999938964844,80.9000015258789,72.5506820678711,3217200
2023-08-15,80.93000030517578,81.0,80.91000366210938,80.93000030517578,72.57759857177734,4782100
2023-08-16,80.95999908447266,80.98999786376953,80.88999938964844,80.88999938964844,72.54174041748047,3794300
2023-08-17,80.9800033569336,81.0,80.91000366210938,80.9800033569336,72.6224365234375,6059400
2023-08-18,81.01000213623047,81.05000305175781,80.98999786376953,81.01000213623047,72.64935302734375,3090600
2023-08-21,80.95999908447266,80.97000122070312,80.91999816894531,80.91999816894531,72.56864166259766,2642200
2023-08-22,80.91000366210938,80.93000030517578,80.87999725341797,80.87999725341797,72.5327377319336,2734400
2023-08-23,80.9800033569336,81.05999755859375,80.9800033569336,81.02999877929688,72.66726684570312,5509000
2023-08-24,80.97000122070312,81.04000091552734,80.97000122070312,80.9800033569336,72.6224365234375,3653100
2023-08-25,80.94999694824219,81.0,80.87999725341797,80.93000030517578,72.57759857177734,4682300
2023-08-28,80.94000244140625,80.9800033569336,80.91000366210938,80.9800033569336,72.6224365234375,2798300
2023-08-29,80.94000244140625,81.16000366210938,80.94000244140625,81.16000366210938,72.78387451171875,5272000
2023-08-30,81.20999908447266,81.22000122070312,81.1500015258789,81.16000366210938,72.78387451171875,4512400
2023-08-31,81.19999694824219,81.25,81.16999816894531,81.23999786376953,72.85560607910156,3948700
2023-09-01,81.12999725341797,81.12999725341797,80.9800033569336,80.98999786376953,72.81602478027344,4157300
2023-09-05,80.95999908447266,80.9800033569336,80.87999725341797,80.88999938964844,72.72613525390625,4130000
2023-09-06,80.91999816894531,80.91999816894531,80.79000091552734,80.80000305175781,72.64522552490234,5001100
2023-09-07,80.87999725341797,80.94999694824219,80.87000274658203,80.94999694824219,72.78010559082031,3130700
2023-09-08,80.9800033569336,81.0,80.91000366210938,80.91000366210938,72.744140625,3581600
2023-09-11,80.91000366210938,80.93000030517578,80.9000015258789,80.93000030517578,72.76210021972656,2750500
2023-09-12,80.91000366210938,80.91000366210938,80.87999725341797,80.88999938964844,72.72613525390625,3358400
2023-09-13,80.9000015258789,80.9800033569336,80.9000015258789,80.95999908447266,72.78907012939453,3489500
2023-09-14,81.0,81.01000213623047,80.93000030517578,80.94000244140625,72.77108764648438,3349300
2023-09-15,80.91999816894531,80.95999908447266,80.9000015258789,80.9000015258789,72.735107421875,4055900
2023-09-18,80.88999938964844,80.91000366210938,80.87000274658203,80.88999938964844,72.72613525390625,2676700
2023-09-19,80.87000274658203,80.88999938964844,80.83000183105469,80.83000183105469,72.6722183227539,3162800
2023-09-20,80.91000366210938,80.93000030517578,80.7699966430664,80.77999877929688,72.62722778320312,3583600
2023-09-21,80.79000091552734,80.8499984741211,80.79000091552734,80.81999969482422,72.66321563720703,5170800
2023-09-22,80.86000061035156,80.93000030517578,80.8499984741211,80.9000015258789,72.735107421875,3908000
2023-09-25,80.87999725341797,80.91000366210938,80.87000274658203,80.87000274658203,72.7081527709961,3439100
2023-09-26,80.88999938964844,80.9000015258789,80.8499984741211,80.87999725341797,72.71713256835938,14216300
2023-09-27,80.91000366210938,80.91000366210938,80.77999877929688,80.81999969482422,72.66321563720703,5777600
2023-09-28,80.88999938964844,80.95999908447266,80.86000061035156,80.95999908447266,72.78907012939453,4522600
2023-09-29,81.0199966430664,81.04000091552734,80.97000122070312,80.97000122070312,72.79805755615234,6015100
2023-10-02,80.69000244140625,80.72000122070312,80.66999816894531,80.68000030517578,72.72505950927734,5671000
2023-10-03,80.69999694824219,80.7300033569336,80.62000274658203,80.62000274658203,72.67095184326172,6707600
2023-10-04,80.72000122070312,80.80000305175781,80.68000030517578,80.80000305175781,72.83321380615234,5927000
2023-10-05,80.87999725341797,80.88999938964844,80.86000061035156,80.87999725341797,72.90534973144531,4665400
2023-10-06,80.7699966430664,80.81999969482422,80.75,80.80999755859375,72.84222412109375,3456700
2023-10-09,80.94999694824219,81.05000305175781,80.94999694824219,81.05000305175781,73.0585708618164,4119300
2023-10-10,80.95999908447266,81.02999877929688,80.94000244140625,81.0,73.0135269165039,5135700
2023-10-11,80.94999694824219,80.9800033569336,80.91999816894531,80.9800033569336,72.9954833984375,3131500
2023-10-12,80.91000366210938,80.91999816894531,80.87000274658203,80.87999725341797,72.90534973144531,5362000
2023-10-13,80.95999908447266,80.95999908447266,80.91000366210938,80.93000030517578,72.95040893554688,3506100
2023-10-16,80.9000015258789,80.9000015258789,80.87000274658203,80.87999725341797,72.90534973144531,2967800
2023-10-17,80.7699966430664,80.7699966430664,80.68000030517578,80.69999694824219,72.74308013916016,4245000
2023-10-18,80.72000122070312,80.75,80.66999816894531,80.69999694824219,72.74308013916016,5232700
2023-10-19,80.72000122070312,80.81999969482422,80.70999908447266,80.80999755859375,72.84222412109375,5556600
2023-10-20,80.88999938964844,80.97000122070312,80.88999938964844,80.94000244140625,72.95941162109375,3660500
2023-10-23,80.91999816894531,80.98999786376953,80.9000015258789,80.98999786376953,73.00448608398438,4261800
2023-10-24,80.95999908447266,80.98999786376953,80.91000366210938,80.97000122070312,72.98644256591797,13761400
2023-10-25,80.93000030517578,80.94000244140625,80.87000274658203,80.87999725341797,72.90534973144531,4773400
2023-10-26,80.95999908447266,81.05999755859375,80.95999908447266,81.04000091552734,73.049560546875,4710800
2023-10-27,81.06999969482422,81.0999984741211,81.04000091552734,81.08999633789062,73.09461212158203,3858100
2023-10-30,81.02999877929688,81.06999969482422,81.01000213623047,81.05999755859375,73.06758880615234,4816700
2023-10-31,81.01000213623047,81.05000305175781,81.01000213623047,81.02999877929688,73.04052734375,3917400
2023-11-01,80.80000305175781,81.01000213623047,80.80000305175781,80.9800033569336,73.20325469970703,7362900
2023-11-02,81.05999755859375,81.08000183105469,80.95999908447266,80.98999786376953,73.21229553222656,7828400
2023-11-03,81.18000030517578,81.25,81.11000061035156,81.20999908447266,73.41116333007812,8024300
2023-11-06,81.12999725341797,81.12999725341797,81.05999755859375,81.05999755859375,73.27556610107422,6061400
2023-11-07,81.08000183105469,81.16000366210938,81.06999969482422,81.12000274658203,73.32980346679688,4546600
2023-11-08,81.11000061035156,81.13999938964844,81.0999984741211,81.0999984741211,73.31172180175781,4422000
2023-11-09,81.12000274658203,81.12999725341797,80.9800033569336,80.9800033569336,73.20325469970703,6032900
2023-11-10,81.06999969482422,81.06999969482422,80.95999908447266,81.0,73.22135162353516,3916100
2023-11-13,80.95999908447266,81.02999877929688,80.94000244140625,81.02999877929688,73.24844360351562,7360300
2023-11-14,81.30000305175781,81.3499984741211,81.26000213623047,81.3499984741211,73.53771209716797,7956500
2023-11-15,81.23999786376953,81.25,81.16999816894531,81.19999694824219,73.40210723876953,5069400
2023-11-16,81.33000183105469,81.37999725341797,81.33000183105469,81.33999633789062,73.5286865234375,4086500
2023-11-17,81.31999969482422,81.33000183105469,81.26000213623047,81.27999877929688,73.47443389892578,3381800
2023-11-20,81.29000091552734,81.30000305175781,81.2699966430664,81.29000091552734,73.48346710205078,6247300
2023-11-21,81.33999633789062,81.37999725341797,81.31999969482422,81.33999633789062,73.5286865234375,2590400
2023-11-22,81.37999725341797,81.37999725341797,81.30000305175781,81.3499984741211,73.53771209716797,4803300
2023-11-24,81.30999755859375,81.31999969482422,81.27999877929688,81.29000091552734,73.48346710205078,1575200
2023-11-27,81.33000183105469,81.4000015258789,81.31999969482422,81.38999938964844,73.57389068603516,4004100
2023-11-28,81.41000366210938,81.55999755859375,81.38999938964844,81.54000091552734,73.70948028564453,20921000
2023-11-29,81.66999816894531,81.73999786376953,81.6500015258789,81.69999694824219,73.85411834716797,4423100
2023-11-30,81.66999816894531,81.68000030517578,81.61000061035156,81.6500015258789,73.80890655517578,5204200
2023-12-01,81.41999816894531,81.6500015258789,81.41000366210938,81.63999938964844,74.0237808227539,11831100
2023-12-04,81.52999877929688,81.58000183105469,81.4800033569336,81.5199966430664,73.91500854492188,4431100
2023-12-05,81.55999755859375,81.6500015258789,81.54000091552734,81.62000274658203,74.00566101074219,12180000
2023-12-06,81.63999938964844,81.63999938964844,81.58999633789062,81.5999984741211,73.98754119873047,6794600
2023-12-07,81.66000366210938,81.69999694824219,81.6500015258789,81.66000366210938,74.04194641113281,4977800
2023-12-08,81.51000213623047,81.55999755859375,81.44999694824219,81.4800033569336,73.87873077392578,3367800
2023-12-11,81.44000244140625,81.5,81.41000366210938,81.5,73.89686584472656,2963900
2023-12-12,81.4800033569336,81.52999877929688,81.47000122070312,81.51000213623047,73.90595245361328,3268600
2023-12-13,81.56999969482422,81.94000244140625,81.54000091552734,81.91999816894531,74.2776870727539,10843800
2023-12-14,81.77999877929688,81.86000061035156,81.76000213623047,81.80000305175781,74.40502166748047,9304300
2023-12-15,81.73999786376953,81.77999877929688,81.68000030517578,81.70999908447266,74.32313537597656,7178300
2023-12-18,81.7300033569336,81.73999786376953,81.69000244140625,81.69999694824219,74.3140640258789,3760500
2023-12-19,81.69999694824219,81.75,81.69999694824219,81.7300033569336,74.34135437011719,5159300
2023-12-20,81.80999755859375,81.86000061035156,81.7699966430664,81.83999633789062,74.44140625,5164000
2023-12-21,81.97000122070312,81.9800033569336,81.88999938964844,81.91999816894531,74.51416015625,6662900
2023-12-22,81.94999694824219,81.95999908447266,81.91000366210938,81.94999694824219,74.54145812988281,3387900
2023-12-26,81.9000015258789,81.94999694824219,81.88999938964844,81.91000366210938,74.50508880615234,2503100
2023-12-27,81.95999908447266,82.02999877929688,81.94999694824219,82.01000213623047,74.5960464477539,2584700
2023-12-28,82.02999877929688,82.04000091552734,81.98999786376953,82.0,74.58692932128906,2408600
2023-12-29,81.9800033569336,82.06999969482422,81.9800033569336,82.04000091552734,74.62332916259766,5075600
2024-01-02,81.94000244140625,81.97000122070312,81.93000030517578,81.94000244140625,74.53235626220703,4983500
2024-01-03,81.91000366210938,81.98999786376953,81.87999725341797,81.95999908447266,74.55055236816406,4336500
2024-01-04,81.91000366210938,81.94000244140625,81.88999938964844,81.91000366210938,74.50508880615234,2923700
2024-01-05,81.86000061035156,82.0199966430664,81.83999633789062,81.88999938964844,74.48689270019531,8105400
2024-01-08,81.93000030517578,82.05000305175781,81.91999816894531,81.95999908447266,74.55055236816406,4654900
2024-01-09,81.94999694824219,81.98999786376953,81.94000244140625,81.9800033569336,74.56875610351562,5227400
2024-01-10,82.02999877929688,82.02999877929688,81.97000122070312,81.9800033569336,74.56875610351562,6432200
2024-01-11,82.04000091552734,82.18000030517578,82.04000091552734,82.16999816894531,74.74156188964844,4904100
2024-01-12,82.33000183105469,82.37000274658203,82.29000091552734,82.33999633789062,74.89620208740234,6809700
2024-01-16,82.2699966430664,82.31999969482422,82.18000030517578,82.20999908447266,74.7779541015625,8427200
2024-01-17,82.08000183105469,82.08000183105469,82.0199966430664,82.05000305175781,74.63243103027344,6717400
2024-01-18,82.0999984741211,82.11000061035156,82.05999755859375,82.08999633789062,74.66881561279297,4490300
2024-01-19,82.02999877929688,82.05999755859375,81.98999786376953,82.02999877929688,74.61425018310547,5469300
2024-01-22,82.05999755859375,82.08999633789062,82.05000305175781,82.06999969482422,74.65058898925781,4607400
2024-01-23,82.04000091552734,82.06999969482422,82.0199966430664,82.05999755859375,74.64151000976562,3355600
2024-01-24,82.1500015258789,82.16000366210938,82.0199966430664,82.0199966430664,74.6051025390625,4708300
2024-01-25,82.12000274658203,82.19000244140625,82.11000061035156,82.16999816894531,74.74156188964844,5493200
2024-01-26,82.13999938964844,82.13999938964844,82.0999984741211,82.12000274658203,74.69608306884766,4654800
2024-01-29,82.16000366210938,82.20999908447266,82.16000366210938,82.19999694824219,74.76886749267578,3344700
2024-01-30,82.22000122070312,82.2300033569336,82.0999984741211,82.1500015258789,74.7234115600586,2345800
2024-01-31,82.2699966430664,82.38999938964844,82.22000122070312,82.30000305175781,74.85983276367188,7413100
2024-02-01,82.18000030517578,82.26000213623047,82.11000061035156,82.18000030517578,74.97110748291016,8288100
2024-02-02,81.93000030517578,81.97000122070312,81.87000274658203,81.91999816894531,74.73391723632812,8260700
2024-02-05,81.83000183105469,81.83999633789062,81.76000213623047,81.76000213623047,74.58795928955078,5968500
2024-02-06,81.80000305175781,81.91999816894531,81.80000305175781,81.88999938964844,74.7065658569336,3603400
2024-02-07,81.87000274658203,81.94999694824219,81.8499984741211,81.86000061035156,74.67920684814453,3044100
2024-02-08,81.86000061035156,81.87999725341797,81.83000183105469,81.83999633789062,74.66094207763672,2233400
2024-02-09,81.79000091552734,81.81999969482422,81.79000091552734,81.80999755859375,74.63359069824219,2523900
2024-02-12,81.83999633789062,81.8499984741211,81.80999755859375,81.81999969482422,74.6427001953125,2730500
2024-02-13,81.6500015258789,81.66999816894531,81.55000305175781,81.55999755859375,74.40550231933594,5284900
2024-02-14,81.62000274658203,81.70999908447266,81.61000061035156,81.68000030517578,74.51499938964844,5431500
2024-02-15,81.77999877929688,81.80000305175781,81.72000122070312,81.76000213623047,74.58795928955078,3772500
2024-02-16,81.61000061035156,81.66000366210938,81.5999984741211,81.66000366210938,74.49674987792969,7850200
2024-02-20,81.73999786376953,81.7699966430664,81.70999908447266,81.70999908447266,74.54232788085938,6172800
2024-02-21,81.75,81.75,81.63999938964844,81.63999938964844,74.47847747802734,8590400
2024-02-22,81.63999938964844,81.69000244140625,81.5999984741211,81.62999725341797,74.4693603515625,15501400
2024-02-23,81.62000274658203,81.68000030517578,81.61000061035156,81.66999816894531,74.505859375,3869300
2024-02-26,81.6500015258789,81.66000366210938,81.58999633789062,81.61000061035156,74.45114135742188,4547200
2024-02-27,81.62999725341797,81.6500015258789,81.58999633789062,81.61000061035156,74.45114135742188,3432400
2024-02-28,81.66000366210938,81.69999694824219,81.6500015258789,81.69000244140625,74.52411651611328,3239500
2024-02-29,81.73999786376953,81.77999877929688,81.72000122070312,81.73999786376953,74.56974029541016,8833900
2024-03-01,81.54000091552734,81.68000030517578,81.48999786376953,81.66000366210938,74.71611785888672,4883100
2024-03-04,81.58999633789062,81.62000274658203,81.55000305175781,81.58000183105469,74.64292907714844,2416300
2024-03-05,81.63999938964844,81.69000244140625,81.61000061035156,81.63999938964844,74.69779968261719,4102800
2024-03-06,81.69000244140625,81.72000122070312,81.63999938964844,81.66000366210938,74.71611785888672,5338700
2024-03-07,81.7300033569336,81.76000213623047,81.69999694824219,81.76000213623047,74.80760192871094,2987700
2024-03-08,81.8499984741211,81.86000061035156,81.77999877929688,81.80000305175781,74.8442153930664,2387700
2024-03-11,81.76000213623047,81.7699966430664,81.72000122070312,81.7300033569336,74.7801513671875,3509600
2024-03-12,81.69000244140625,81.69999694824219,81.63999938964844,81.6500015258789,74.70696258544922,2260900
2024-03-13,81.6500015258789,81.66000366210938,81.61000061035156,81.61000061035156,74.67037200927734,2223300
2024-03-14,81.58000183105469,81.58999633789062,81.54000091552734,81.54000091552734,74.60631561279297,4085000
2024-03-15,81.51000213623047,81.52999877929688,81.48999786376953,81.48999786376953,74.5605697631836,3045500
2024-03-18,81.51000213623047,81.51000213623047,81.47000122070312,81.5,74.56973266601562,1971600
2024-03-19,81.55999755859375,81.58000183105469,81.54000091552734,81.56999969482422,74.63374328613281,1821700
2024-03-20,81.58000183105469,81.70999908447266,81.56999969482422,81.69999694824219,74.75272369384766,4769000
2024-03-21,81.72000122070312,81.73999786376953,81.69000244140625,81.69999694824219,74.75272369384766,3708500
2024-03-22,81.76000213623047,81.77999877929688,81.76000213623047,81.76000213623047,74.80760192871094,2038000
2024-03-25,81.75,81.76000213623047,81.72000122070312,81.72000122070312,74.77099609375,3700600
2024-03-26,81.72000122070312,81.75,81.69999694824219,81.73999786376953,74.78932189941406,2183300
2024-03-27,81.80000305175781,81.8499984741211,81.80000305175781,81.83000183105469,74.87165832519531,2585300
2024-03-28,81.7699966430664,81.79000091552734,81.73999786376953,81.77999877929688,74.82591247558594,5702800
2024-04-01,81.4800033569336,81.48999786376953,81.33999633789062,81.33999633789062,74.66985321044922,4661800
2024-04-02,81.33999633789062,81.4000015258789,81.33000183105469,81.37999725341797,74.70658874511719,3485000
2024-04-03,81.3499984741211,81.44000244140625,81.33000183105469,81.44000244140625,74.76165008544922,2904100
2024-04-04,81.45999908447266,81.52999877929688,81.44000244140625,81.5199966430664,74.83509063720703,2806000
2024-04-05,81.43000030517578,81.47000122070312,81.37999725341797,81.38999938964844,74.71575164794922,3967100
2024-04-08,81.3499984741211,81.37000274658203,81.30999755859375,81.30999755859375,74.64230346679688,3335800
2024-04-09,81.37999725341797,81.41999816894531,81.37999725341797,81.38999938964844,74.71575164794922,2680500
2024-04-10,81.12999725341797,81.1500015258789,81.05000305175781,81.05999755859375,74.41281127929688,6329400
2024-04-11,81.16999816894531,81.16999816894531,81.0999984741211,81.16000366210938,74.50459289550781,6686500
2024-04-12,81.22000122070312,81.26000213623047,81.20999908447266,81.20999908447266,74.5505142211914,5387500
2024-04-15,81.11000061035156,81.18000030517578,81.06999969482422,81.18000030517578,74.52296447753906,4841300
2024-04-16,81.12000274658203,81.16000366210938,81.06999969482422,81.12999725341797,74.47708129882812,3062800
2024-04-17,81.16000366210938,81.22000122070312,81.1500015258789,81.19000244140625,74.53215789794922,3598900
2024-04-18,81.20999908447266,81.20999908447266,81.13999938964844,81.1500015258789,74.49542999267578,3279600
2024-04-19,81.19999694824219,81.19999694824219,81.16000366210938,81.16999816894531,74.51378631591797,2938200
2024-04-22,81.18000030517578,81.2300033569336,81.18000030517578,81.20999908447266,74.5505142211914,4174300
2024-04-23,81.19000244140625,81.30000305175781,81.18000030517578,81.27999877929688,74.61476135253906,3619000
2024-04-24,81.23999786376953,81.26000213623047,81.22000122070312,81.25,74.58724975585938,4299800
2024-04-25,81.18000030517578,81.20999908447266,81.16000366210938,81.19000244140625,74.53215789794922,4224200
2024-04-26,81.22000122070312,81.25,81.19999694824219,81.20999908447266,74.5505142211914,3071500
2024-04-29,81.23999786376953,81.26000213623047,81.2300033569336,81.25,74.58724975585938,2259600
2024-04-30,81.19000244140625,81.22000122070312,81.1500015258789,81.1500015258789,74.49542999267578,6420900
2024-05-01,80.94999694824219,81.08000183105469,80.91000366210938,81.05000305175781,74.6446304321289,8032700
2024-05-02,81.08000183105469,81.18000030517578,81.06999969482422,81.16999816894531,74.75514221191406,3750700
2024-05-03,81.3499984741211,81.38999938964844,81.26000213623047,81.30000305175781,74.87486267089844,4960200
2024-05-06,81.30999755859375,81.30999755859375,81.2699966430664,81.29000091552734,74.86566925048828,2960700
2024-05-07,81.30999755859375,81.33000183105469,81.27999877929688,81.30000305175781,74.87486267089844,2706200
2024-05-08,81.27999877929688,81.30999755859375,81.27999877929688,81.27999877929688,74.8564682006836,2308800
2024-05-09,81.33000183105469,81.37000274658203,81.33000183105469,81.3499984741211,74.92093658447266,2160200
2024-05-10,81.33999633789062,81.33999633789062,81.27999877929688,81.27999877929688,74.8564682006836,1866100
2024-05-13,81.3499984741211,81.3499984741211,81.30000305175781,81.30000305175781,74.87486267089844,2442600
2024-05-14,81.36000061035156,81.37999725341797,81.3499984741211,81.37999725341797,74.94853973388672,2319500
2024-05-15,81.48999786376953,81.52999877929688,81.47000122070312,81.52999877929688,75.08668518066406,3248400
2024-05-16,81.51000213623047,81.5199966430664,81.45999908447266,81.47000122070312,75.03141784667969,2978300
2024-05-17,81.45999908447266,81.47000122070312,81.41999816894531,81.41999816894531,74.98539733886719,2758000
2024-05-20,81.43000030517578,81.43000030517578,81.4000015258789,81.4000015258789,74.96696472167969,2445200
2024-05-21,81.44000244140625,81.45999908447266,81.44000244140625,81.44000244140625,75.0038070678711,1991300
2024-05-22,81.4000015258789,81.41999816894531,81.37999725341797,81.37999725341797,74.94853973388672,3051100
2024-05-23,81.43000030517578,81.43000030517578,81.33000183105469,81.33999633789062,74.9117202758789,3473500
2024-05-24,81.33999633789062,81.37000274658203,81.33000183105469,81.37000274658203,74.93932342529297,3041000
2024-05-28,81.4000015258789,81.41000366210938,81.30000305175781,81.30000305175781,74.87486267089844,2889800
2024-05-29,81.31999969482422,81.31999969482422,81.25,81.2699966430664,74.84725189208984,2441700
2024-05-30,81.33999633789062,81.37000274658203,81.33000183105469,81.36000061035156,74.93014526367188,3711400
2024-05-31,81.41999816894531,81.4800033569336,81.41000366210938,81.47000122070312,75.03141784667969,2923000
2024-06-03,81.20999908447266,81.30000305175781,81.20999908447266,81.30000305175781,75.1164321899414,5533700
2024-06-04,81.3499984741211,81.41000366210938,81.33999633789062,81.37999725341797,75.19034576416016,2133300
2024-06-05,81.41000366210938,81.45999908447266,81.3499984741211,81.45999908447266,75.26426696777344,2577600
2024-06-06,81.44999694824219,81.4800033569336,81.44000244140625,81.47000122070312,75.27351379394531,3346500
2024-06-07,81.33999633789062,81.33999633789062,81.26000213623047,81.26000213623047,75.07947540283203,3524300
2024-06-10,81.2699966430664,81.29000091552734,81.26000213623047,81.2699966430664,75.08871459960938,2952900
2024-06-11,81.33000183105469,81.37000274658203,81.30000305175781,81.36000061035156,75.17189025878906,3755800
2024-06-12,81.5999984741211,81.61000061035156,81.47000122070312,81.47000122070312,75.27351379394531,3409200
2024-06-13,81.56999969482422,81.62999725341797,81.55000305175781,81.5999984741211,75.39361572265625,2473800
2024-06-14,81.63999938964844,81.6500015258789,81.61000061035156,81.61000061035156,75.40286254882812,2854900
2024-06-17,81.55999755859375,81.58000183105469,81.52999877929688,81.52999877929688,75.32894897460938,1272200
2024-06-18,81.62000274658203,81.68000030517578,81.61000061035156,81.63999938964844,75.43059539794922,2182800
2024-06-20,81.58999633789062,81.62000274658203,81.56999969482422,81.61000061035156,75.40286254882812,2618200
2024-06-21,81.66999816894531,81.69000244140625,81.62000274658203,81.63999938964844,75.43059539794922,2020500
2024-06-24,81.6500015258789,81.66000366210938,81.62999725341797,81.6500015258789,75.43982696533203,1576500
2024-06-25,81.66000366210938,81.66999816894531,81.62999725341797,81.66000366210938,75.44905090332031,2618100
2024-06-26,81.61000061035156,81.62000274658203,81.58000183105469,81.58000183105469,75.37515258789062,2329000
2024-06-27,81.62999725341797,81.66999816894531,81.62000274658203,81.63999938964844,75.43059539794922,1675800
2024-06-28,81.7300033569336,81.75,81.63999938964844,81.6500015258789,75.43982696533203,3894800
2024-07-01,81.31999969482422,81.36000061035156,81.29000091552734,81.30999755859375,75.37493133544922,3672100
2024-07-02,81.4000015258789,81.41999816894531,81.37000274658203,81.37999725341797,75.4398193359375,2468800
2024-07-03,81.41000366210938,81.5199966430664,81.41000366210938,81.5,75.55106353759766,1772800
2024-07-05,81.58999633789062,81.6500015258789,81.58000183105469,81.6500015258789,75.69012451171875,2171900
2024-07-08,81.62999725341797,81.63999938964844,81.61000061035156,81.63999938964844,75.68083953857422,2236000
2024-07-09,81.62999725341797,81.6500015258789,81.58999633789062,81.62000274658203,75.66227722167969,7304200
2024-07-10,81.66999816894531,81.66999816894531,81.62999725341797,81.6500015258789,75.69012451171875,2505700
2024-07-11,81.83000183105469,81.86000061035156,81.80999755859375,81.83999633789062,75.86621856689453,5810700
2024-07-12,81.88999938964844,81.95999908447266,81.87999725341797,81.95999908447266,75.97748565673828,3170300
2024-07-15,81.94999694824219,81.98999786376953,81.93000030517578,81.95999908447266,75.97748565673828,3380600
2024-07-16,81.94999694824219,82.0,81.93000030517578,81.98999786376953,76.00528717041016,2562400
2024-07-17,81.94000244140625,82.0,81.93000030517578,82.0,76.01456451416016,2701000
2024-07-18,81.98999786376953,82.01000213623047,81.94999694824219,81.95999908447266,75.97748565673828,3111100
2024-07-19,81.94000244140625,81.94999694824219,81.91999816894531,81.91999816894531,75.9404067993164,2041700
2024-07-22,81.91999816894531,81.93000030517578,81.88999938964844,81.93000030517578,75.94967651367188,2429500
2024-07-23,81.95999908447266,82.0,81.94000244140625,81.97000122070312,75.98677062988281,2133400
2024-07-24,82.05999755859375,82.08999633789062,82.01000213623047,82.01000213623047,76.02383422851562,4871200
2024-07-25,82.04000091552734,82.08999633789062,82.0,82.0199966430664,76.03308868408203,4907000
2024-07-26,82.12999725341797,82.13999938964844,82.11000061035156,82.12999725341797,76.13508605957031,1591000
2024-07-29,82.1500015258789,82.16000366210938,82.11000061035156,82.13999938964844,76.14434814453125,4588200
2024-07-30,82.16000366210938,82.19999694824219,82.12000274658203,82.16999816894531,76.1721420288086,3108100
2024-07-31,82.22000122070312,82.33999633789062,82.1500015258789,82.33999633789062,76.32975769042969,3403900
2024-08-01,82.0999984741211,82.2300033569336,82.08999633789062,82.20999908447266,76.4618148803711,5052500
2024-08-02,82.54000091552734,82.69000244140625,82.5199966430664,82.66999816894531,76.8896484375,5001400
2024-08-05,82.87000274658203,82.91000366210938,82.58000183105469,82.6500015258789,76.87105560302734,15588100
2024-08-06,82.62999725341797,82.62999725341797,82.47000122070312,82.55000305175781,76.77803039550781,12849200
2024-08-07,82.48999786376953,82.55000305175781,82.44000244140625,82.5,76.73155212402344,5778900
2024-08-08,82.4000015258789,82.47000122070312,82.38999938964844,82.45999908447266,76.69432830810547,3622000
2024-08-09,82.5199966430664,82.52999877929688,82.44000244140625,82.4800033569336,76.71292877197266,5079400
2024-08-12,82.45999908447266,82.55000305175781,82.44999694824219,82.52999877929688,76.75945281982422,3745600
2024-08-13,82.62999725341797,82.66000366210938,82.61000061035156,82.66000366210938,76.88035583496094,3856100
2024-08-14,82.61000061035156,82.69000244140625,82.5999984741211,82.6500015258789,76.87105560302734,4780700
2024-08-15,82.45999908447266,82.48999786376953,82.41999816894531,82.44999694824219,76.68504333496094,3164700
2024-08-16,82.54000091552734,82.54000091552734,82.45999908447266,82.54000091552734,76.76873779296875,2987100
2024-08-19,82.5199966430664,82.56999969482422,82.5199966430664,82.5199966430664,76.75012969970703,2839700
2024-08-20,82.61000061035156,82.63999938964844,82.58999633789062,82.63999938964844,76.86174011230469,1882600
2024-08-21,82.69999694824219,82.80000305175781,82.62999725341797,82.7300033569336,76.94548034667969,3914500
2024-08-22,82.68000030517578,82.69000244140625,82.62000274658203,82.62000274658203,76.8431625366211,4181300
2024-08-23,82.69000244140625,82.80999755859375,82.6500015258789,82.80999755859375,77.01988220214844,3896800
2024-08-26,82.83999633789062,82.83999633789062,82.7699966430664,82.7699966430664,76.98265838623047,1896600
2024-08-27,82.76000213623047,82.83999633789062,82.76000213623047,82.81999969482422,77.02916717529297,4067400
2024-08-28,82.83999633789062,82.86000061035156,82.80999755859375,82.80999755859375,77.01988220214844,3126600
2024-08-29,82.80999755859375,82.80999755859375,82.77999877929688,82.80000305175781,77.01055145263672,2397100
2024-08-30,82.81999969482422,82.8499984741211,82.79000091552734,82.80000305175781,77.01055145263672,2781300
2024-09-03,82.56999969482422,82.63999938964844,82.56999969482422,82.5999984741211,77.09271240234375,3718600
2024-09-04,82.66000366210938,82.79000091552734,82.6500015258789,82.77999877929688,77.26068878173828,2731100
2024-09-05,82.86000061035156,82.86000061035156,82.75,82.80999755859375,77.28870391845703,8628200
2024-09-06,82.9000015258789,83.05999755859375,82.80999755859375,82.95999908447266,77.42869567871094,6478400
2024-09-09,82.94999694824219,82.98999786376953,82.91999816894531,82.97000122070312,77.43801879882812,9361700
2024-09-10,82.98999786376953,83.08999633789062,82.9800033569336,83.08999633789062,77.55001831054688,6833800
2024-09-11,83.0,83.12999725341797,83.0,83.0199966430664,77.48467254638672,3679100
2024-09-12,83.02999877929688,83.05000305175781,82.94999694824219,83.02999877929688,77.49401092529297,2599000
2024-09-13,83.16000366210938,83.16999816894531,83.11000061035156,83.1500015258789,77.60603332519531,3964000
2024-09-16,83.19999694824219,83.22000122070312,83.16000366210938,83.19999694824219,77.65267944335938,2861100
2024-09-17,83.16000366210938,83.16999816894531,83.12000274658203,83.13999938964844,77.59671020507812,3015200
2024-09-18,83.0999984741211,83.23999786376953,83.05000305175781,83.11000061035156,77.56869506835938,4413300
2024-09-19,83.13999938964844,83.18000030517578,83.12000274658203,83.18000030517578,77.63402557373047,2892600
2024-09-20,83.16000366210938,83.2300033569336,83.12000274658203,83.20999908447266,77.66201782226562,4082500
2024-09-23,83.19000244140625,83.23999786376953,83.1500015258789,83.20999908447266,77.66201782226562,5030800
2024-09-24,83.2300033569336,83.30000305175781,83.19999694824219,83.29000091552734,77.7366943359375,8947900
2024-09-25,83.2699966430664,83.27999877929688,83.22000122070312,83.22000122070312,77.67137145996094,4829100
2024-09-26,83.22000122070312,83.2300033569336,83.13999938964844,83.13999938964844,77.59671020507812,2321800
2024-09-27,83.22000122070312,83.27999877929688,83.19999694824219,83.2699966430664,77.718017578125,3208500
2024-09-30,83.22000122070312,83.23999786376953,83.12999725341797,83.1500015258789,77.60603332519531,5176000
2024-10-01,82.93000030517578,83.01000213623047,82.91999816894531,82.93000030517578,77.6556396484375,4955500
2024-10-02,82.88999938964844,82.94000244140625,82.87999725341797,82.91000366210938,77.63693237304688,5697700
2024-10-03,82.87000274658203,82.87999725341797,82.80000305175781,82.80000305175781,77.53392791748047,6480000
2024-10-04,82.58999633789062,82.63999938964844,82.5,82.5199966430664,77.27171325683594,4013000
2024-10-07,82.4000015258789,82.45999908447266,82.4000015258789,82.41000366210938,77.16873931884766,5052100
2024-10-08,82.44000244140625,82.4800033569336,82.41999816894531,82.4800033569336,77.23426818847656,6423500
2024-10-09,82.45999908447266,82.45999908447266,82.38999938964844,82.4000015258789,77.15936279296875,4166800
2024-10-10,82.47000122070312,82.5,82.38999938964844,82.47000122070312,77.22490692138672,3859500
2024-10-11,82.5199966430664,82.55999755859375,82.5,82.54000091552734,77.29046630859375,3367200
2024-10-14,82.4800033569336,82.5,82.44000244140625,82.5,77.25299072265625,1849500
2024-10-15,82.56999969482422,82.58000183105469,82.5199966430664,82.54000091552734,77.29046630859375,3387000
2024-10-16,82.58999633789062,82.61000061035156,82.56999969482422,82.58999633789062,77.33728790283203,2130700
2024-10-17,82.52999877929688,82.54000091552734,82.5,82.5199966430664,77.27171325683594,2469600
2024-10-18,82.58999633789062,82.61000061035156,82.56999969482422,82.58999633789062,77.33728790283203,1725600
2024-10-21,82.55999755859375,82.55999755859375,82.47000122070312,82.47000122070312,77.22490692138672,3474300
2024-10-22,82.5,82.51000213623047,82.44000244140625,82.45999908447266,77.21554565429688,4333300
2024-10-23,82.44000244140625,82.44000244140625,82.4000015258789,82.41000366210938,77.16873931884766,3303900
2024-10-24,82.44999694824219,82.48999786376953,82.41999816894531,82.44999694824219,77.20618438720703,2444500
2024-10-25,82.5,82.52999877929688,82.41000366210938,82.41999816894531,77.1780776977539,2453000
2024-10-28,82.44000244140625,82.44000244140625,82.3499984741211,82.37999725341797,77.14063262939453,2886400
2024-10-29,82.3499984741211,82.43000030517578,82.33000183105469,82.41000366210938,77.16873931884766,2920500
2024-10-30,82.41999816894531,82.47000122070312,82.33999633789062,82.33999633789062,77.10317993164062,2949300
2024-10-31,82.33000183105469,82.38999938964844,82.29000091552734,82.36000061035156,77.1219253540039,3751500
2024-11-01,82.18000030517578,82.19999694824219,82.02999877929688,82.05000305175781,77.09651184082031,5598400
2024-11-04,82.1500015258789,82.16999816894531,82.08999633789062,82.11000061035156,77.15292358398438,2400700
2024-11-05,82.11000061035156,82.11000061035156,82.01000213623047,82.08999633789062,77.13412475585938,2808600
2024-11-06,81.94999694824219,82.01000213623047,81.94000244140625,81.98999786376953,77.04016876220703,6637800
2024-11-07,82.05000305175781,82.12999725341797,82.0199966430664,82.12999725341797,77.17167663574219,10555500
2024-11-08,82.12000274658203,82.1500015258789,82.04000091552734,82.06999969482422,77.1153335571289,3935000
2024-11-11,81.98999786376953,82.01000213623047,81.98999786376953,82.01000213623047,77.05895233154297,1567900
2024-11-12,81.94999694824219,81.9800033569336,81.9000015258789,81.93000030517578,76.9837875366211,4609900
2024-11-13,82.08000183105469,82.08000183105469,82.0,82.05000305175781,77.09651184082031,2909700
2024-11-14,82.06999969482422,82.08999633789062,81.91999816894531,81.93000030517578,76.9837875366211,4405400
2024-11-15,81.95999908447266,82.08999633789062,81.93000030517578,82.0199966430664,77.0683364868164,3299800
2024-11-18,82.05000305175781,82.08000183105469,82.0199966430664,82.08000183105469,77.1247329711914,2645000
2024-11-19,82.12000274658203,82.12999725341797,82.08000183105469,82.08000183105469,77.1247329711914,2655600
2024-11-20,82.05999755859375,82.08999633789062,82.04000091552734,82.04000091552734,77.0871353149414,3362300
2024-11-21,82.05000305175781,82.08999633789062,82.0,82.0199966430664,77.0683364868164,2565700
2024-11-22,82.04000091552734,82.05999755859375,82.0,82.01000213623047,77.05895233154297,2352200
2024-11-25,82.12000274658203,82.16999816894531,82.0999984741211,82.16999816894531,77.20929718017578,3579100
2024-11-26,82.1500015258789,82.16999816894531,82.0999984741211,82.16999816894531,77.20929718017578,6597200
2024-11-27,82.25,82.26000213623047,82.20999908447266,82.22000122070312,77.25629425048828,2463400
2024-11-29,82.30999755859375,82.33000183105469,82.30000305175781,82.31999969482422,77.35022735595703,1597600
2024-12-02,82.01000213623047,82.08000183105469,81.9800033569336,82.05000305175781,77.34551239013672,5102300
2024-12-03,82.0999984741211,82.11000061035156,82.04000091552734,82.05999755859375,77.35494232177734,3950600
2024-12-04,82.04000091552734,82.16999816894531,82.04000091552734,82.1500015258789,77.43980407714844,3935400
2024-12-05,82.0999984741211,82.1500015258789,82.08999633789062,82.1500015258789,77.43980407714844,2517700
2024-12-06,82.26000213623047,82.2699966430664,82.20999908447266,82.2300033569336,77.51521301269531,5705800
2024-12-09,82.2300033569336,82.2300033569336,82.19999694824219,82.19999694824219,77.48690795898438,4641600
2024-12-10,82.19000244140625,82.19999694824219,82.1500015258789,82.19000244140625,77.47750091552734,2919500
2024-12-11,82.25,82.2699966430664,82.16999816894531,82.16999816894531,77.4586410522461,2453000
2024-12-12,82.19000244140625,82.19999694824219,82.12999725341797,82.12999725341797,77.42091369628906,3185000
2024-12-13,82.13999938964844,82.1500015258789,82.08999633789062,82.08999633789062,77.38321685791016,2420800
2024-12-16,82.12000274658203,82.12999725341797,82.08999633789062,82.0999984741211,77.39266204833984,2930300
2024-12-17,82.08999633789062,82.12999725341797,82.08999633789062,82.11000061035156,77.40209197998047,2492600
2024-12-18,81.87000274658203,81.88999938964844,81.66999816894531,81.68000030517578,77.26019287109375,6931400
2024-12-19,81.7300033569336,81.77999877929688,81.70999908447266,81.7699966430664,77.34532165527344,12522700
2024-12-20,81.8499984741211,81.8499984741211,81.7699966430664,81.77999877929688,77.35478973388672,3495400
2024-12-23,81.76000213623047,81.77999877929688,81.7300033569336,81.7300033569336,77.30750274658203,2933800
2024-12-24,81.73999786376953,81.7699966430664,81.7300033569336,81.7699966430664,77.34532165527344,1583800
2024-12-26,81.73999786376953,81.80000305175781,81.7300033569336,81.79000091552734,77.36424255371094,1758100
2024-12-27,81.81999969482422,81.8499984741211,81.80999755859375,81.80999755859375,77.38314819335938,3668600
2024-12-30,81.9000015258789,81.94000244140625,81.9000015258789,81.93000030517578,77.49666595458984,7397300
2024-12-31,81.98999786376953,82.0,81.94000244140625,81.9800033569336,77.54395294189453,3167100
2025-01-02,82.0,82.01000213623047,81.93000030517578,81.95999908447266,77.5250473022461,3948300
2025-01-03,82.0,82.01000213623047,81.94000244140625,81.95999908447266,77.5250473022461,2804100
2025-01-06,81.95999908447266,81.98999786376953,81.94000244140625,81.9800033569336,77.54395294189453,2324300
2025-01-07,81.97000122070312,81.98999786376953,81.9000015258789,81.93000030517578,77.49666595458984,4035500
2025-01-08,81.94999694824219,81.98999786376953,81.94999694824219,81.9800033569336,77.54395294189453,2747600
2025-01-10,81.93000030517578,81.94000244140625,81.83000183105469,81.83000183105469,77.402099609375,6188500
2025-01-13,81.83999633789062,81.8499984741211,81.80999755859375,81.8499984741211,77.42098236083984,4855000
2025-01-14,81.87999725341797,81.88999938964844,81.86000061035156,81.87000274658203,77.43992614746094,2281900
2025-01-15,82.04000091552734,82.05000305175781,82.01000213623047,82.05000305175781,77.61015319824219,3694300
2025-01-16,82.01000213623047,82.12000274658203,82.0,82.0999984741211,77.6574935913086,4775000
2025-01-17,82.11000061035156,82.12000274658203,82.06999969482422,82.08000183105469,77.63855743408203,2248500
2025-01-21,82.11000061035156,82.12000274658203,82.05999755859375,82.11000061035156,77.66693115234375,2400400
2025-01-22,82.11000061035156,82.12000274658203,82.05999755859375,82.08999633789062,77.64801788330078,2706800
2025-01-23,82.05999755859375,82.11000061035156,82.05999755859375,82.08999633789062,77.64801788330078,3378500
2025-01-24,82.13999938964844,82.19000244140625,82.12000274658203,82.13999938964844,77.6953125,2190000
2025-01-27,82.27999877929688,82.29000091552734,82.22000122070312,82.26000213623047,77.80882263183594,3639700
2025-01-28,82.23999786376953,82.27999877929688,82.2300033569336,82.27999877929688,77.8277359008789,2980500
2025-01-29,82.29000091552734,82.29000091552734,82.19000244140625,82.2300033569336,77.78044128417969,2849200
2025-01-30,82.2699966430664,82.30000305175781,82.26000213623047,82.27999877929688,77.8277359008789,1956300
2025-01-31,82.29000091552734,82.31999969482422,82.26000213623047,82.29000091552734,77.83717346191406,2987300
2025-02-03,81.98999786376953,82.04000091552734,81.94000244140625,81.95999908447266,77.78309631347656,3483200
2025-02-04,81.95999908447266,82.04000091552734,81.95999908447266,82.04000091552734,77.85902404785156,3232500
2025-02-05,82.06999969482422,82.12999725341797,82.06999969482422,82.08999633789062,77.90645599365234,3456200
2025-02-06,82.05999755859375,82.08999633789062,82.05000305175781,82.05999755859375,77.87798309326172,2083200
2025-02-07,82.0199966430664,82.02999877929688,81.97000122070312,81.97000122070312,77.79259490966797,3488900
2025-02-10,82.0199966430664,82.04000091552734,82.0,82.01000213623047,77.83055877685547,2573000
2025-02-11,81.9800033569336,82.01000213623047,81.9800033569336,81.98999786376953,77.81156158447266,2861900
2025-02-12,81.91000366210938,81.91999816894531,81.87000274658203,81.87999725341797,77.7071533203125,4537400
2025-02-13,81.97000122070312,82.0,81.95999908447266,81.98999786376953,77.81156158447266,3512000
2025-02-14,82.0999984741211,82.12999725341797,82.08000183105469,82.0999984741211,77.91596984863281,3120500
2025-02-18,82.06999969482422,82.08000183105469,82.02999877929688,82.02999877929688,77.84953308105469,2824100
2025-02-19,82.04000091552734,82.08999633789062,82.04000091552734,82.08999633789062,77.90645599365234,2694600
2025-02-20,82.11000061035156,82.13999938964844,82.0999984741211,82.0999984741211,77.91596984863281,2106500
2025-02-21,82.13999938964844,82.26000213623047,82.13999938964844,82.23999786376953,78.048828125,3614000
2025-02-24,82.2300033569336,82.30000305175781,82.22000122070312,82.30000305175781,78.10577392578125,2497300
2025-02-25,82.37999725341797,82.44000244140625,82.37000274658203,82.41000366210938,78.21017456054688,3632100
2025-02-26,82.41000366210938,82.45999908447266,82.37000274658203,82.44000244140625,78.23863220214844,2280100
2025-02-27,82.41000366210938,82.4800033569336,82.4000015258789,82.47000122070312,78.26709747314453,4639500
2025-02-28,82.52999877929688,82.62000274658203,82.5,82.62000274658203,78.40945434570312,4383100
2025-03-03,82.30000305175781,82.43000030517578,82.29000091552734,82.41999816894531,78.45991516113281,5333700
2025-03-04,82.51000213623047,82.58000183105469,82.4000015258789,82.43000030517578,78.46944427490234,5198900
2025-03-05,82.4800033569336,82.5,82.33000183105469,82.33999633789062,78.3837661743164,4304600
2025-03-06,82.37999725341797,82.43000030517578,82.33000183105469,82.38999938964844,78.43135070800781,4557400
2025-03-07,82.5,82.5199966430664,82.33999633789062,82.37999725341797,78.42182159423828,3499300
2025-03-10,82.48999786376953,82.55999755859375,82.45999908447266,82.52999877929688,78.56462860107422,4644400
2025-03-11,82.52999877929688,82.5999984741211,82.47000122070312,82.4800033569336,78.51702117919922,4668500
2025-03-12,82.41999816894531,82.4800033569336,82.4000015258789,82.41999816894531,78.45991516113281,3475800
2025-03-13,82.41999816894531,82.5199966430664,82.38999938964844,82.4800033569336,78.51702117919922,2946600
2025-03-14,82.48999786376953,82.48999786376953,82.41000366210938,82.41999816894531,78.45991516113281,3932500
2025-03-17,82.4000015258789,82.44999694824219,82.37000274658203,82.38999938964844,78.43135070800781,4582600
2025-03-18,82.37999725341797,82.43000030517578,82.37999725341797,82.38999938964844,78.43135070800781,3438500
2025-03-19,82.37000274658203,82.51000213623047,82.33999633789062,82.51000213623047,78.54557800292969,3886300
2025-03-20,82.5999984741211,82.5999984741211,82.5199966430664,82.52999877929688,78.56462860107422,3039300
2025-03-21,82.62000274658203,82.63999938964844,82.58000183105469,82.58000183105469,78.61222839355469,3172500
2025-03-24,82.54000091552734,82.54000091552734,82.45999908447266,82.47000122070312,78.50749969482422,2351300
2025-03-25,82.48999786376953,82.54000091552734,82.4800033569336,82.5,78.53607940673828,2711400
2025-03-26,82.48999786376953,82.5199966430664,82.4800033569336,82.4800033569336,78.51702117919922,3684800
2025-03-27,82.5199966430664,82.55000305175781,82.5,82.5199966430664,78.55509185791016,2187600
2025-03-28,82.58999633789062,82.69000244140625,82.58999633789062,82.66999816894531,78.6978988647461,4087900
2025-03-31,82.73999786376953,82.7699966430664,82.66000366210938,82.7300033569336,78.75503540039062,4593200
2025-04-01,82.45999908447266,82.5199966430664,82.44000244140625,82.4800033569336,78.7836685180664,4326400
2025-04-02,82.52999877929688,82.52999877929688,82.38999938964844,82.41999816894531,78.72636413574219,3071600
2025-04-03,82.69000244140625,82.7699966430664,82.66999816894531,82.7300033569336,79.0224838256836,6729500
2025-04-04,82.9800033569336,83.06999969482422,82.68000030517578,82.68000030517578,78.97469329833984,12599700
2025-04-07,82.88999938964844,82.94000244140625,82.5199966430664,82.69000244140625,78.98426818847656,18363100
2025-04-08,82.54000091552734,82.80999755859375,82.54000091552734,82.63999938964844,78.9365005493164,13086100
2025-04-09,82.69999694824219,82.79000091552734,82.30999755859375,82.58999633789062,78.88874053955078,25591000
2025-04-10,82.58999633789062,82.66000366210938,82.52999877929688,82.58000183105469,78.87919616699219,10029500
2025-04-11,82.52999877929688,82.55000305175781,82.4000015258789,82.43000030517578,78.73593139648438,6585900
2025-04-14,82.4800033569336,82.62999725341797,82.4800033569336,82.61000061035156,78.9078369140625,5006100
2025-04-15,82.61000061035156,82.66999816894531,82.5999984741211,82.61000061035156,78.9078369140625,3090700
2025-04-16,82.69999694824219,82.73999786376953,82.66000366210938,82.72000122070312,79.0129165649414,3178900
2025-04-17,82.75,82.79000091552734,82.70999908447266,82.75,79.04156494140625,3384000
2025-04-21,82.77999877929688,82.8499984741211,82.69999694824219,82.69999694824219,78.99380493164062,5283700
2025-04-22,82.76000213623047,82.77999877929688,82.70999908447266,82.7300033569336,79.0224838256836,3521700
2025-04-23,82.75,82.80000305175781,82.62999725341797,82.66999816894531,78.96515655517578,3647400
2025-04-24,82.7300033569336,82.7699966430664,82.70999908447266,82.7699966430664,79.06067657470703,3993500
2025-04-25,82.79000091552734,82.8499984741211,82.76000213623047,82.83999633789062,79.12753295898438,2259800
2025-04-28,82.8499984741211,82.95999908447266,82.83999633789062,82.95999908447266,79.24215698242188,2847000
2025-04-29,82.94000244140625,83.0199966430664,82.93000030517578,83.01000213623047,79.28992462158203,3832200
2025-04-30,83.04000091552734,83.12000274658203,83.02999877929688,83.12000274658203,79.3949966430664,5104800
2025-05-01,82.88999938964844,82.9000015258789,82.66000366210938,82.69000244140625,79.23114776611328,5150400
2025-05-02,82.62000274658203,82.6500015258789,82.5,82.52999877929688,79.07784271240234,4556100
2025-05-05,82.56999969482422,82.58000183105469,82.48999786376953,82.5199966430664,79.0682373046875,3420300
2025-05-06,82.58999633789062,82.61000061035156,82.56999969482422,82.58999633789062,79.13532257080078,3476300
2025-05-07,82.58999633789062,82.66000366210938,82.55999755859375,82.62000274658203,79.16407012939453,2522500
2025-05-08,82.58999633789062,82.5999984741211,82.44000244140625,82.44999694824219,79.00119018554688,3566000
2025-05-09,82.52999877929688,82.56999969482422,82.48999786376953,82.48999786376953,79.03950500488281,2009600
2025-05-12,82.33000183105469,82.38999938964844,82.31999969482422,82.33999633789062,78.89579772949219,4386600
2025-05-13,82.38999938964844,82.38999938964844,82.30000305175781,82.31999969482422,78.8766098022461,4241200
2025-05-14,82.33000183105469,82.3499984741211,82.26000213623047,82.26000213623047,78.81913757324219,3960300
2025-05-15,82.37999725341797,82.41999816894531,82.3499984741211,82.41999816894531,78.9724349975586,3449300
2025-05-16,82.48999786376953,82.48999786376953,82.38999938964844,82.4000015258789,78.95326232910156,3528300
2025-05-19,82.37999725341797,82.44000244140625,82.37000274658203,82.43000030517578,78.9820327758789,2906900
2025-05-20,82.43000030517578,82.47000122070312,82.41000366210938,82.44000244140625,78.99160766601562,3289200
2025-05-21,82.41000366210938,82.41999816894531,82.37999725341797,82.38999938964844,78.94369506835938,4095600
2025-05-22,82.44000244140625,82.44999694824219,82.41000366210938,82.44000244140625,78.99160766601562,3415600
2025-05-23,82.56999969482422,82.56999969482422,82.47000122070312,82.48999786376953,79.03950500488281,8202300
2025-05-27,82.5,82.52999877929688,82.4800033569336,82.5199966430664,79.0682373046875,3870300
2025-05-28,82.5,82.5,82.44999694824219,82.45999908447266,79.0107650756836,1972600
2025-05-29,82.5199966430664,82.55999755859375,82.5199966430664,82.55000305175781,79.09700012207031,2154300
2025-05-30,82.58999633789062,82.6500015258789,82.56999969482422,82.6500015258789,79.19282531738281,4331000
2025-06-02,82.33999633789062,82.37000274658203,82.30000305175781,82.30999755859375,79.12744140625,4011000
2025-06-03,82.33000183105469,82.3499984741211,82.27999877929688,82.29000091552734,79.10822296142578,4456600
2025-06-04,82.36000061035156,82.44999694824219,82.3499984741211,82.44000244140625,79.25242614746094,5744700
2025-06-05,82.44000244140625,82.45999908447266,82.3499984741211,82.3499984741211,79.1658935546875,3164700
2025-06-06,82.25,82.2699966430664,82.20999908447266,82.20999908447266,79.03129577636719,1563300
2025-06-09,82.23999786376953,82.30000305175781,82.23999786376953,82.2699966430664,79.08898162841797,2166800
2025-06-10,82.30000305175781,82.31999969482422,82.2699966430664,82.2699966430664,79.08898162841797,2010600
2025-06-11,82.37000274658203,82.4000015258789,82.33999633789062,82.4000015258789,79.2139663696289,1825500
2025-06-12,82.4800033569336,82.4800033569336,82.44000244140625,82.47000122070312,79.28125762939453,2612200
2025-06-13,82.44000244140625,82.44000244140625,82.37999725341797,82.41000366210938,79.22358703613281,3572700
2025-06-16,82.41000366210938,82.44000244140625,82.38999938964844,82.4000015258789,79.2139663696289,2380700
2025-06-17,82.43000030517578,82.45999908447266,82.4000015258789,82.44000244140625,79.25242614746094,2057400
2025-06-18,82.4800033569336,82.56999969482422,82.44999694824219,82.4800033569336,79.2908706665039,1921300
2025-06-20,82.5,82.56999969482422,82.48999786376953,82.54000091552734,79.34854888916016,2328700
2025-06-23,82.56999969482422,82.69000244140625,82.56999969482422,82.6500015258789,79.45431518554688,3113400
2025-06-24,82.63999938964844,82.72000122070312,82.62999725341797,82.72000122070312,79.52159881591797,4292000
2025-06-25,82.69000244140625,82.73999786376953,82.66999816894531,82.7300033569336,79.53120422363281,3268100
2025-06-26,82.77999877929688,82.83000183105469,82.7699966430664,82.83000183105469,79.62732696533203,4964600
2025-06-27,82.77999877929688,82.83999633789062,82.77999877929688,82.80000305175781,79.5985107421875,2432800
2025-06-30,82.8499984741211,82.86000061035156,82.80999755859375,82.86000061035156,79.65618133544922,5690200
2025-07-01,82.55999755859375,82.58999633789062,82.5,82.51000213623047,79.5732421875,5018100
2025-07-02,82.5199966430664,82.55000305175781,82.48999786376953,82.5,79.5635986328125,4292600
2025-07-03,82.41999816894531,82.43000030517578,82.37999725341797,82.41000366210938,79.476806640625,2781500
2025-07-07,82.41000366210938,82.41999816894531,82.37999725341797,82.38999938964844,79.45750427246094,4022000
2025-07-08,82.37999725341797,82.4000015258789,82.37000274658203,82.4000015258789,79.46715545654297,3648300
2025-07-09,82.43000030517578,82.47000122070312,82.41999816894531,82.47000122070312,79.53466796875,2002200
2025-07-10,82.47000122070312,82.47000122070312,82.43000030517578,82.47000122070312,79.53466796875,2249400
2025-07-11,82.45999908447266,82.45999908447266,82.43000030517578,82.44999694824219,79.515380859375,4146300
2025-07-14,82.45999908447266,82.48999786376953,82.44000244140625,82.45999908447266,79.52503204345703,1887300
2025-07-15,82.45999908447266,82.45999908447266,82.37000274658203,82.37999725341797,79.4478530883789,3436600
2025-07-16,82.41000366210938,82.5199966430664,82.41000366210938,82.48999786376953,79.55393981933594,4457200
2025-07-17,82.48999786376953,82.5,82.44000244140625,82.45999908447266,79.52503204345703,2819800
2025-07-18,82.55999755859375,82.56999969482422,82.52999877929688,82.52999877929688,79.59253692626953,1294500
2025-07-21,82.5999984741211,82.5999984741211,82.56999969482422,82.58000183105469,79.6407470703125,1857200
2025-07-22,82.5999984741211,82.63999938964844,82.5999984741211,82.63999938964844,79.6986083984375,8474300
2025-07-23,82.61000061035156,82.62000274658203,82.55000305175781,82.56999969482422,79.63111877441406,2500900
2025-07-24,82.51000213623047,82.54000091552734,82.5,82.5,79.5635986328125,2147100
2025-07-25,82.55000305175781,82.55999755859375,82.52999877929688,82.55000305175781,79.61182403564453,2023400
2025-07-28,82.54000091552734,82.55000305175781,82.52999877929688,82.54000091552734,79.6021728515625,2467100
2025-07-29,82.55999755859375,82.62000274658203,82.55999755859375,82.61000061035156,79.66968536376953,2079200
2025-07-30,82.56999969482422,82.63999938964844,82.5199966430664,82.5199966430664,79.58289337158203,3786200
2025-07-31,82.54000091552734,82.56999969482422,82.51000213623047,82.5199966430664,79.58289337158203,5883700
2025-08-01,82.55000305175781,82.69000244140625,82.55000305175781,82.66000366210938,79.9795913696289,6048700
2025-08-04,82.66999816894531,82.69000244140625,82.62999725341797,82.68000030517578,79.99893188476562,4535300
2025-08-05,82.6500015258789,82.69000244140625,82.62000274658203,82.6500015258789,79.96991729736328,6269300
2025-08-06,82.62999725341797,82.68000030517578,82.62999725341797,82.68000030517578,79.99893188476562,2741800
2025-08-07,82.66000366210938,82.68000030517578,82.62999725341797,82.63999938964844,79.96023559570312,2927700
2025-08-08,82.63999938964844,82.63999938964844,82.61000061035156,82.62000274658203,79.9408950805664,2621200
2025-08-11,82.61000061035156,82.63999938964844,82.61000061035156,82.62000274658203,79.9408950805664,2730500
2025-08-12,82.6500015258789,82.69000244140625,82.63999938964844,82.68000030517578,79.99893188476562,2844100
2025-08-13,82.75,82.79000091552734,82.73999786376953,82.79000091552734,80.10537719726562,3589200
2025-08-14,82.70999908447266,82.72000122070312,82.68000030517578,82.69999694824219,80.0182876586914,3934100
2025-08-15,82.72000122070312,82.73999786376953,82.66999816894531,82.66999816894531,79.98926544189453,1979400
2025-08-18,82.69999694824219,82.70999908447266,82.66000366210938,82.66999816894531,79.98926544189453,6377300
2025-08-19,82.70999908447266,82.7300033569336,82.69999694824219,82.70999908447266,80.02796936035156,7318900
2025-08-20,82.72000122070312,82.7699966430664,82.70999908447266,82.73999786376953,80.05699920654297,2613800
2025-08-21,82.72000122070312,82.7300033569336,82.6500015258789,82.66999816894531,79.98926544189453,3399800
2025-08-22,82.70999908447266,82.86000061035156,82.69999694824219,82.8499984741211,80.1634292602539,4815300
2025-08-25,82.80000305175781,82.80999755859375,82.79000091552734,82.80999755859375,80.12472534179688,5797100
2025-08-26,82.83999633789062,82.88999938964844,82.83999633789062,82.87999725341797,80.19245147705078,1673600
2025-08-27,82.88999938964844,82.94000244140625,82.87999725341797,82.94000244140625,80.2505111694336,2399500
2025-08-28,82.91000366210938,82.93000030517578,82.9000015258789,82.91000366210938,80.22148895263672,1824800
2025-08-29,82.94999694824219,83.0,82.94000244140625,82.9800033569336,80.28922271728516,2757600
2025-09-02,82.66999816894531,82.69999694824219,82.66000366210938,82.68000030517578,80.24844360351562,4372200
2025-09-03,82.68000030517578,82.76000213623047,82.66999816894531,82.73999786376953,80.30668640136719,3284400
2025-09-04,82.77999877929688,82.80000305175781,82.76000213623047,82.80000305175781,80.36492919921875,3232700
2025-09-05,82.9800033569336,83.01000213623047,82.91000366210938,82.91999816894531,80.48139190673828,5352500
2025-09-08,82.9800033569336,82.98999786376953,82.94999694824219,82.97000122070312,80.52992248535156,2281200
2025-09-09,82.97000122070312,83.0,82.9000015258789,82.9000015258789,80.46198272705078,2467600
2025-09-10,82.95999908447266,82.95999908447266,82.91000366210938,82.91000366210938,80.47169494628906,8269500
2025-09-11,82.97000122070312,83.0,82.93000030517578,82.94000244140625,80.50080108642578,4892400
2025-09-12,82.94000244140625,82.94000244140625,82.9000015258789,82.93000030517578,80.49110412597656,3057500
2025-09-15,82.9800033569336,82.9800033569336,82.95999908447266,82.95999908447266,80.52021789550781,1917300
2025-09-16,82.98999786376953,83.0199966430664,82.9800033569336,83.0,80.55904388427734,2091100
2025-09-17,83.0199966430664,83.08999633789062,82.95999908447266,82.95999908447266,80.52021789550781,4243800
2025-09-18,82.93000030517578,82.95999908447266,82.91000366210938,82.93000030517578,80.49110412597656,2847600
2025-09-19,82.95999908447266,82.9800033569336,82.94999694824219,82.95999908447266,80.52021789550781,2196900
2025-09-22,82.97000122070312,82.9800033569336,82.91999816894531,82.91999816894531,80.48139190673828,1835800
2025-09-23,82.94000244140625,82.97000122070312,82.93000030517578,82.94999694824219,80.5105209350586,2433300
2025-09-24,82.94000244140625,82.94999694824219,82.91000366210938,82.91000366210938,80.47169494628906,3073900
2025-09-25,82.86000061035156,82.87000274658203,82.83000183105469,82.83999633789062,80.40373992919922,3458200
2025-09-26,82.87000274658203,82.9000015258789,82.8499984741211,82.88999938964844,80.45226287841797,2291700
2025-09-29,82.9000015258789,82.93000030517578,82.9000015258789,82.91999816894531,80.48139190673828,3836900
2025-09-30,82.94999694824219,82.98999786376953,82.94999694824219,82.95999908447266,80.52021789550781,4044100
2025-10-01,82.80999755859375,82.81999969482422,82.7699966430664,82.80000305175781,80.61369323730469,4194100
2025-10-02,82.79000091552734,82.81999969482422,82.7699966430664,82.81999969482422,80.6331558227539,1896800
2025-10-03,82.81999969482422,82.8499984741211,82.79000091552734,82.79000091552734,80.60395812988281,2282300
2025-10-06,82.77999877929688,82.80000305175781,82.7699966430664,82.7699966430664,80.58446502685547,2637300
2025-10-07,82.79000091552734,82.83000183105469,82.77999877929688,82.80999755859375,80.62342071533203,2301800
2025-10-08,82.83999633789062,82.83999633789062,82.79000091552734,82.80000305175781,80.61369323730469,2942100
2025-10-09,82.80000305175781,82.80999755859375,82.77999877929688,82.79000091552734,80.60395812988281,2884700
2025-10-10,82.87999725341797,82.95999908447266,82.8499984741211,82.93000030517578,80.74024963378906,5552900
2025-10-13,82.94999694824219,83.08999633789062,82.93000030517578,83.08999633789062,80.89602661132812,9266400
2025-10-14,83.0,83.02999877929688,82.9800033569336,83.02999877929688,80.83760833740234,6221200
2025-10-15,83.0,83.0199966430664,82.9800033569336,82.98999786376953,80.79866790771484,3720300
2025-10-16,82.9800033569336,83.12999725341797,82.9800033569336,83.0999984741211,80.90575408935547,5563700
2025-10-17,83.0999984741211,83.12000274658203,83.06999969482422,83.08999633789062,80.89602661132812,3354600
2025-10-20,83.0999984741211,83.0999984741211,83.06999969482422,83.0999984741211,80.90575408935547,3331400
2025-10-21,83.12000274658203,83.12999725341797,83.0999984741211,83.12000274658203,80.92523956298828,4726800
2025-10-22,83.0999984741211,83.13999938964844,83.0999984741211,83.12000274658203,80.92523956298828,6952900
2025-10-23,83.0999984741211,83.11000061035156,83.05999755859375,83.05999755859375,80.86681365966797,4405500
2025-10-24,83.12000274658203,83.12999725341797,83.08999633789062,83.11000061035156,80.91549682617188,2293400
2025-10-27,83.08999633789062,83.0999984741211,83.05999755859375,83.08999633789062,80.89602661132812,6043700
2025-10-28,83.08000183105469,83.11000061035156,83.06999969482422,83.0999984741211,80.90575408935547,6114700
2025-10-29,83.11000061035156,83.11000061035156,82.93000030517578,82.94000244140625,80.7499771118164,5335000
2025-10-30,82.91999816894531,82.97000122070312,82.91000366210938,82.94999694824219,80.75972747802734,3799300
2025-10-31,82.9800033569336,82.98999786376953,82.95999908447266,82.9800033569336,80.78893280029297,3592700
2025-11-03,82.70999908447266,82.75,82.70999908447266,82.72000122070312,80.79185485839844,5418800
2025-11-04,82.76000213623047,82.77999877929688,82.75,82.75,80.8211669921875,6502000
2025-11-05,82.75,82.76000213623047,82.68000030517578,82.69000244140625,80.76255798339844,3952600
2025-11-06,82.77999877929688,82.81999969482422,82.7699966430664,82.79000091552734,80.8602294921875,3725200
2025-11-07,82.80999755859375,82.87999725341797,82.80999755859375,82.83000183105469,80.8992919921875,2942900
2025-11-10,82.81999969482422,82.83000183105469,82.80000305175781,82.80999755859375,80.8797607421875,6287900
2025-11-11,82.86000061035156,82.87999725341797,82.83999633789062,82.87999725341797,80.94812774658203,4175200
2025-11-12,82.8499984741211,82.87000274658203,82.83999633789062,82.8499984741211,80.91883087158203,2369900
2025-11-13,82.80000305175781,82.83000183105469,82.80000305175781,82.80000305175781,80.8699951171875,5328100
2025-11-14,82.87999725341797,82.88999938964844,82.80000305175781,82.83000183105469,80.8992919921875,5750000
2025-11-17,82.83000183105469,82.83000183105469,82.80999755859375,82.81999969482422,80.88951873779297,7200800
2025-11-18,82.9000015258789,82.91999816894531,82.8499984741211,82.87000274658203,80.93836975097656,3498300
2025-11-19,82.9000015258789,82.91999816894531,82.8499984741211,82.86000061035156,80.92859649658203,2679800
2025-11-20,82.9000015258789,82.95999908447266,82.88999938964844,82.93000030517578,80.99696350097656,5810700
2025-11-21,83.0199966430664,83.04000091552734,82.9800033569336,83.02999877929688,81.09461975097656,4849600
2025-11-24,83.02999877929688,83.04000091552734,83.0,83.04000091552734,81.1043930053711,5120700
2025-11-25,83.05000305175781,83.0999984741211,83.04000091552734,83.08999633789062,81.15322875976562,4276700
2025-11-26,83.06999969482422,83.08000183105469,83.04000091552734,83.08000183105469,81.14346313476562,4349400
2025-11-28,83.0999984741211,83.11000061035156,83.05999755859375,83.08000183105469,81.14346313476562,2799600
2025-12-01,82.79000091552734,82.79000091552734,82.76000213623047,82.76000213623047,81.07391357421875,3358500
2025-12-02,82.80000305175781,82.81999969482422,82.77999877929688,82.80999755859375,81.12289428710938,4653000
2025-12-03,82.87000274658203,82.87000274658203,82.83000183105469,82.86000061035156,81.171875,2121300
2025-12-04,82.83999633789062,82.83999633789062,82.80000305175781,82.80000305175781,81.11309814453125,2473900
2025-12-05,82.81999969482422,82.81999969482422,82.7699966430664,82.7699966430664,81.08370208740234,2172300
2025-12-08,82.7699966430664,82.7699966430664,82.70999908447266,82.75,81.06412506103516,3378600
2025-12-09,82.79000091552734,82.79000091552734,82.70999908447266,82.70999908447266,81.0249252319336,2709900
2025-12-10,82.72000122070312,82.8499984741211,82.70999908447266,82.8499984741211,81.16207885742188,4431300
2025-12-11,82.88999938964844,82.9000015258789,82.8499984741211,82.86000061035156,81.171875,3552400
2025-12-12,82.86000061035156,82.88999938964844,82.8499984741211,82.87000274658203,81.18167877197266,4256400
2025-12-15,82.93000030517578,82.94000244140625,82.9000015258789,82.91999816894531,81.23065185546875,5252200
2025-12-16,82.94000244140625,82.9800033569336,82.93000030517578,82.95999908447266,81.26984405517578,4004800
2025-12-17,82.94999694824219,82.9800033569336,82.94000244140625,82.97000122070312,81.27963256835938,5873900
2025-12-18,83.04000091552734,83.04000091552734,82.9800033569336,83.02999877929688,81.3384017944336,3896800
2025-12-19,82.76000213623047,82.7699966430664,82.73999786376953,82.76000213623047,81.32367706298828,4195000
2025-12-22,82.75,82.75,82.70999908447266,82.72000122070312,81.28436279296875,4489000
2025-12-23,82.66000366210938,82.69000244140625,82.6500015258789,82.68000030517578,81.24504852294922,3442900
2025-12-24,82.70999908447266,82.73999786376953,82.69999694824219,82.7300033569336,81.294189453125,2287200
2025-12-26,82.80000305175781,82.80999755859375,82.77999877929688,82.79000091552734,81.3531494140625,2034700
2025-12-29,82.83000183105469,82.8499984741211,82.81999969482422,82.83000183105469,81.3924560546875,3432000
2025-12-30,82.83000183105469,82.86000061035156,82.83000183105469,82.8499984741211,81.412109375,3641100
2025-12-31,82.83999633789062,82.87000274658203,82.81999969482422,82.81999969482422,81.38262176513672,3753000
2026-01-02,82.87000274658203,82.87000274658203,82.83999633789062,82.86000061035156,81.42193603515625,3041700
2026-01-05,82.87999725341797,82.9000015258789,82.87000274658203,82.88999938964844,81.45140838623047,3063400
2026-01-06,82.87999725341797,82.9000015258789,82.8499984741211,82.9000015258789,81.46124267578125,4368900
2026-01-07,82.91000366210938,82.93000030517578,82.87999725341797,82.88999938964844,81.45140838623047,4298000
2026-01-08,82.87000274658203,82.87999725341797,82.86000061035156,82.86000061035156,81.42193603515625,2470500
2026-01-09,82.87000274658203,82.87000274658203,82.80999755859375,82.83000183105469,81.3924560546875,3409700
2026-01-12,82.81999969482422,82.83999633789062,82.80999755859375,82.83000183105469,81.3924560546875,2243100
2026-01-13,82.86000061035156,82.87000274658203,82.83999633789062,82.8499984741211,81.412109375,4656300
2026-01-14,82.87999725341797,82.9000015258789,82.87000274658203,82.87000274658203,81.43177032470703,3022500
2026-01-15,82.86000061035156,82.86000061035156,82.80999755859375,82.80999755859375,81.372802734375,3306400
2026-01-16,82.83999633789062,82.83999633789062,82.77999877929688,82.79000091552734,81.3531494140625,4540100
2026-01-20,82.80999755859375,82.81999969482422,82.80000305175781,82.80000305175781,81.36297607421875,5763700
2026-01-21,82.83000183105469,82.83999633789062,82.80999755859375,82.83999633789062,81.40227508544922,14151400
2026-01-22,82.80999755859375,82.81999969482422,82.79000091552734,82.80999755859375,81.372802734375,4878300
2026-01-23,82.83000183105469,82.8499984741211,82.81999969482422,82.83999633789062,81.40227508544922,2506700
2026-01-26,82.87000274658203,82.87999725341797,82.8499984741211,82.87000274658203,81.43177032470703,3094300
2026-01-27,82.87000274658203,82.91000366210938,82.87000274658203,82.88999938964844,81.45140838623047,4339300
2026-01-28,82.91000366210938,82.91000366210938,82.87000274658203,82.88999938964844,81.45140838623047,4157500
2026-01-29,82.9000015258789,82.94999694824219,82.9000015258789,82.91999816894531,81.48089599609375,4135800
2026-01-30,82.97000122070312,83.01000213623047,82.95999908447266,82.98999786376953,81.54967498779297,4272800
2026-02-02,82.73999786376953,82.75,82.69000244140625,82.69999694824219,81.51023864746094,4079300
2026-02-03,82.68000030517578,82.70999908447266,82.66999816894531,82.69000244140625,81.50039672851562,4449700
2026-02-04,82.69000244140625,82.73999786376953,82.69000244140625,82.7300033569336,81.53983306884766,3945400
2026-02-05,82.81999969482422,82.87999725341797,82.79000091552734,82.86000061035156,81.66796112060547,6014000
2026-02-06,82.88999938964844,82.88999938964844,82.83000183105469,82.86000061035156,81.66796112060547,7414400
2026-02-09,82.87999725341797,82.88999938964844,82.87000274658203,82.87999725341797,81.68766784667969,6928900
2026-02-10,82.93000030517578,82.94999694824219,82.91999816894531,82.93000030517578,81.7369384765625,4736200
2026-02-11,82.8499984741211,82.88999938964844,82.83000183105469,82.8499984741211,81.65809631347656,3509800
2026-02-12,82.87999725341797,82.94999694824219,82.87000274658203,82.93000030517578,81.7369384765625,3377300
2026-02-13,83.04000091552734,83.06999969482422,83.02999877929688,83.05999755859375,81.86507415771484,3563900
2026-02-17,83.04000091552734,83.05000305175781,83.01000213623047,83.02999877929688,81.83549499511719,3293800
2026-02-18,82.9800033569336,83.0,82.9800033569336,82.9800033569336,81.7862319946289,2145500
2026-02-19,82.97000122070312,83.01000213623047,82.97000122070312,82.9800033569336,81.7862319946289,2653900
2026-02-20,83.01000213623047,83.0199966430664,82.97000122070312,82.98999786376953,81.79608917236328,3451900
2026-02-23,83.0199966430664,83.08000183105469,83.0,83.05999755859375,81.86507415771484,2809000
2026-02-24,83.05000305175781,83.06999969482422,83.02999877929688,83.05999755859375,81.86507415771484,5232700
2026-02-25,83.02999877929688,83.04000091552734,83.01000213623047,83.04000091552734,81.84536743164062,4495400
2026-02-26,83.02999877929688,83.08999633789062,83.02999877929688,83.06999969482422,81.87493133544922,7856900
2026-02-27,83.16000366210938,83.19999694824219,83.1500015258789,83.18000030517578,81.98335266113281,5655100
2026-03-02,82.87999725341797,82.88999938964844,82.79000091552734,82.80999755859375,81.83807373046875,7074100
2026-03-03,82.72000122070312,82.81999969482422,82.70999908447266,82.80000305175781,81.82820129394531,5817200
2026-03-04,82.79000091552734,82.80000305175781,82.7300033569336,82.75,81.7787857055664,5025800
2026-03-05,82.68000030517578,82.70999908447266,82.66000366210938,82.69000244140625,81.719482421875,7172700
2026-03-06,82.66999816894531,82.80999755859375,82.66999816894531,82.7300033569336,81.75902557373047,5750000
2026-03-09,82.69999694824219,82.77999877929688,82.66999816894531,82.7699966430664,81.79854583740234,4899200
2026-03-10,82.7699966430664,82.80000305175781,82.70999908447266,82.72000122070312,81.74913787841797,5106600
2026-03-11,82.68000030517578,82.69000244140625,82.63999938964844,82.63999938964844,81.6700668334961,3976900
2026-03-12,82.61000061035156,82.62999725341797,82.47000122070312,82.5,81.5317153930664,8506900
2026-03-13,82.5999984741211,82.61000061035156,82.52999877929688,82.55000305175781,81.58113098144531,7184000
2026-03-16,82.63999938964844,82.6500015258789,82.58999633789062,82.6500015258789,81.6799545288086,4785600
2026-03-17,82.6500015258789,82.68000030517578,82.6500015258789,82.66000366210938,81.6898422241211,3379600
2026-03-18,82.5999984741211,82.62999725341797,82.51000213623047,82.51000213623047,81.54159545898438,5624600
2026-03-19,82.38999938964844,82.52999877929688,82.37000274658203,82.48999786376953,81.52183532714844,12151300
2026-03-20,82.37000274658203,82.37999725341797,82.27999877929688,82.30999755859375,81.34394073486328,11512100
2026-03-23,82.36000061035156,82.48999786376953,82.33999633789062,82.43000030517578,81.46253967285156,8918100
2026-03-24,82.33000183105469,82.38999938964844,82.2699966430664,82.30999755859375,81.34394073486328,8547200
2026-03-25,82.4000015258789,82.43000030517578,82.37000274658203,82.4000015258789,81.43289184570312,5556000
2026-03-26,82.33000183105469,82.36000061035156,82.22000122070312,82.22000122070312,81.2550048828125,7405900
2026-03-27,82.27999877929688,82.38999938964844,82.27999877929688,82.38999938964844,81.42300415039062,7966400
2026-03-30,82.4800033569336,82.54000091552734,82.47000122070312,82.5,81.5317153930664,5461200
2026-03-31,82.58999633789062,82.62000274658203,82.55000305175781,82.56999969482422,81.60089111328125,10879800
2026-04-01,82.31999969482422,82.3499984741211,82.29000091552734,82.31999969482422,81.59791564941406,7671800
2026-04-02,82.33000183105469,82.38999938964844,82.31999969482422,82.36000061035156,81.6375732421875,4735100
2026-04-06,82.29000091552734,82.30999755859375,82.26000213623047,82.27999877929688,81.55827331542969,3659700
2026-04-07,82.30000305175781,82.37999725341797,82.25,82.33999633789062,81.61773681640625,3130500
2026-04-08,82.4800033569336,82.4800033569336,82.38999938964844,82.41999816894531,81.6970443725586,6026600
2026-04-09,82.41999816894531,82.4800033569336,82.38999938964844,82.44000244140625,81.71686553955078,6123400
2026-04-10,82.44999694824219,82.45999908447266,82.4000015258789,82.41000366210938,81.6871337890625,5766600
2026-04-13,82.43000030517578,82.47000122070312,82.4000015258789,82.47000122070312,81.7466049194336,2919900
2026-04-14,82.45999908447266,82.52999877929688,82.44999694824219,82.52999877929688,81.80607604980469,3521000
2026-04-15,82.5199966430664,82.5199966430664,82.4800033569336,82.51000213623047,81.7862548828125,3072800
2026-04-16,82.52999877929688,82.52999877929688,82.4800033569336,82.4800033569336,81.75652313232422,2875600
2026-04-17,82.61000061035156,82.66000366210938,82.5999984741211,82.63999938964844,81.91510772705078,4856700
2026-04-20,82.62999725341797,82.62999725341797,82.58000183105469,82.5999984741211,81.87545776367188,1800400
2026-04-21,82.55999755859375,82.55999755859375,82.4800033569336,82.4800033569336,81.75652313232422,3375600
2026-04-22,82.55000305175781,82.55000305175781,82.51000213623047,82.5199966430664,81.7961654663086,2126000
2026-04-23,82.5199966430664,82.52999877929688,82.44999694824219,82.4800033569336,81.75652313232422,3086000
2026-04-24,82.51000213623047,82.58999633789062,82.48999786376953,82.56999969482422,81.8457260131836,3271800
2026-04-27,82.55999755859375,82.58000183105469,82.54000091552734,82.55000305175781,81.8259048461914,2376200
2026-04-28,82.5199966430664,82.52999877929688,82.48999786376953,82.5,81.77633666992188,4175900
2026-04-29,82.47000122070312,82.47000122070312,82.36000061035156,82.38999938964844,81.66730499267578,4900900
2026-04-30,82.47000122070312,82.48999786376953,82.44999694824219,82.4800033569336,81.75652313232422,4183200
2026-05-01,82.23999786376953,82.30999755859375,82.22000122070312,82.25,81.76943969726562,2999400
2026-05-04,82.20999908447266,82.20999908447266,82.0999984741211,82.1500015258789,81.6700210571289,4021000
2026-05-05,82.19000244140625,82.22000122070312,82.18000030517578,82.19000244140625,81.70979309082031,3736500
2026-05-06,82.29000091552734,82.30999755859375,82.2699966430664,82.30000305175781,81.81915283203125,2842000
2026-05-07,82.36000061035156,82.36000061035156,82.22000122070312,82.2300033569336,81.74956512451172,2564800
2026-05-08,82.33000183105469,82.33000183105469,82.29000091552734,82.30000305175781,81.81915283203125,1597900
2026-05-11,82.27999877929688,82.29000091552734,82.22000122070312,82.22000122070312,81.73961639404297,1694000
2026-05-12,82.18000030517578,82.18000030517578,82.1500015258789,82.16000366210938,81.67997741699219,3292000
2026-05-13,82.18000030517578,82.19999694824219,82.13999938964844,82.19000244140625,81.70979309082031,2667200
2026-05-14,82.22000122070312,82.2300033569336,82.1500015258789,82.16000366210938,81.67997741699219,2185600
2026-05-15,82.08999633789062,82.0999984741211,82.05999755859375,82.05999755859375,81.58055114746094,3543600
2026-05-18,82.11000061035156,82.13999938964844,82.05999755859375,82.0999984741211,81.62031555175781,3801000
2026-05-19,82.04000091552734,82.06999969482422,82.0,82.04000091552734,81.5606689453125,3046900
2026-05-20,82.04000091552734,82.19000244140625,82.04000091552734,82.1500015258789,81.6700210571289,6917100
2026-05-21,82.06999969482422,82.16000366210938,82.05000305175781,82.13999938964844,81.66007995605469,5047200
2026-05-22,82.16999816894531,82.18000030517578,82.05999755859375,82.12000274658203,81.64020538330078,2721300
2026-05-26,82.19999694824219,82.20999908447266,82.16000366210938,82.20999908447266,81.72967529296875,2783500
2026-05-27,82.22000122070312,82.23999786376953,82.20999908447266,82.22000122070312,81.73961639404297,2001600
2026-05-28,82.22000122070312,82.30000305175781,82.20999908447266,82.26000213623047,81.77938842773438,2578700
2026-05-29,82.30000305175781,82.33000183105469,82.27999877929688,82.30000305175781,81.81915283203125,2520800
2026-06-01,81.9800033569336,82.0199966430664,81.94000244140625,82.01000213623047,81.77229309082031,2975600
2026-06-02,82.04000091552734,82.04000091552734,82.0,82.01000213623047,81.77229309082031,1890900
2026-06-03,81.97000122070312,81.98999786376953,81.94999694824219,81.97000122070312,81.73240661621094,3261700
2026-06-04,82.05000305175781,82.05999755859375,82.0199966430664,82.02999877929688,81.79222869873047,3010500
2026-06-05,81.91999816894531,81.93000030517578,81.86000061035156,81.86000061035156,81.62272644042969,5008100
2026-06-08,81.93000030517578,81.94999694824219,81.88999938964844,81.9000015258789,81.66260528564453,5010000
2026-06-09,81.94000244140625,81.9800033569336,81.91999816894531,81.94000244140625,81.7024917602539,3242100
2026-06-10,81.97000122070312,81.98999786376953,81.94000244140625,81.94000244140625,81.7024917602539,3446600
2026-06-11,81.95999908447266,82.0999984741211,81.94000244140625,82.08999633789062,81.85205078125,4528000
2026-06-12,82.06999969482422,82.08999633789062,82.02999877929688,82.06999969482422,81.83211517333984,3966800
2026-06-15,82.13999938964844,82.1500015258789,82.08999633789062,82.11000061035156,81.87200164794922,3625900
2026-06-16,82.0999984741211,82.1500015258789,82.08999633789062,82.12999725341797,81.89193725585938,1766800
2026-06-17,82.11000061035156,82.12999725341797,81.87999725341797,81.87999725341797,81.64266204833984,5236600
2026-06-18,81.98999786376953,82.04000091552734,81.9800033569336,81.98999786376953,81.7523422241211,3044000
2026-06-22,81.93000030517578,81.94999694824219,81.91000366210938,81.91000366210938,81.6725845336914,2502000
2026-06-23,81.97000122070312,82.0,81.97000122070312,81.97000122070312,81.73240661621094,6606500
2026-06-24,82.05000305175781,82.08999633789062,82.04000091552734,82.06999969482422,81.83211517333984,3660400
2026-06-25,82.11000061035156,82.1500015258789,82.08999633789062,82.08999633789062,81.85205078125,4011800
2026-06-26,82.16000366210938,82.20999908447266,82.16000366210938,82.19000244140625,81.95176696777344,2949000
2026-06-29,82.16999816894531,82.16999816894531,82.13999938964844,82.16999816894531,81.93182373046875,2234500
2026-06-30,82.1500015258789,82.1500015258789,82.0999984741211,82.11000061035156,81.87200164794922,3358800
2026-07-01,81.86000061035156,81.9000015258789,81.83000183105469,81.83999633789062,81.83999633789062,3433600
2026-07-02,81.93000030517578,81.97000122070312,81.91999816894531,81.94000244140625,81.94000244140625,3504900
2026-07-06,81.95999908447266,81.9800033569336,81.94000244140625,81.9800033569336,81.9800033569336,5755600
2026-07-07,81.94000244140625,81.94999694824219,81.86000061035156,81.86000061035156,81.86000061035156,3199600
2026-07-08,81.86000061035156,81.86000061035156,81.80999755859375,81.83999633789062,81.83999633789062,2179200
2026-07-09,81.88999938964844,81.94000244140625,81.87999725341797,81.91000366210938,81.91000366210938,2645800
2026-07-10,81.91000366210938,81.93000030517578,81.87999725341797,81.87999725341797,81.87999725341797,2173800
2026-07-13,81.87000274658203,81.87000274658203,81.79000091552734,81.79000091552734,81.79000091552734,2808500
2026-07-14,81.93000030517578,81.97000122070312,81.88999938964844,81.93000030517578,81.93000030517578,2766900
2026-07-15,81.97000122070312,82.02999877929688,81.97000122070312,82.0,82.0,5041100
2026-07-16,81.9800033569336,82.0,81.95999908447266,82.0,82.0,2730500
2026-07-17,82.05999755859375,82.08999633789062,81.98999786376953,81.98999786376953,81.98999786376953,4355400
2026-07-20,81.98999786376953,81.98999786376953,81.91999816894531,81.95999908447266,81.95999908447266,2909600
2026-07-21,81.91999816894531,81.93000030517578,81.87999725341797,81.88999938964844,81.88999938964844,1845000
2026-07-22,81.88999938964844,81.88999938964844,81.83000183105469,81.83000183105469,81.83000183105469,3168400
2026-07-23,81.77999877929688,81.79000091552734,81.76000213623047,81.7699966430664,81.7699966430664,3129200
2026-07-24,81.81999969482422,81.87000274658203,81.80999755859375,81.8499984741211,81.8499984741211,2982800
2026-07-27,81.86000061035156,81.88999938964844,81.8499984741211,81.87000274658203,81.87000274658203,3070800
2026-07-28,81.91000366210938,81.97000122070312,81.9000015258789,81.94000244140625,81.94000244140625,2955500
